// Generated by tools/gen_icons.py — do not edit.
#pragma once
#include <Arduino.h>

static const int ICON_SIZE = 64;
static const int ICON_BIG_SIZE = 96;

static const uint16_t ICON_PEE[4096] PROGMEM = {
  0x10A3, 0x10A3, 0x10A3, 0x10A3, 0x10A3, 0x10A3, 0x10A3, 0x10A3, 0x10A3, 0x10A3, 0x10A3, 0x10A3,
  0x10A3, 0x10A3, 0x10A3, 0x10A3, 0x10A3, 0x10A3, 0x10A3, 0x10A3, 0x10A3, 0x10A3, 0x10A3, 0x10A3,
  0x10A3, 0x10A3, 0x10A3, 0x10A3, 0x10A3, 0x10A3, 0x10A3, 0x0A4D, 0x0BB4, 0x09CA, 0x10A3, 0x10A3,
  0x10A3, 0x10A3, 0x10A3, 0x10A3, 0x10A3, 0x10A3, 0x10A3, 0x10A3, 0x10A3, 0x10A3, 0x10A3, 0x10A3,
  0x10A3, 0x10A3, 0x10A3, 0x10A3, 0x10A3, 0x10A3, 0x10A3, 0x10A3, 0x10A3, 0x10A3, 0x10A3, 0x10A3,
  0x10A3, 0x10A3, 0x10A3, 0x10A3, 0x10A3, 0x10A3, 0x10A3, 0x10A3, 0x10A3, 0x10A3, 0x10A3, 0x10A3,
  0x10A3, 0x10A3, 0x10A3, 0x10A3, 0x10A3, 0x10A3, 0x10A3, 0x10A3, 0x10A3, 0x10A3, 0x10A3, 0x10A3,
  0x10A3, 0x10A3, 0x10A3, 0x10A3, 0x10A3, 0x10A3, 0x10A3, 0x10A3, 0x10A3, 0x10A3, 0x024D, 0x567F,
  0xC7DF, 0x35BD, 0x0989, 0x10A3, 0x10A3, 0x10A3, 0x10A3, 0x10A3, 0x10A3, 0x10A3, 0x10A3, 0x10A3,
  0x10A3, 0x10A3, 0x10A3, 0x10A3, 0x10A3, 0x10A3, 0x10A3, 0x10A3, 0x10A3, 0x10A3, 0x10A3, 0x10A3,
  0x10A3, 0x10A3, 0x10A3, 0x10A3, 0x10A3, 0x10A3, 0x10A3, 0x10A3, 0x10A3, 0x10A3, 0x10A3, 0x10A3,
  0x10A3, 0x10A3, 0x10A3, 0x10A3, 0x10A3, 0x10A3, 0x10A3, 0x10A3, 0x10A3, 0x10A3, 0x10A3, 0x10A3,
  0x10A3, 0x10A3, 0x10A3, 0x10A3, 0x10A3, 0x10A3, 0x10A3, 0x10A3, 0x10A3, 0x10A3, 0x10A3, 0x10A3,
  0x10A3, 0x0926, 0x1D1C, 0xCFBF, 0xFFDF, 0xAF5F, 0x0459, 0x08C4, 0x10A3, 0x10A3, 0x10A3, 0x10A3,
  0x10A3, 0x10A3, 0x10A3, 0x10A3, 0x10A3, 0x10A3, 0x10A3, 0x10A3, 0x10A3, 0x10A3, 0x10A3, 0x10A3,
  0x10A3, 0x10A3, 0x10A3, 0x10A3, 0x10A3, 0x10A3, 0x10A3, 0x10A3, 0x10A3, 0x10A3, 0x10A3, 0x10A3,
  0x10A3, 0x10A3, 0x10A3, 0x10A3, 0x10A3, 0x10A3, 0x10A3, 0x10A3, 0x10A3, 0x10A3, 0x10A3, 0x10A3,
  0x10A3, 0x10A3, 0x10A3, 0x10A3, 0x10A3, 0x10A3, 0x10A3, 0x10A3, 0x10A3, 0x10A3, 0x10A3, 0x10A3,
  0x10A3, 0x10A3, 0x10A3, 0x10A3, 0x10A2, 0x0312, 0x5E7F, 0xEFFF, 0xDFFF, 0xE7DF, 0x35FF, 0x026E,
  0x10A3, 0x10A3, 0x10A3, 0x10A3, 0x10A3, 0x10A3, 0x10A3, 0x10A3, 0x10A3, 0x10A3, 0x10A3, 0x10A3,
  0x10A3, 0x10A3, 0x10A3, 0x10A3, 0x10A3, 0x10A3, 0x10A3, 0x10A3, 0x10A3, 0x10A3, 0x10A3, 0x10A3,
  0x10A3, 0x10A3, 0x10A3, 0x10A3, 0x10A3, 0x10A3, 0x10A3, 0x10A3, 0x10A3, 0x10A3, 0x10A3, 0x10A3,
  0x10A3, 0x10A3, 0x10A3, 0x10A3, 0x10A3, 0x10A3, 0x10A3, 0x10A3, 0x10A3, 0x10A3, 0x10A3, 0x10A3,
  0x10A3, 0x10A3, 0x10A3, 0x10A3, 0x10A3, 0x10A3, 0x10A3, 0x10A3, 0x0947, 0x04DC, 0x9EFF, 0xEFFF,
  0xD7BF, 0xEFFF, 0x769F, 0x0439, 0x08E5, 0x10A3, 0x10A3, 0x10A3, 0x10A3, 0x10A3, 0x10A3, 0x10A3,
  0x10A3, 0x10A3, 0x10A3, 0x10A3, 0x10A3, 0x10A3, 0x10A3, 0x10A3, 0x10A3, 0x10A3, 0x10A3, 0x10A3,
  0x10A3, 0x10A3, 0x10A3, 0x10A3, 0x10A3, 0x10A3, 0x10A3, 0x10A3, 0x10A3, 0x10A3, 0x10A3, 0x10A3,
  0x10A3, 0x10A3, 0x10A3, 0x10A3, 0x10A3, 0x10A3, 0x10A3, 0x10A3, 0x10A3, 0x10A3, 0x10A3, 0x10A3,
  0x10A3, 0x10A3, 0x10A3, 0x10A3, 0x10A3, 0x10A3, 0x10A3, 0x10A3, 0x10A3, 0x10A3, 0x10A3, 0x1082,
  0x0312, 0x159F, 0xCF7F, 0xDFFF, 0xD7BF, 0xEFFF, 0xAF1F, 0x055E, 0x028F, 0x10A3, 0x10A3, 0x10A3,
  0x10A3, 0x10A3, 0x10A3, 0x10A3, 0x10A3, 0x10A3, 0x10A3, 0x10A3, 0x10A3, 0x10A3, 0x10A3, 0x10A3,
  0x10A3, 0x10A3, 0x10A3, 0x10A3, 0x10A3, 0x10A3, 0x10A3, 0x10A3, 0x10A3, 0x10A3, 0x10A3, 0x10A3,
  0x10A3, 0x10A3, 0x10A3, 0x10A3, 0x10A3, 0x10A3, 0x10A3, 0x10A3, 0x10A3, 0x10A3, 0x10A3, 0x10A3,
  0x10A3, 0x10A3, 0x10A3, 0x10A3, 0x10A3, 0x10A3, 0x10A3, 0x10A3, 0x10A3, 0x10A3, 0x10A3, 0x10A3,
  0x10A3, 0x10A3, 0x10A3, 0x0967, 0x049B, 0x45FE, 0xE7DF, 0xD7DF, 0xD7BF, 0xDFFF, 0xDFBF, 0x259E,
  0x0438, 0x08E5, 0x10A3, 0x10A3, 0x10A3, 0x10A3, 0x10A3, 0x10A3, 0x10A3, 0x10A3, 0x10A3, 0x10A3,
  0x10A3, 0x10A3, 0x10A3, 0x10A3, 0x10A3, 0x10A3, 0x10A3, 0x10A3, 0x10A3, 0x10A3, 0x10A3, 0x10A3,
  0x10A3, 0x10A3, 0x10A3, 0x10A3, 0x10A3, 0x10A3, 0x10A3, 0x10A3, 0x10A3, 0x10A3, 0x10A3, 0x10A3,
  0x10A3, 0x10A3, 0x10A3, 0x10A3, 0x10A3, 0x10A3, 0x10A3, 0x10A3, 0x10A3, 0x10A3, 0x10A3, 0x10A3,
  0x10A3, 0x10A3, 0x10A3, 0x10A3, 0x10A3, 0x10A3, 0x10A2, 0x02F1, 0x051E, 0x7E7F, 0xEFFF, 0xD7DF,
  0xD7DF, 0xDFDF, 0xEFFF, 0x5E1E, 0x051D, 0x0A6E, 0x10A3, 0x10A3, 0x10A3, 0x10A3, 0x10A3, 0x10A3,
  0x10A3, 0x10A3, 0x10A3, 0x10A3, 0x10A3, 0x10A3, 0x10A3, 0x10A3, 0x10A3, 0x10A3, 0x10A3, 0x10A3,
  0x10A3, 0x10A3, 0x10A3, 0x10A3, 0x10A3, 0x10A3, 0x10A3, 0x10A3, 0x10A3, 0x10A3, 0x10A3, 0x10A3,
  0x10A3, 0x10A3, 0x10A3, 0x10A3, 0x10A3, 0x10A3, 0x10A3, 0x10A3, 0x10A3, 0x10A3, 0x10A3, 0x10A3,
  0x10A3, 0x10A3, 0x10A3, 0x10A3, 0x10A3, 0x10A3, 0x10A3, 0x10A3, 0x10A3, 0x10A3, 0x0927, 0x047A,
  0x053D, 0xAF1F, 0xE7FF, 0xD7DF, 0xD7BF, 0xD7DF, 0xEFFF, 0x96BF, 0x053D, 0x0418, 0x08E5, 0x10A3,
  0x10A3, 0x10A3, 0x10A3, 0x10A3, 0x10A3, 0x10A3, 0x10A3, 0x10A3, 0x10A3, 0x10A3, 0x10A3, 0x10A3,
  0x10A3, 0x10A3, 0x10A3, 0x10A3, 0x10A3, 0x10A3, 0x10A3, 0x10A3, 0x10A3, 0x10A3, 0x10A3, 0x10A3,
  0x10A3, 0x10A3, 0x10A3, 0x10A3, 0x10A3, 0x10A3, 0x10A3, 0x10A3, 0x10A3, 0x10A3, 0x10A3, 0x10A3,
  0x10A3, 0x10A3, 0x10A3, 0x10A3, 0x10A3, 0x10A3, 0x10A3, 0x10A3, 0x10A3, 0x10A3, 0x10A3, 0x10A3,
  0x10A3, 0x10A2, 0x02D0, 0x051D, 0x259E, 0xCF7F, 0xE7FF, 0xD7DF, 0xD7BF, 0xD7DF, 0xE7FF, 0xBF5F,
  0x155E, 0x04FC, 0x024E, 0x10A3, 0x10A3, 0x10A3, 0x10A3, 0x10A3, 0x10A3, 0x10A3, 0x10A3, 0x10A3,
  0x10A3, 0x10A3, 0x10A3, 0x10A3, 0x10A3, 0x10A3, 0x10A3, 0x10A3, 0x10A3, 0x10A3, 0x10A3, 0x10A3,
  0x10A3, 0x10A3, 0x10A3, 0x10A3, 0x10A3, 0x10A3, 0x10A3, 0x10A3, 0x10A3, 0x10A3, 0x10A3, 0x10A3,
  0x10A3, 0x10A3, 0x10A3, 0x10A3, 0x10A3, 0x10A3, 0x10A3, 0x10A3, 0x10A3, 0x10A3, 0x10A3, 0x10A3,
  0x10A3, 0x10A3, 0x10A3, 0x10A3, 0x10A3, 0x0927, 0x0459, 0x051D, 0x561F, 0xE7DF, 0xDFFF, 0xD7DF,
  0xD7BF, 0xD7DF, 0xE7FF, 0xDFBF, 0x3DBE, 0x051C, 0x03F7, 0x08E5, 0x10A3, 0x10A3, 0x10A3, 0x10A3,
  0x10A3, 0x10A3, 0x10A3, 0x10A3, 0x10A3, 0x10A3, 0x10A3, 0x10A3, 0x10A3, 0x10A3, 0x10A3, 0x10A3,
  0x10A3, 0x10A3, 0x10A3, 0x10A3, 0x10A3, 0x10A3, 0x10A3, 0x10A3, 0x10A3, 0x10A3, 0x10A3, 0x10A3,
  0x10A3, 0x10A3, 0x10A3, 0x10A3, 0x10A3, 0x10A3, 0x10A3, 0x10A3, 0x10A3, 0x10A3, 0x10A3, 0x10A3,
  0x10A3, 0x10A3, 0x10A3, 0x10A3, 0x10A3, 0x10A3, 0x10A3, 0x10A3, 0x10A2, 0x02B0, 0x04DC, 0x053D,
  0x869F, 0xEFFF, 0xDFDF, 0xD7DF, 0xD7DF, 0xD7DF, 0xDFFF, 0xEFFF, 0x6E5F, 0x051D, 0x04BC, 0x024E,
  0x10A3, 0x10A3, 0x10A3, 0x10A3, 0x10A3, 0x10A3, 0x10A3, 0x10A3, 0x10A3, 0x10A3, 0x10A3, 0x10A3,
  0x10A3, 0x10A3, 0x10A3, 0x10A3, 0x10A3, 0x10A3, 0x10A3, 0x10A3, 0x10A3, 0x10A3, 0x10A3, 0x10A3,
  0x10A3, 0x10A3, 0x10A3, 0x10A3, 0x10A3, 0x10A3, 0x10A3, 0x10A3, 0x10A3, 0x10A3, 0x10A3, 0x10A3,
  0x10A3, 0x10A3, 0x10A3, 0x10A3, 0x10A3, 0x10A3, 0x10A3, 0x10A3, 0x10A3, 0x10A3, 0x10A3, 0x10A3,
  0x0926, 0x0419, 0x04FC, 0x0D7E, 0xB71F, 0xE7FF, 0xDFDF, 0xD7DF, 0xD7DF, 0xD7DF, 0xDFFF, 0xEFFF,
  0x9EDF, 0x055E, 0x04FC, 0x03D7, 0x08E5, 0x10A3, 0x10A3, 0x10A3, 0x10A3, 0x10A3, 0x10A3, 0x10A3,
  0x10A3, 0x10A3, 0x10A3, 0x10A3, 0x10A3, 0x10A3, 0x10A3, 0x10A3, 0x10A3, 0x10A3, 0x10A3, 0x10A3,
  0x10A3, 0x10A3, 0x10A3, 0x10A3, 0x10A3, 0x10A3, 0x10A3, 0x10A3, 0x10A3, 0x10A3, 0x10A3, 0x10A3,
  0x10A3, 0x10A3, 0x10A3, 0x10A3, 0x10A3, 0x10A3, 0x10A3, 0x10A3, 0x10A3, 0x10A3, 0x10A3, 0x10A3,
  0x10A3, 0x10A3, 0x10A3, 0x10A2, 0x0290, 0x04BB, 0x051D, 0x35DF, 0xCF7F, 0xE7FF, 0xDFDF, 0xD7DF,
  0xD7BF, 0xD7DF, 0xDFFF, 0xEFFF, 0xC75F, 0x259E, 0x04FC, 0x049B, 0x024E, 0x10A3, 0x10A3, 0x10A3,
  0x10A3, 0x10A3, 0x10A3, 0x10A3, 0x10A3, 0x10A3, 0x10A3, 0x10A3, 0x10A3, 0x10A3, 0x10A3, 0x10A3,
  0x10A3, 0x10A3, 0x10A3, 0x10A3, 0x10A3, 0x10A3, 0x10A3, 0x10A3, 0x10A3, 0x10A3, 0x10A3, 0x10A3,
  0x10A3, 0x10A3, 0x10A3, 0x10A3, 0x10A3, 0x10A3, 0x10A3, 0x10A3, 0x10A3, 0x10A3, 0x10A3, 0x10A3,
  0x10A3, 0x10A3, 0x10A3, 0x10A3, 0x10A3, 0x10A3, 0x10A3, 0x0926, 0x0418, 0x04FC, 0x053D, 0x663F,
  0xE7BF, 0xDFFF, 0xDFDF, 0xD7DF, 0xD7DF, 0xD7DF, 0xDFDF, 0xE7FF, 0xDFBF, 0x4E1F, 0x053D, 0x04DB,
  0x03D7, 0x08E5, 0x10A3, 0x10A3, 0x10A3, 0x10A3, 0x10A3, 0x10A3, 0x10A3, 0x10A3, 0x10A3, 0x10A3,
  0x10A3, 0x10A3, 0x10A3, 0x10A3, 0x10A3, 0x10A3, 0x10A3, 0x10A3, 0x10A3, 0x10A3, 0x10A3, 0x10A3,
  0x10A3, 0x10A3, 0x10A3, 0x10A3, 0x10A3, 0x10A3, 0x10A3, 0x10A3, 0x10A3, 0x10A3, 0x10A3, 0x10A3,
  0x10A3, 0x10A3, 0x10A3, 0x10A3, 0x10A3, 0x10A3, 0x10A3, 0x10A3, 0x10A3, 0x10A3, 0x10A3, 0x0290,
  0x049B, 0x051C, 0x055E, 0x96BF, 0xE7FF, 0xDFFF, 0xDFDF, 0xD7BF, 0xD7DF, 0xD7DF, 0xDFDF, 0xDFFF,
  0xE7DF, 0x867F, 0x055E, 0x04FC, 0x049B, 0x024F, 0x10A3, 0x10A3, 0x10A3, 0x10A3, 0x10A3, 0x10A3,
  0x10A3, 0x10A3, 0x10A3, 0x10A3, 0x10A3, 0x10A3, 0x10A3, 0x10A3, 0x10A3, 0x10A3, 0x10A3, 0x10A3,
  0x10A3, 0x10A3, 0x10A3, 0x10A3, 0x10A3, 0x10A3, 0x10A3, 0x10A3, 0x10A3, 0x10A3, 0x10A3, 0x10A3,
  0x10A3, 0x10A3, 0x10A3, 0x10A3, 0x10A3, 0x10A3, 0x10A3, 0x10A3, 0x10A3, 0x10A3, 0x10A3, 0x10A3,
  0x10A3, 0x10A3, 0x0906, 0x03D8, 0x04BB, 0x053D, 0x1D9F, 0xBF3F, 0xE7DF, 0xDFFF, 0xD7DF, 0xD7DF,
  0xD7BF, 0xD7BF, 0xDFDF, 0xDFFF, 0xE7FF, 0xB71F, 0x157E, 0x053D, 0x04BB, 0x03D7, 0x0906, 0x10A3,
  0x10A3, 0x10A3, 0x10A3, 0x10A3, 0x10A3, 0x10A3, 0x10A3, 0x10A3, 0x10A3, 0x10A3, 0x10A3, 0x10A3,
  0x10A3, 0x10A3, 0x10A3, 0x10A3, 0x10A3, 0x10A3, 0x10A3, 0x10A3, 0x10A3, 0x10A3, 0x10A3, 0x10A3,
  0x10A3, 0x10A3, 0x10A3, 0x10A3, 0x10A3, 0x10A3, 0x10A3, 0x10A3, 0x10A3, 0x10A3, 0x10A3, 0x10A3,
  0x10A3, 0x10A3, 0x10A3, 0x10A3, 0x10A3, 0x10A2, 0x0290, 0x047B, 0x04FC, 0x055E, 0x4DFF, 0xD77F,
  0xDFFF, 0xDFDF, 0xD7FF, 0xD7DF, 0xD7BF, 0xD7DF, 0xDFDF, 0xDFFF, 0xE7FF, 0xD77F, 0x3DDF, 0x055D,
  0x04FC, 0x047A, 0x026F, 0x10A3, 0x10A3, 0x10A3, 0x10A3, 0x10A3, 0x10A3, 0x10A3, 0x10A3, 0x10A3,
  0x10A3, 0x10A3, 0x10A3, 0x10A3, 0x10A3, 0x10A3, 0x10A3, 0x10A3, 0x10A3, 0x10A3, 0x10A3, 0x10A3,
  0x10A3, 0x10A3, 0x10A3, 0x10A3, 0x10A3, 0x10A3, 0x10A3, 0x10A3, 0x10A3, 0x10A3, 0x10A3, 0x10A3,
  0x10A3, 0x10A3, 0x10A3, 0x10A3, 0x10A3, 0x10A3, 0x10A3, 0x10A3, 0x10A3, 0x0926, 0x03D8, 0x04BB,
  0x053D, 0x055E, 0x7E7F, 0xDFBF, 0xDFFF, 0xDFDF, 0xD7DF, 0xD7DF, 0xD7DF, 0xD7DF, 0xD7DF, 0xDFFF,
  0xE7FF, 0xDFBF, 0x6E5F, 0x055E, 0x053D, 0x04BB, 0x03D7, 0x0906, 0x10A3, 0x10A3, 0x10A3, 0x10A3,
  0x10A3, 0x10A3, 0x10A3, 0x10A3, 0x10A3, 0x10A3, 0x10A3, 0x10A3, 0x10A3, 0x10A3, 0x10A3, 0x10A3,
  0x10A3, 0x10A3, 0x10A3, 0x10A3, 0x10A3, 0x10A3, 0x10A3, 0x10A3, 0x10A3, 0x10A3, 0x10A3, 0x10A3,
  0x10A3, 0x10A3, 0x10A3, 0x10A3, 0x10A3, 0x10A3, 0x10A3, 0x10A3, 0x10A3, 0x10A3, 0x10A3, 0x10A3,
  0x1082, 0x0290, 0x047A, 0x04DC, 0x053D, 0x159F, 0xA6FF, 0xDFDF, 0xDFFF, 0xDFDF, 0xD7DF, 0xD7BF,
  0xD7DF, 0xD7DF, 0xD7DF, 0xDFFF, 0xE7FF, 0xE7FF, 0x9EDF, 0x0D7E, 0x055D, 0x04DB, 0x045A, 0x026F,
  0x1082, 0x10A3, 0x10A3, 0x10A3, 0x10A3, 0x10A3, 0x10A3, 0x10A3, 0x10A3, 0x10A3, 0x10A3, 0x10A3,
  0x10A3, 0x10A3, 0x10A3, 0x10A3, 0x10A3, 0x10A3, 0x10A3, 0x10A3, 0x10A3, 0x10A3, 0x10A3, 0x10A3,
  0x10A3, 0x10A3, 0x10A3, 0x10A3, 0x10A3, 0x10A3, 0x10A3, 0x10A3, 0x10A3, 0x10A3, 0x10A3, 0x10A3,
  0x10A3, 0x10A3, 0x10A3, 0x10A3, 0x0926, 0x03D7, 0x04BB, 0x051C, 0x055D, 0x3DDF, 0xC75F, 0xDFDF,
  0xDFDF, 0xD7DF, 0xD7DF, 0xD7DF, 0xD7DF, 0xD7DF, 0xD7DF, 0xDFDF, 0xE7FF, 0xE7FF, 0xC73F, 0x35BF,
  0x055E, 0x051C, 0x049A, 0x03D7, 0x0926, 0x10A3, 0x10A3, 0x10A3, 0x10A3, 0x10A3, 0x10A3, 0x10A3,
  0x10A3, 0x10A3, 0x10A3, 0x10A3, 0x10A3, 0x10A3, 0x10A3, 0x10A3, 0x10A3, 0x10A3, 0x10A3, 0x10A3,
  0x10A3, 0x10A3, 0x10A3, 0x10A3, 0x10A3, 0x10A3, 0x10A3, 0x10A3, 0x10A3, 0x10A3, 0x10A3, 0x10A3,
  0x10A3, 0x10A3, 0x10A3, 0x10A3, 0x10A3, 0x10A3, 0x10A3, 0x10A3, 0x0270, 0x045A, 0x04DB, 0x053D,
  0x057E, 0x6E3F, 0xD79F, 0xDFDF, 0xDFFF, 0xD7DF, 0xD7DF, 0xD7DF, 0xD7DF, 0xD7BF, 0xD7DF, 0xDFDF,
  0xDFDF, 0xE7FF, 0xD79F, 0x661F, 0x055E, 0x053D, 0x04BB, 0x045A, 0x0290, 0x0882, 0x10A3, 0x10A3,
  0x10A3, 0x10A3, 0x10A3, 0x10A3, 0x10A3, 0x10A3, 0x10A3, 0x10A3, 0x10A3, 0x10A3, 0x10A3, 0x10A3,
  0x10A3, 0x10A3, 0x10A3, 0x10A3, 0x10A3, 0x10A3, 0x10A3, 0x10A3, 0x10A3, 0x10A3, 0x10A3, 0x10A3,
  0x10A3, 0x10A3, 0x10A3, 0x10A3, 0x10A3, 0x10A3, 0x10A3, 0x10A3, 0x10A3, 0x10A3, 0x10A3, 0x0926,
  0x03D7, 0x049A, 0x04FC, 0x055D, 0x0D9F, 0x96BF, 0xDFDF, 0xDFFF, 0xDFFF, 0xD7DF, 0xD7DF, 0xD7BF,
  0xCFDF, 0xD7BF, 0xD7DF, 0xDFDF, 0xDFFF, 0xE7FF, 0xDFDF, 0x969F, 0x0D7E, 0x055D, 0x04FC, 0x049A,
  0x03D8, 0x0927, 0x10A3, 0x10A3, 0x10A3, 0x10A3, 0x10A3, 0x10A3, 0x10A3, 0x10A3, 0x10A3, 0x10A3,
  0x10A3, 0x10A3, 0x10A3, 0x10A3, 0x10A3, 0x10A3, 0x10A3, 0x10A3, 0x10A3, 0x10A3, 0x10A3, 0x10A3,
  0x10A3, 0x10A3, 0x10A3, 0x10A3, 0x10A3, 0x10A3, 0x10A3, 0x10A3, 0x10A3, 0x10A3, 0x10A3, 0x10A3,
  0x10A3, 0x10A3, 0x10A3, 0x026F, 0x045A, 0x04BB, 0x053D, 0x055E, 0x35BF, 0xBF3F, 0xDFDF, 0xDFFF,
  0xDFDF, 0xD7DF, 0xD7DF, 0xD7BF, 0xCFDF, 0xCFBF, 0xD7BF, 0xD7DF, 0xDFFF, 0xE7FF, 0xE7DF, 0xBF1F,
  0x2DBF, 0x055E, 0x051D, 0x04BB, 0x045A, 0x0290, 0x0882, 0x10A3, 0x10A3, 0x10A3, 0x10A3, 0x10A3,
  0x10A3, 0x10A3, 0x10A3, 0x10A3, 0x10A3, 0x10A3, 0x10A3, 0x10A3, 0x10A3, 0x10A3, 0x10A3, 0x10A3,
  0x10A3, 0x10A3, 0x10A3, 0x10A3, 0x10A3, 0x10A3, 0x10A3, 0x10A3, 0x10A3, 0x10A3, 0x10A3, 0x10A3,
  0x10A3, 0x10A3, 0x10A3, 0x10A3, 0x10A3, 0x10A3, 0x0906, 0x03B7, 0x047A, 0x04FC, 0x055D, 0x057E,
  0x663F, 0xCF7F, 0xDFDF, 0xDFDF, 0xD7FF, 0xD7DF, 0xCFDF, 0xCFDF, 0xCFDF, 0xCFDF, 0xD7DF, 0xD7DF,
  0xDFFF, 0xDFFF, 0xE7FF, 0xD79F, 0x5E1F, 0x057E, 0x053D, 0x04FC, 0x047A, 0x03D7, 0x0927, 0x10A3,
  0x10A3, 0x10A3, 0x10A3, 0x10A3, 0x10A3, 0x10A3, 0x10A3, 0x10A3, 0x10A3, 0x10A3, 0x10A3, 0x10A3,
  0x10A3, 0x10A3, 0x10A3, 0x10A3, 0x10A3, 0x10A3, 0x10A3, 0x10A3, 0x10A3, 0x10A3, 0x10A3, 0x10A3,
  0x10A3, 0x10A3, 0x10A3, 0x10A3, 0x10A3, 0x10A3, 0x10A3, 0x10A3, 0x10A3, 0x10A3, 0x026F, 0x045A,
  0x04BB, 0x051C, 0x057E, 0x0D9F, 0x96BF, 0xD7BF, 0xDFFF, 0xDFFF, 0xD7FF, 0xD7FF, 0xCFFF, 0xCFFF,
  0xCFFF, 0xCFFF, 0xCFFF, 0xD7FF, 0xD7FF, 0xDFFF, 0xE7FF, 0xDFBF, 0x969F, 0x0D7F, 0x055E, 0x051D,
  0x04BB, 0x043A, 0x0290, 0x0882, 0x10A3, 0x10A3, 0x10A3, 0x10A3, 0x10A3, 0x10A3, 0x10A3, 0x10A3,
  0x10A3, 0x10A3, 0x10A3, 0x10A3, 0x10A3, 0x10A3, 0x10A3, 0x10A3, 0x10A3, 0x10A3, 0x10A3, 0x10A3,
  0x10A3, 0x10A3, 0x10A3, 0x10A3, 0x10A3, 0x10A3, 0x10A3, 0x10A3, 0x10A3, 0x10A3, 0x10A3, 0x10A3,
  0x10A3, 0x0905, 0x03B7, 0x047A, 0x04DC, 0x053D, 0x057E, 0x35DF, 0xB73F, 0xDFDF, 0xDFFF, 0xD7FF,
  0xD7FF, 0xCFFF, 0xCFFF, 0xCFFF, 0xCFFF, 0xCFFF, 0xCFFF, 0xCFDF, 0xD7FF, 0xDFFF, 0xDFFF, 0xDFDF,
  0xBF3F, 0x35BF, 0x057E, 0x053D, 0x04DC, 0x047A, 0x03B7, 0x0926, 0x10A3, 0x10A3, 0x10A3, 0x10A3,
  0x10A3, 0x10A3, 0x10A3, 0x10A3, 0x10A3, 0x10A3, 0x10A3, 0x10A3, 0x10A3, 0x10A3, 0x10A3, 0x10A3,
  0x10A3, 0x10A3, 0x10A3, 0x10A3, 0x10A3, 0x10A3, 0x10A3, 0x10A3, 0x10A3, 0x10A3, 0x10A3, 0x10A3,
  0x10A3, 0x10A3, 0x10A3, 0x10A3, 0x10A3, 0x022D, 0x043A, 0x049A, 0x04FC, 0x055E, 0x057F, 0x6E5F,
  0xCF9F, 0xDFFF, 0xDFFF, 0xD7FF, 0xD7FF, 0xCFFF, 0xCFFF, 0xCFFF, 0xCFFF, 0xCFFF, 0xCFFF, 0xCFFF,
  0xCFFF, 0xD7DF, 0xDFFF, 0xDFFF, 0xD79F, 0x6E3F, 0x057E, 0x055D, 0x04FC, 0x049A, 0x043A, 0x024F,
  0x10A3, 0x10A3, 0x10A3, 0x10A3, 0x10A3, 0x10A3, 0x10A3, 0x10A3, 0x10A3, 0x10A3, 0x10A3, 0x10A3,
  0x10A3, 0x10A3, 0x10A3, 0x10A3, 0x10A3, 0x10A3, 0x10A3, 0x10A3, 0x10A3, 0x10A3, 0x10A3, 0x10A3,
  0x10A3, 0x10A3, 0x10A3, 0x10A3, 0x10A3, 0x10A3, 0x10A3, 0x10A3, 0x08C4, 0x0375, 0x045A, 0x04DB,
  0x051D, 0x055E, 0x1DBF, 0x9EDF, 0xD7DF, 0xDFFF, 0xD7FF, 0xCFFF, 0xCFFF, 0xCFFF, 0xCFFF, 0xC7FF,
  0xC7FF, 0xC7FF, 0xC7FF, 0xCFDF, 0xCFDF, 0xD7DF, 0xD7DF, 0xDFDF, 0xDFDF, 0xA6DF, 0x159F, 0x055E,
  0x051D, 0x04DB, 0x045A, 0x0376, 0x08E5, 0x10A3, 0x10A3, 0x10A3, 0x10A3, 0x10A3, 0x10A3, 0x10A3,
  0x10A3, 0x10A3, 0x10A3, 0x10A3, 0x10A3, 0x10A3, 0x10A3, 0x10A3, 0x10A3, 0x10A3, 0x10A3, 0x10A3,
  0x10A3, 0x10A3, 0x10A3, 0x10A3, 0x10A3, 0x10A3, 0x10A3, 0x10A3, 0x10A3, 0x10A3, 0x10A3, 0x10A3,
  0x01CA, 0x0419, 0x047A, 0x04FC, 0x053D, 0x057F, 0x4DFF, 0xBF5F, 0xD7FF, 0xD7FF, 0xD7FF, 0xCFFF,
  0xCFFF, 0xC7FF, 0xC7FF, 0xC7FF, 0xC7FF, 0xC7FF, 0xC7DF, 0xC7DF, 0xC7DF, 0xCFDF, 0xD7DF, 0xDFDF,
  0xDFDF, 0xC75F, 0x45FF, 0x055E, 0x053D, 0x04FC, 0x049A, 0x0439, 0x020C, 0x10A3, 0x10A3, 0x10A3,
  0x10A3, 0x10A3, 0x10A3, 0x10A3, 0x10A3, 0x10A3, 0x10A3, 0x10A3, 0x10A3, 0x10A3, 0x10A3, 0x10A3,
  0x10A3, 0x10A3, 0x10A3, 0x10A3, 0x10A3, 0x10A3, 0x10A3, 0x10A3, 0x10A3, 0x10A3, 0x10A3, 0x10A3,
  0x10A3, 0x10A3, 0x10A3, 0x08A3, 0x02F2, 0x045A, 0x049B, 0x051C, 0x055E, 0x0D9F, 0x7E7F, 0xCF9F,
  0xD7FF, 0xD7FF, 0xCFFF, 0xC7FF, 0xC7FF, 0xC7FF, 0xC7FF, 0xBFFF, 0xBFFF, 0xBFFF, 0xBFDF, 0xC7BF,
  0xC7BF, 0xC7BF, 0xCFBF, 0xD7DF, 0xD7DF, 0xD79F, 0x7E5F, 0x055E, 0x053D, 0x051C, 0x04BB, 0x045A,
  0x0313, 0x08A3, 0x10A3, 0x10A3, 0x10A3, 0x10A3, 0x10A3, 0x10A3, 0x10A3, 0x10A3, 0x10A3, 0x10A3,
  0x10A3, 0x10A3, 0x10A3, 0x10A3, 0x10A3, 0x10A3, 0x10A3, 0x10A3, 0x10A3, 0x10A3, 0x10A3, 0x10A3,
  0x10A3, 0x10A3, 0x10A3, 0x10A3, 0x10A3, 0x10A3, 0x10A3, 0x0926, 0x03B7, 0x045A, 0x04DC, 0x053D,
  0x055E, 0x25BF, 0xA6FF, 0xD7BF, 0xD7FF, 0xCFFF, 0xC7DF, 0xC7FF, 0xBFFF, 0xBFDF, 0xBFFF, 0xBFFF,
  0xBFDF, 0xBFDF, 0xBFDF, 0xBFBF, 0xBFBF, 0xC7BF, 0xC7BF, 0xCF9F, 0xD7BF, 0xD7BF, 0xAEFF, 0x259F,
  0x055E, 0x051D, 0x04BB, 0x045A, 0x03D8, 0x0968, 0x10A3, 0x10A3, 0x10A3, 0x10A3, 0x10A3, 0x10A3,
  0x10A3, 0x10A3, 0x10A3, 0x10A3, 0x10A3, 0x10A3, 0x10A3, 0x10A3, 0x10A3, 0x10A3, 0x10A3, 0x10A3,
  0x10A3, 0x10A3, 0x10A3, 0x10A3, 0x10A3, 0x10A3, 0x10A3, 0x10A3, 0x10A3, 0x10A3, 0x10A3, 0x020C,
  0x0419, 0x047A, 0x04FC, 0x053D, 0x057F, 0x4E1F, 0xBF5F, 0xCFDF, 0xCFDF, 0xC7DF, 0xBFDF, 0xBFFF,
  0xBFDF, 0xBFDF, 0xBFFF, 0xB7DF, 0xB7DF, 0xB7DF, 0xB7BF, 0xBFBF, 0xBF9F, 0xBF9F, 0xBF9F, 0xC77F,
  0xCF9F, 0xD79F, 0xCF5F, 0x4DDF, 0x055E, 0x053D, 0x04FC, 0x047A, 0x0439, 0x024E, 0x10A3, 0x10A3,
  0x10A3, 0x10A3, 0x10A3, 0x10A3, 0x10A3, 0x10A3, 0x10A3, 0x10A3, 0x10A3, 0x10A3, 0x10A3, 0x10A3,
  0x10A3, 0x10A3, 0x10A3, 0x10A3, 0x10A3, 0x10A3, 0x10A3, 0x10A3, 0x10A3, 0x10A3, 0x10A3, 0x10A3,
  0x10A3, 0x10A3, 0x08A3, 0x02F2, 0x043A, 0x049A, 0x04FC, 0x055E, 0x0D7F, 0x765F, 0xC77F, 0xC7BF,
  0xC7BF, 0xBFBF, 0xBFBF, 0xBFDF, 0xB7DF, 0xB7DF, 0xB7DF, 0xB7DF, 0xB7BF, 0xB7BF, 0xB79F, 0xB79F,
  0xB79F, 0xB77F, 0xBF7F, 0xBF7F, 0xC77F, 0xCF7F, 0xD77F, 0x7E5F, 0x055E, 0x053D, 0x04FC, 0x049B,
  0x045A, 0x0334, 0x08A3, 0x10A3, 0x10A3, 0x10A3, 0x10A3, 0x10A3, 0x10A3, 0x10A3, 0x10A3, 0x10A3,
  0x10A3, 0x10A3, 0x10A3, 0x10A3, 0x10A3, 0x10A3, 0x10A3, 0x10A3, 0x10A3, 0x10A3, 0x10A3, 0x10A3,
  0x10A3, 0x10A3, 0x10A3, 0x10A3, 0x10A3, 0x10A3, 0x08E5, 0x0396, 0x045A, 0x04BB, 0x051C, 0x0D5E,
  0x1D9F, 0x96BF, 0xC79F, 0xC79F, 0xBFBF, 0xBFBF, 0xB7BF, 0xB7BF, 0xB7DF, 0xAFBF, 0xAFBF, 0xAFBF,
  0xAFBF, 0xAFBF, 0xAF9F, 0xAF9F, 0xAF7F, 0xB77F, 0xB75F, 0xB77F, 0xBF5F, 0xC75F, 0xCF7F, 0x9EBF,
  0x0D5E, 0x053D, 0x04FC, 0x04BB, 0x045A, 0x03D7, 0x0927, 0x10A3, 0x10A3, 0x10A3, 0x10A3, 0x10A3,
  0x10A3, 0x10A3, 0x10A3, 0x10A3, 0x10A3, 0x10A3, 0x10A3, 0x10A3, 0x10A3, 0x10A3, 0x10A3, 0x10A3,
  0x10A3, 0x10A3, 0x10A3, 0x10A3, 0x10A3, 0x10A3, 0x10A3, 0x10A3, 0x10A3, 0x10A3, 0x0989, 0x03F8,
  0x045A, 0x04DB, 0x051D, 0x0D5E, 0x25BF, 0xA6FF, 0xBF7F, 0xBF7F, 0xB79F, 0xB79F, 0xB7BF, 0xAFBF,
  0xAFBF, 0xAFBF, 0xAFBF, 0xAFBF, 0xAFBF, 0xAF9F, 0xAF7F, 0xAF7F, 0xAF7F, 0xAF5F, 0xAF5F, 0xB75F,
  0xB73F, 0xBF3F, 0xC75F, 0xB6FF, 0x1D7E, 0x053D, 0x051D, 0x04BB, 0x045A, 0x0419, 0x01CB, 0x10A3,
  0x10A3, 0x10A3, 0x10A3, 0x10A3, 0x10A3, 0x10A3, 0x10A3, 0x10A3, 0x10A3, 0x10A3, 0x10A3, 0x10A3,
  0x10A3, 0x10A3, 0x10A3, 0x10A3, 0x10A3, 0x10A3, 0x10A3, 0x10A3, 0x10A3, 0x10A3, 0x10A3, 0x10A3,
  0x10A3, 0x10A3, 0x022D, 0x0439, 0x047A, 0x04DC, 0x0D1D, 0x0D5F, 0x35DF, 0xA6FF, 0xB75F, 0xB77F,
  0xB77F, 0xAF9F, 0xAF9F, 0xAF9F, 0xA7BF, 0xA79F, 0xA79F, 0xA79F, 0xA79F, 0xA79F, 0xA77F, 0xA75F,
  0xA75F, 0xA75F, 0xAF3F, 0xAF3F, 0xAF3F, 0xB71F, 0xBF3F, 0xBEFF, 0x2D9F, 0x053D, 0x051D, 0x04DC,
  0x047A, 0x0439, 0x026F, 0x10A3, 0x10A3, 0x10A3, 0x10A3, 0x10A3, 0x10A3, 0x10A3, 0x10A3, 0x10A3,
  0x10A3, 0x10A3, 0x10A3, 0x10A3, 0x10A3, 0x10A3, 0x10A3, 0x10A3, 0x10A3, 0x10A3, 0x10A3, 0x10A3,
  0x10A3, 0x10A3, 0x10A3, 0x10A3, 0x10A3, 0x0882, 0x02B1, 0x043A, 0x047A, 0x04DC, 0x0D3D, 0x0D7F,
  0x35DF, 0xA6FF, 0xAF3F, 0xAF5F, 0xAF7F, 0xAF7F, 0xA79F, 0xA79F, 0xA79F, 0xA79F, 0xA79F, 0xA79F,
  0xA79F, 0xA77F, 0xA77F, 0xA75F, 0xA73F, 0xA73F, 0xA71F, 0xA71F, 0xA71F, 0xAF1F, 0xAEFF, 0xB6FF,
  0x2D9F, 0x053D, 0x051D, 0x04DC, 0x047A, 0x0439, 0x02F2, 0x08A3, 0x10A3, 0x10A3, 0x10A3, 0x10A3,
  0x10A3, 0x10A3, 0x10A3, 0x10A3, 0x10A3, 0x10A3, 0x10A3, 0x10A3, 0x10A3, 0x10A3, 0x10A3, 0x10A3,
  0x10A3, 0x10A3, 0x10A3, 0x10A3, 0x10A3, 0x10A3, 0x10A3, 0x10A3, 0x10A3, 0x08A3, 0x0313, 0x045A,
  0x049A, 0x04FC, 0x0D3E, 0x157F, 0x35DF, 0x96BF, 0xA71F, 0xA75F, 0xA75F, 0xA77F, 0xA77F, 0xA79F,
  0xA79F, 0x9F9F, 0x9F9F, 0x9F7F, 0x9F7F, 0x9F7F, 0x9F5F, 0x9F5F, 0x9F3F, 0x9F1F, 0x9F1F, 0x9EFF,
  0xA6FF, 0xA6FF, 0xA6DF, 0xAEDF, 0x2D9F, 0x053D, 0x051D, 0x04DC, 0x049A, 0x0459, 0x0375, 0x08E5,
  0x10A3, 0x10A3, 0x10A3, 0x10A3, 0x10A3, 0x10A3, 0x10A3, 0x10A3, 0x10A3, 0x10A3, 0x10A3, 0x10A3,
  0x10A3, 0x10A3, 0x10A3, 0x10A3, 0x10A3, 0x10A3, 0x10A3, 0x10A3, 0x10A3, 0x10A3, 0x10A3, 0x10A3,
  0x10A3, 0x08E5, 0x0375, 0x045A, 0x049B, 0x04FC, 0x0D3E, 0x157F, 0x2DBF, 0x7E7F, 0x9EFF, 0x9F3F,
  0x9F5F, 0x9F5F, 0x9F7F, 0x9F7F, 0x9F7F, 0x9F7F, 0x9F9F, 0x9F7F, 0x9F7F, 0x9F5F, 0x9F5F, 0x973F,
  0x973F, 0x971F, 0x96FF, 0x9EFF, 0x9EDF, 0x9EDF, 0x969F, 0x967F, 0x257F, 0x053D, 0x051D, 0x04FC,
  0x049B, 0x0459, 0x03D7, 0x0947, 0x10A3, 0x10A3, 0x10A3, 0x10A3, 0x10A3, 0x10A3, 0x10A3, 0x10A3,
  0x10A3, 0x10A3, 0x10A3, 0x10A3, 0x10A3, 0x10A3, 0x10A3, 0x10A3, 0x10A3, 0x10A3, 0x10A3, 0x10A3,
  0x10A3, 0x10A3, 0x10A3, 0x10A3, 0x10A3, 0x0927, 0x0BD7, 0x045A, 0x04BB, 0x04FC, 0x0D3E, 0x157F,
  0x25BF, 0x665F, 0x8EDF, 0x96FF, 0x973F, 0x975F, 0x975F, 0x975F, 0x977F, 0x977F, 0x977F, 0x977F,
  0x975F, 0x975F, 0x973F, 0x973F, 0x971F, 0x96FF, 0x8EFF, 0x96DF, 0x8EBF, 0x8E9F, 0x8E7F, 0x763F,
  0x157E, 0x053D, 0x051D, 0x04FC, 0x04BB, 0x047A, 0x0C18, 0x0989, 0x10A3, 0x10A3, 0x10A3, 0x10A3,
  0x10A3, 0x10A3, 0x10A3, 0x10A3, 0x10A3, 0x10A3, 0x10A3, 0x10A3, 0x10A3, 0x10A3, 0x10A3, 0x10A3,
  0x10A3, 0x10A3, 0x10A3, 0x10A3, 0x10A3, 0x10A3, 0x10A3, 0x10A3, 0x10A3, 0x0988, 0x0C18, 0x0C7A,
  0x04BB, 0x051D, 0x0D3E, 0x1D7F, 0x1DBF, 0x4E1F, 0x7E9F, 0x86DF, 0x8EFF, 0x8F1F, 0x8F3F, 0x8F5F,
  0x8F5F, 0x8F5F, 0x8F5F, 0x8F5F, 0x8F3F, 0x8F3F, 0x8F1F, 0x8F1F, 0x8EFF, 0x86DF, 0x86DF, 0x86BF,
  0x869F, 0x7E5F, 0x763F, 0x4DDF, 0x0D5E, 0x053D, 0x051D, 0x04FC, 0x04DB, 0x0C7A, 0x0C39, 0x0A0B,
  0x10A3, 0x10A3, 0x10A3, 0x10A3, 0x10A3, 0x10A3, 0x10A3, 0x10A3, 0x10A3, 0x10A3, 0x10A3, 0x10A3,
  0x10A3, 0x10A3, 0x10A3, 0x10A3, 0x10A3, 0x10A3, 0x10A3, 0x10A3, 0x10A3, 0x10A3, 0x10A3, 0x10A3,
  0x10A3, 0x09AA, 0x145A, 0x0C9B, 0x0CDC, 0x0D1D, 0x0D3E, 0x1D7F, 0x1DBF, 0x35FF, 0x667F, 0x769F,
  0x76DF, 0x7EFF, 0x7F1F, 0x873F, 0x873F, 0x873F, 0x873F, 0x871F, 0x871F, 0x7F1F, 0x7EFF, 0x7EFF,
  0x7EDF, 0x7EBF, 0x7E9F, 0x767F, 0x765F, 0x6E3F, 0x5DFF, 0x2D9F, 0x055E, 0x053D, 0x051D, 0x04FC,
  0x0CDC, 0x0C9B, 0x149A, 0x0A6E, 0x10A3, 0x10A3, 0x10A3, 0x10A3, 0x10A3, 0x10A3, 0x10A3, 0x10A3,
  0x10A3, 0x10A3, 0x10A3, 0x10A3, 0x10A3, 0x10A3, 0x10A3, 0x10A3, 0x10A3, 0x10A3, 0x10A3, 0x10A3,
  0x10A3, 0x10A3, 0x10A3, 0x10A3, 0x10A3, 0x11EA, 0x1CBB, 0x14DB, 0x0CFC, 0x0D1D, 0x153E, 0x1D7F,
  0x1DBF, 0x2DDF, 0x463F, 0x567F, 0x669F, 0x6EBF, 0x6EDF, 0x76FF, 0x76FF, 0x771F, 0x76FF, 0x76FF,
  0x76FF, 0x76FF, 0x76DF, 0x6EBF, 0x6E9F, 0x6E7F, 0x667F, 0x663F, 0x5E1F, 0x4DFF, 0x35BF, 0x157F,
  0x055E, 0x053D, 0x051D, 0x0D1D, 0x0CFC, 0x14BB, 0x1CDB, 0x12D0, 0x10A3, 0x10A3, 0x10A3, 0x10A3,
  0x10A3, 0x10A3, 0x10A3, 0x10A3, 0x10A3, 0x10A3, 0x10A3, 0x10A3, 0x10A3, 0x10A3, 0x10A3, 0x10A3,
  0x10A3, 0x10A3, 0x10A3, 0x10A3, 0x10A3, 0x10A3, 0x10A3, 0x10A3, 0x10A3, 0x120B, 0x1CFC, 0x1CFC,
  0x14FC, 0x153D, 0x155E, 0x1D7F, 0x1DBF, 0x25DF, 0x2DFF, 0x3E3F, 0x467F, 0x4E9F, 0x569F, 0x5EBF,
  0x5EDF, 0x5EDF, 0x66DF, 0x66DF, 0x66BF, 0x5EBF, 0x5E9F, 0x5E9F, 0x567F, 0x565F, 0x4E3F, 0x461F,
  0x35DF, 0x2DBF, 0x159F, 0x0D7F, 0x055E, 0x053D, 0x051D, 0x0D1D, 0x151D, 0x14FC, 0x1D1D, 0x12F0,
  0x10A3, 0x10A3, 0x10A3, 0x10A3, 0x10A3, 0x10A3, 0x10A3, 0x10A3, 0x10A3, 0x10A3, 0x10A3, 0x10A3,
  0x10A3, 0x10A3, 0x10A3, 0x10A3, 0x10A3, 0x10A3, 0x10A3, 0x10A3, 0x10A3, 0x10A3, 0x10A3, 0x10A3,
  0x10A3, 0x11EA, 0x251C, 0x1D1C, 0x153D, 0x153D, 0x155E, 0x157F, 0x1D9F, 0x25DF, 0x2DFF, 0x2E1F,
  0x363F, 0x365F, 0x3E7F, 0x3E7F, 0x469F, 0x469F, 0x469F, 0x469F, 0x469F, 0x3E7F, 0x3E5F, 0x3E5F,
  0x363F, 0x2E1F, 0x2DFF, 0x25DF, 0x1DBF, 0x159F, 0x157F, 0x0D7E, 0x055E, 0x053D, 0x0D3D, 0x153D,
  0x151D, 0x1D1D, 0x253D, 0x1ACF, 0x10A3, 0x10A3, 0x10A3, 0x10A3, 0x10A3, 0x10A3, 0x10A3, 0x10A3,
  0x10A3, 0x10A3, 0x10A3, 0x10A3, 0x10A3, 0x10A3, 0x10A3, 0x10A3, 0x10A3, 0x10A3, 0x10A3, 0x10A3,
  0x10A3, 0x10A3, 0x10A3, 0x10A3, 0x10A3, 0x11A9, 0x253D, 0x1D3D, 0x1D3D, 0x153D, 0x155E, 0x155F,
  0x1D7F, 0x25BF, 0x25DF, 0x2DFF, 0x2E1F, 0x363F, 0x365F, 0x365F, 0x367F, 0x367F, 0x367F, 0x367F,
  0x365F, 0x365F, 0x2E3F, 0x2E3F, 0x2E1F, 0x25FF, 0x25DF, 0x1DBF, 0x1DBF, 0x159F, 0x157F, 0x0D5E,
  0x053E, 0x0D3D, 0x0D3D, 0x153D, 0x1D3D, 0x1D3D, 0x255D, 0x126C, 0x10A3, 0x10A3, 0x10A3, 0x10A3,
  0x10A3, 0x10A3, 0x10A3, 0x10A3, 0x10A3, 0x10A3, 0x10A3, 0x10A3, 0x10A3, 0x10A3, 0x10A3, 0x10A3,
  0x10A3, 0x10A3, 0x10A3, 0x10A3, 0x10A3, 0x10A3, 0x10A3, 0x10A3, 0x10A3, 0x1146, 0x251B, 0x257E,
  0x1D5E, 0x1D5E, 0x155E, 0x155F, 0x1D7F, 0x1D9F, 0x25BF, 0x2DDF, 0x2DFF, 0x361F, 0x363F, 0x363F,
  0x365F, 0x365F, 0x365F, 0x365F, 0x363F, 0x363F, 0x2E1F, 0x2E1F, 0x25FF, 0x25DF, 0x25BF, 0x1DBF,
  0x159F, 0x157F, 0x0D5E, 0x0D5E, 0x0D3D, 0x0D3D, 0x153D, 0x153D, 0x1D5E, 0x255E, 0x2D7E, 0x11C9,
  0x10A3, 0x10A3, 0x10A3, 0x10A3, 0x10A3, 0x10A3, 0x10A3, 0x10A3, 0x10A3, 0x10A3, 0x10A3, 0x10A3,
  0x10A3, 0x10A3, 0x10A3, 0x10A3, 0x10A3, 0x10A3, 0x10A3, 0x10A3, 0x10A3, 0x10A3, 0x10A3, 0x10A3,
  0x10A3, 0x10C3, 0x2499, 0x259F, 0x255E, 0x1D5E, 0x155E, 0x155E, 0x1D5F, 0x1D7F, 0x259F, 0x25BF,
  0x2DDF, 0x2DFF, 0x2E1F, 0x361F, 0x363F, 0x363F, 0x363F, 0x361F, 0x2E1F, 0x2E1F, 0x2DFF, 0x2DFF,
  0x25DF, 0x25BF, 0x1DBF, 0x1D9F, 0x157F, 0x157F, 0x0D5E, 0x0D3E, 0x0D3D, 0x0D3D, 0x153D, 0x1D5E,
  0x255E, 0x257F, 0x251B, 0x1126, 0x10A3, 0x10A3, 0x10A3, 0x10A3, 0x10A3, 0x10A3, 0x10A3, 0x10A3,
  0x10A3, 0x10A3, 0x10A3, 0x10A3, 0x10A3, 0x10A3, 0x10A3, 0x10A3, 0x10A3, 0x10A3, 0x10A3, 0x10A3,
  0x10A3, 0x10A3, 0x10A3, 0x10A3, 0x10A3, 0x10A3, 0x23B4, 0x2DDF, 0x257E, 0x1D5E, 0x1D5E, 0x153E,
  0x155E, 0x1D5F, 0x1D7F, 0x259F, 0x25BF, 0x2DDF, 0x2DDF, 0x2DFF, 0x2DFF, 0x2DFF, 0x2DFF, 0x2DFF,
  0x2DFF, 0x2DFF, 0x25DF, 0x25DF, 0x25BF, 0x1D9F, 0x1D9F, 0x157F, 0x155F, 0x0D5E, 0x0D3E, 0x0D3D,
  0x0D3D, 0x153D, 0x153D, 0x1D5E, 0x257E, 0x2DBF, 0x2478, 0x10A3, 0x10A3, 0x10A3, 0x10A3, 0x10A3,
  0x10A3, 0x10A3, 0x10A3, 0x10A3, 0x10A3, 0x10A3, 0x10A3, 0x10A3, 0x10A3, 0x10A3, 0x10A3, 0x10A3,
  0x10A3, 0x10A3, 0x10A3, 0x10A3, 0x10A3, 0x10A3, 0x10A3, 0x10A3, 0x10A3, 0x10A3, 0x1A6C, 0x2DFF,
  0x257E, 0x257E, 0x1D5E, 0x1D3E, 0x153E, 0x153E, 0x1D5F, 0x1D7F, 0x259F, 0x259F, 0x25BF, 0x25DF,
  0x2DDF, 0x2DDF, 0x2DDF, 0x25DF, 0x25DF, 0x25DF, 0x25BF, 0x25BF, 0x1D9F, 0x1D7F, 0x157F, 0x155F,
  0x155E, 0x0D3D, 0x0D1D, 0x0D1D, 0x0D1D, 0x153D, 0x1D5E, 0x257E, 0x257E, 0x2DFF, 0x1B31, 0x10A3,
  0x10A3, 0x10A3, 0x10A3, 0x10A3, 0x10A3, 0x10A3, 0x10A3, 0x10A3, 0x10A3, 0x10A3, 0x10A3, 0x10A3,
  0x10A3, 0x10A3, 0x10A3, 0x10A3, 0x10A3, 0x10A3, 0x10A3, 0x10A3, 0x10A3, 0x10A3, 0x10A3, 0x10A3,
  0x10A3, 0x10A3, 0x1105, 0x2D3C, 0x2DBF, 0x257E, 0x1D7E, 0x1D5E, 0x153D, 0x153E, 0x153E, 0x1D5F,
  0x1D5F, 0x1D7F, 0x259F, 0x259F, 0x259F, 0x259F, 0x25BF, 0x25BF, 0x259F, 0x259F, 0x1D9F, 0x1D7F,
  0x1D7F, 0x157F, 0x155E, 0x153E, 0x0D3D, 0x0D1D, 0x0D1D, 0x0D1D, 0x153D, 0x1D3D, 0x1D7E, 0x257E,
  0x2D9F, 0x2DBE, 0x1187, 0x10A3, 0x10A3, 0x10A3, 0x10A3, 0x10A3, 0x10A3, 0x10A3, 0x10A3, 0x10A3,
  0x10A3, 0x10A3, 0x10A3, 0x10A3, 0x10A3, 0x10A3, 0x10A3, 0x10A3, 0x10A3, 0x10A3, 0x10A3, 0x10A3,
  0x10A3, 0x10A3, 0x10A3, 0x10A3, 0x10A3, 0x10A3, 0x10A3, 0x1B72, 0x361F, 0x2D7E, 0x259F, 0x1D5E,
  0x1D3D, 0x153D, 0x153E, 0x153E, 0x1D5E, 0x1D5F, 0x1D5F, 0x1D7F, 0x1D7F, 0x1D7F, 0x1D7F, 0x1D7F,
  0x1D7F, 0x1D7F, 0x1D7F, 0x1D5F, 0x155F, 0x155E, 0x153E, 0x0D3D, 0x0D1D, 0x0D1D, 0x0D1D, 0x151D,
  0x153D, 0x1D5E, 0x257E, 0x2D9F, 0x2DFF, 0x2457, 0x0882, 0x10A3, 0x10A3, 0x10A3, 0x10A3, 0x10A3,
  0x10A3, 0x10A3, 0x10A3, 0x10A3, 0x10A3, 0x10A3, 0x10A3, 0x10A3, 0x10A3, 0x10A3, 0x10A3, 0x10A3,
  0x10A3, 0x10A3, 0x10A3, 0x10A3, 0x10A3, 0x10A3, 0x10A3, 0x10A3, 0x10A3, 0x10A3, 0x10A3, 0x1146,
  0x2D9D, 0x2DBF, 0x2D9F, 0x257F, 0x1D5E, 0x1D3D, 0x153D, 0x153D, 0x153E, 0x153E, 0x1D5E, 0x1D5F,
  0x1D5F, 0x1D5F, 0x1D5F, 0x1D5F, 0x1D5F, 0x1D5F, 0x155F, 0x153E, 0x153E, 0x153E, 0x0D1D, 0x0D1D,
  0x0D1D, 0x0D1D, 0x151D, 0x153D, 0x1D5E, 0x257E, 0x2D9F, 0x2DBF, 0x35FF, 0x11E9, 0x10A3, 0x10A3,
  0x10A3, 0x10A3, 0x10A3, 0x10A3, 0x10A3, 0x10A3, 0x10A3, 0x10A3, 0x10A3, 0x10A3, 0x10A3, 0x10A3,
  0x10A3, 0x10A3, 0x10A3, 0x10A3, 0x10A3, 0x10A3, 0x10A3, 0x10A3, 0x10A3, 0x10A3, 0x10A3, 0x10A3,
  0x10A3, 0x10A3, 0x10A3, 0x10A3, 0x1B30, 0x363F, 0x2D9F, 0x2DBF, 0x259F, 0x1D5E, 0x1D3D, 0x153D,
  0x153D, 0x151D, 0x151E, 0x153E, 0x153E, 0x153E, 0x153E, 0x153E, 0x153E, 0x153E, 0x153E, 0x153D,
  0x0D1D, 0x0D1D, 0x0D1D, 0x0D1D, 0x151D, 0x151D, 0x153D, 0x1D5E, 0x257E, 0x2DBF, 0x2DBF, 0x365F,
  0x23F5, 0x10A3, 0x10A3, 0x10A3, 0x10A3, 0x10A3, 0x10A3, 0x10A3, 0x10A3, 0x10A3, 0x10A3, 0x10A3,
  0x10A3, 0x10A3, 0x10A3, 0x10A3, 0x10A3, 0x10A3, 0x10A3, 0x10A3, 0x10A3, 0x10A3, 0x10A3, 0x10A3,
  0x10A3, 0x10A3, 0x10A3, 0x10A3, 0x10A3, 0x10A3, 0x10A3, 0x10A3, 0x10C3, 0x2CD9, 0x363F, 0x2DBF,
  0x2DBF, 0x257F, 0x1D7E, 0x1D3E, 0x153D, 0x151D, 0x151D, 0x151D, 0x151D, 0x151D, 0x151D, 0x151D,
  0x151D, 0x151D, 0x151D, 0x151D, 0x151D, 0x151D, 0x151D, 0x151D, 0x151D, 0x1D3D, 0x1D5E, 0x257F,
  0x2DBF, 0x2DBF, 0x361F, 0x2D7C, 0x1105, 0x10A3, 0x10A3, 0x10A3, 0x10A3, 0x10A3, 0x10A3, 0x10A3,
  0x10A3, 0x10A3, 0x10A3, 0x10A3, 0x10A3, 0x10A3, 0x10A3, 0x10A3, 0x10A3, 0x10A3, 0x10A3, 0x10A3,
  0x10A3, 0x10A3, 0x10A3, 0x10A3, 0x10A3, 0x10A3, 0x10A3, 0x10A3, 0x10A3, 0x10A3, 0x10A3, 0x10A3,
  0x10A3, 0x1167, 0x35BD, 0x361F, 0x2DDF, 0x2DDF, 0x259F, 0x257E, 0x1D5E, 0x1D3D, 0x1D3D, 0x151D,
  0x151D, 0x151D, 0x151D, 0x151D, 0x151D, 0x151D, 0x151D, 0x151D, 0x151D, 0x151D, 0x151D, 0x1D3D,
  0x1D5D, 0x257E, 0x259F, 0x2DBF, 0x2DDF, 0x361F, 0x363F, 0x1A0A, 0x10A3, 0x10A3, 0x10A3, 0x10A3,
  0x10A3, 0x10A3, 0x10A3, 0x10A3, 0x10A3, 0x10A3, 0x10A3, 0x10A3, 0x10A3, 0x10A3, 0x10A3, 0x10A3,
  0x10A3, 0x10A3, 0x10A3, 0x10A3, 0x10A3, 0x10A3, 0x10A3, 0x10A3, 0x10A3, 0x10A3, 0x10A3, 0x10A3,
  0x10A3, 0x10A3, 0x10A3, 0x10A3, 0x10A3, 0x10A3, 0x11EA, 0x361E, 0x363F, 0x35FF, 0x2DDF, 0x2DBF,
  0x257F, 0x257E, 0x1D5D, 0x1D3D, 0x1D1D, 0x1D1D, 0x151D, 0x151D, 0x151D, 0x151D, 0x151D, 0x151D,
  0x1D3D, 0x1D3D, 0x1D3D, 0x255E, 0x257F, 0x2DBF, 0x2DDF, 0x35FF, 0x363F, 0x367F, 0x1AAE, 0x10A3,
  0x10A3, 0x10A3, 0x10A3, 0x10A3, 0x10A3, 0x10A3, 0x10A3, 0x10A3, 0x10A3, 0x10A3, 0x10A3, 0x10A3,
  0x10A3, 0x10A3, 0x10A3, 0x10A3, 0x10A3, 0x10A3, 0x10A3, 0x10A3, 0x10A3, 0x10A3, 0x10A3, 0x10A3,
  0x10A3, 0x10A3, 0x10A3, 0x10A3, 0x10A3, 0x10A3, 0x10A3, 0x10A3, 0x10A3, 0x10A3, 0x10A3, 0x1A2B,
  0x361D, 0x367F, 0x35FF, 0x2DFF, 0x2DDF, 0x2DBF, 0x259F, 0x257E, 0x255E, 0x1D5E, 0x1D3D, 0x1D3D,
  0x1D3D, 0x1D3D, 0x1D3D, 0x1D5E, 0x255E, 0x257E, 0x257E, 0x2DBF, 0x2DDF, 0x361F, 0x361F, 0x367F,
  0x367F, 0x1ACE, 0x10A3, 0x10A3, 0x10A3, 0x10A3, 0x10A3, 0x10A3, 0x10A3, 0x10A3, 0x10A3, 0x10A3,
  0x10A3, 0x10A3, 0x10A3, 0x10A3, 0x10A3, 0x10A3, 0x10A3, 0x10A3, 0x10A3, 0x10A3, 0x10A3, 0x10A3,
  0x10A3, 0x10A3, 0x10A3, 0x10A3, 0x10A3, 0x10A3, 0x10A3, 0x10A3, 0x10A3, 0x10A3, 0x10A3, 0x10A3,
  0x10A3, 0x10A3, 0x10A3, 0x10A3, 0x11A8, 0x357A, 0x3EBF, 0x365F, 0x361F, 0x361F, 0x2DDF, 0x2DBF,
  0x2D9F, 0x259F, 0x257E, 0x257E, 0x257E, 0x257E, 0x257E, 0x257F, 0x259F, 0x2DBF, 0x2DDF, 0x35FF,
  0x361F, 0x365F, 0x3EBF, 0x35DD, 0x1A4B, 0x10A3, 0x10A3, 0x10A3, 0x10A3, 0x10A3, 0x10A3, 0x10A3,
  0x10A3, 0x10A3, 0x10A3, 0x10A3, 0x10A3, 0x10A3, 0x10A3, 0x10A3, 0x10A3, 0x10A3, 0x10A3, 0x10A3,
  0x10A3, 0x10A3, 0x10A3, 0x10A3, 0x10A3, 0x10A3, 0x10A3, 0x10A3, 0x10A3, 0x10A3, 0x10A3, 0x10A3,
  0x10A3, 0x10A3, 0x10A3, 0x10A3, 0x10A3, 0x10A3, 0x10A3, 0x10A3, 0x10A3, 0x10E4, 0x23F3, 0x3E9F,
  0x3EDF, 0x3E7F, 0x363F, 0x363F, 0x35FF, 0x2DFF, 0x2DDF, 0x2DBF, 0x2DBF, 0x2DBF, 0x2DDF, 0x2DFF,
  0x35FF, 0x361F, 0x363F, 0x3E7F, 0x3EDF, 0x3EBF, 0x2C96, 0x1146, 0x10A3, 0x10A3, 0x10A3, 0x10A3,
  0x10A3, 0x10A3, 0x10A3, 0x10A3, 0x10A3, 0x10A3, 0x10A3, 0x10A3, 0x10A3, 0x10A3, 0x10A3, 0x10A3,
  0x10A3, 0x10A3, 0x10A3, 0x10A3, 0x10A3, 0x10A3, 0x10A3, 0x10A3, 0x10A3, 0x10A3, 0x10A3, 0x10A3,
  0x10A3, 0x10A3, 0x10A3, 0x10A3, 0x10A3, 0x10A3, 0x10A3, 0x10A3, 0x10A3, 0x10A3, 0x10A3, 0x10A3,
  0x10A3, 0x10A3, 0x10A3, 0x11C9, 0x2CB6, 0x3E7F, 0x3F1F, 0x3EFF, 0x3EDF, 0x3E9F, 0x3E9F, 0x3E7F,
  0x3E7F, 0x3E9F, 0x3E9F, 0x3E9F, 0x3EBF, 0x3EFF, 0x3EFF, 0x3EBF, 0x2D18, 0x1A4B, 0x10A3, 0x10A3,
  0x10A3, 0x10A3, 0x10A3, 0x10A3, 0x10A3, 0x10A3, 0x10A3, 0x10A3, 0x10A3, 0x10A3, 0x10A3, 0x10A3,
  0x10A3, 0x10A3, 0x10A3, 0x10A3, 0x10A3, 0x10A3, 0x10A3, 0x10A3, 0x10A3, 0x10A3, 0x10A3, 0x10A3,
  0x10A3, 0x10A3, 0x10A3, 0x10A3, 0x10A3, 0x10A3, 0x10A3, 0x10A3, 0x10A3, 0x10A3, 0x10A3, 0x10A3,
  0x10A3, 0x10A3, 0x10A3, 0x10A3, 0x10A3, 0x10A3, 0x10A3, 0x10A3, 0x10A3, 0x1188, 0x2391, 0x2D39,
  0x361D, 0x3E9F, 0x3EDF, 0x3EDF, 0x3EDF, 0x3EDF, 0x3EDF, 0x3EBF, 0x361D, 0x355A, 0x23F3, 0x19E9,
  0x0882, 0x10A3, 0x10A3, 0x10A3, 0x10A3, 0x10A3, 0x10A3, 0x10A3, 0x10A3, 0x10A3, 0x10A3, 0x10A3,
  0x10A3, 0x10A3, 0x10A3, 0x10A3, 0x10A3, 0x10A3, 0x10A3, 0x10A3, 0x10A3, 0x10A3, 0x10A3, 0x10A3,
  0x10A3, 0x10A3, 0x10A3, 0x10A3, 0x10A3, 0x10A3, 0x10A3, 0x10A3, 0x10A3, 0x10A3, 0x10A3, 0x10A3,
  0x10A3, 0x10A3, 0x10A3, 0x10A3, 0x10A3, 0x10A3, 0x10A3, 0x10A3, 0x10A3, 0x10A3, 0x10A3, 0x10A3,
  0x10A3, 0x10A3, 0x10A3, 0x0882, 0x1146, 0x11E9, 0x1A6C, 0x1ACE, 0x1AEE, 0x1ACE, 0x1A6C, 0x19EA,
  0x1146, 0x10A3, 0x10A3, 0x10A3, 0x10A3, 0x10A3, 0x10A3, 0x10A3, 0x10A3, 0x10A3, 0x10A3, 0x10A3,
  0x10A3, 0x10A3, 0x10A3, 0x10A3, 0x10A3, 0x10A3, 0x10A3, 0x10A3, 0x10A3, 0x10A3, 0x10A3, 0x10A3,
  0x10A3, 0x10A3, 0x10A3, 0x10A3,
};

static const uint16_t ICON_POO[4096] PROGMEM = {
  0x10A3, 0x10A3, 0x10A3, 0x10A3, 0x10A3, 0x10A3, 0x10A3, 0x10A3, 0x10A3, 0x10A3, 0x10A3, 0x10A3,
  0x10A3, 0x10A3, 0x10A3, 0x10A3, 0x10A3, 0x10A3, 0x10A3, 0x10A3, 0x10A3, 0x10A3, 0x10A3, 0x10A3,
  0x10A3, 0x10A3, 0x10A3, 0x10A3, 0x10A3, 0x10A3, 0x10A3, 0x10A3, 0x10A3, 0x10A3, 0x10A3, 0x10A3,
  0x10A3, 0x10A3, 0x10A3, 0x10A3, 0x10A3, 0x10A3, 0x10A3, 0x10A3, 0x10A3, 0x10A3, 0x10A3, 0x10A3,
  0x10A3, 0x10A3, 0x10A3, 0x10A3, 0x10A3, 0x10A3, 0x10A3, 0x10A3, 0x10A3, 0x10A3, 0x10A3, 0x10A3,
  0x10A3, 0x10A3, 0x10A3, 0x10A3, 0x10A3, 0x10A3, 0x10A3, 0x10A3, 0x10A3, 0x10A3, 0x10A3, 0x10A3,
  0x10A3, 0x10A3, 0x10A3, 0x10A3, 0x10A3, 0x10A3, 0x10A3, 0x10A3, 0x10A3, 0x10A3, 0x10A3, 0x10A3,
  0x10A3, 0x10A3, 0x10A3, 0x10A3, 0x10A3, 0x10A3, 0x10A3, 0x10A3, 0x10A3, 0x10A3, 0x10A3, 0x10A3,
  0x10A3, 0x10A3, 0x10A3, 0x10A3, 0x10A3, 0x10A3, 0x10A3, 0x10A3, 0x10A3, 0x10A3, 0x10A3, 0x10A3,
  0x10A3, 0x10A3, 0x10A3, 0x10A3, 0x10A3, 0x10A3, 0x10A3, 0x10A3, 0x10A3, 0x10A3, 0x10A3, 0x10A3,
  0x10A3, 0x10A3, 0x10A3, 0x10A3, 0x10A3, 0x10A3, 0x10A3, 0x10A3, 0x10A3, 0x10A3, 0x10A3, 0x10A3,
  0x10A3, 0x10A3, 0x10A3, 0x10A3, 0x10A3, 0x10A3, 0x10A3, 0x10A3, 0x10A3, 0x10A3, 0x10A3, 0x10A3,
  0x10A3, 0x10A3, 0x10A3, 0x10A3, 0x10A3, 0x10A3, 0x10A3, 0x10A3, 0x10A3, 0x10A3, 0x10A3, 0x10A3,
  0x10A3, 0x10A3, 0x10A3, 0x10A3, 0x10A3, 0x10A3, 0x10A3, 0x10A3, 0x10A3, 0x10A3, 0x10A3, 0x10A3,
  0x10A3, 0x10A3, 0x10A3, 0x10A3, 0x10A3, 0x10A3, 0x10A3, 0x10A3, 0x10A3, 0x10A3, 0x10A3, 0x10A3,
  0x10A3, 0x10A3, 0x10A3, 0x10A3, 0x10A3, 0x10A3, 0x10A3, 0x10A3, 0x10A3, 0x10A3, 0x10A3, 0x10A3,
  0x10A3, 0x10A3, 0x10A3, 0x10A3, 0x10A3, 0x10A3, 0x10A3, 0x10A3, 0x10A3, 0x10A3, 0x10A3, 0x10A3,
  0x10A3, 0x10A3, 0x10A3, 0x10A3, 0x10A3, 0x10A3, 0x10A3, 0x10A3, 0x10A3, 0x10A3, 0x10A3, 0x10A3,
  0x10A3, 0x10A3, 0x10A3, 0x10A3, 0x10A3, 0x10A3, 0x10A3, 0x10A3, 0x10A3, 0x10A3, 0x10A3, 0x10A3,
  0x10A3, 0x10A3, 0x10A3, 0x10A3, 0x10A3, 0x10A3, 0x10A3, 0x10A3, 0x10A3, 0x10A3, 0x10A3, 0x10A3,
  0x10A3, 0x10A3, 0x10A3, 0x10A3, 0x10A3, 0x10A3, 0x10A3, 0x10A3, 0x10A3, 0x10A3, 0x10A3, 0x10A3,
  0x10A3, 0x10A3, 0x10A3, 0x10A3, 0x10A3, 0x10A3, 0x10A3, 0x10A3, 0x10A3, 0x10A3, 0x10A3, 0x10A3,
  0x10A3, 0x10A3, 0x10A3, 0x10A3, 0x10A3, 0x10A3, 0x10A3, 0x10A3, 0x10A3, 0x10A3, 0x10A3, 0x10A3,
  0x10A3, 0x10A3, 0x10A3, 0x10A3, 0x10A3, 0x10A3, 0x10A3, 0x10A3, 0x10A3, 0x10A3, 0x10A3, 0x10A3,
  0x10A3, 0x10A3, 0x10A3, 0x10A3, 0x10A3, 0x10A3, 0x10A3, 0x10A3, 0x10A3, 0x10A3, 0x10A3, 0x10A3,
  0x10A3, 0x10A3, 0x10A3, 0x10A3, 0x10A3, 0x10A3, 0x10A3, 0x10A3, 0x10A3, 0x10A3, 0x10A3, 0x10A3,
  0x10A3, 0x10A3, 0x10A3, 0x10A3, 0x10A3, 0x10A3, 0x10A3, 0x10A3, 0x10A3, 0x10A3, 0x10A3, 0x10A3,
  0x10A3, 0x10A3, 0x10A3, 0x10A3, 0x10A3, 0x10A3, 0x10A3, 0x10A3, 0x10A3, 0x10A3, 0x10A3, 0x10A3,
  0x10A3, 0x10A3, 0x10A3, 0x10A3, 0x10A3, 0x10A3, 0x10A3, 0x10A3, 0x10A3, 0x10A3, 0x10A3, 0x10A3,
  0x10A3, 0x10A3, 0x10A3, 0x10A3, 0x10A3, 0x10A3, 0x10A3, 0x10A3, 0x10A3, 0x10A3, 0x10A3, 0x10A3,
  0x10A3, 0x10A3, 0x10A3, 0x10A3, 0x10A3, 0x10A3, 0x10A3, 0x10A3, 0x10A3, 0x10A3, 0x10A3, 0x10A3,
  0x10A3, 0x10A3, 0x10A3, 0x10A3, 0x10A3, 0x10A3, 0x10A3, 0x10A3, 0x10A3, 0x10A3, 0x10A3, 0x10A3,
  0x10A3, 0x10A3, 0x10A3, 0x10A3, 0x10A3, 0x10A3, 0x10A3, 0x10A3, 0x10A3, 0x10A3, 0x10A3, 0x10A3,
  0x10A3, 0x10A3, 0x10A3, 0x10A3, 0x10A3, 0x10A3, 0x10A3, 0x10A3, 0x10A3, 0x10A3, 0x10A3, 0x10A3,
  0x10A3, 0x2923, 0x41A5, 0x18C3, 0x10A3, 0x10A3, 0x10A3, 0x10A3, 0x10A3, 0x10A3, 0x10A3, 0x10A3,
  0x10A3, 0x10A3, 0x10A3, 0x10A3, 0x10A3, 0x10A3, 0x10A3, 0x10A3, 0x10A3, 0x10A3, 0x10A3, 0x10A3,
  0x10A3, 0x10A3, 0x10A3, 0x10A3, 0x10A3, 0x10A3, 0x10A3, 0x10A3, 0x10A3, 0x10A3, 0x10A3, 0x10A3,
  0x10A3, 0x10A3, 0x10A3, 0x10A3, 0x10A3, 0x10A3, 0x10A3, 0x10A3, 0x10A3, 0x10A3, 0x10A3, 0x10A3,
  0x10A3, 0x10A3, 0x10A3, 0x10A3, 0x10A3, 0x10A3, 0x10A3, 0x10A3, 0x10A3, 0x10A3, 0x10A3, 0x10A3,
  0x10A3, 0x10A3, 0x10A3, 0x10A3, 0x10A3, 0x3123, 0xABA8, 0x9B48, 0x6205, 0x3123, 0x0882, 0x10A3,
  0x10A3, 0x10A3, 0x10A3, 0x10A3, 0x10A3, 0x10A3, 0x10A3, 0x10A3, 0x10A3, 0x10A3, 0x10A3, 0x10A3,
  0x10A3, 0x10A3, 0x10A3, 0x10A3, 0x10A3, 0x10A3, 0x10A3, 0x10A3, 0x10A3, 0x10A3, 0x10A3, 0x10A3,
  0x10A3, 0x10A3, 0x10A3, 0x10A3, 0x10A3, 0x10A3, 0x10A3, 0x10A3, 0x10A3, 0x10A3, 0x10A3, 0x10A3,
  0x10A3, 0x10A3, 0x10A3, 0x10A3, 0x10A3, 0x10A3, 0x10A3, 0x10A3, 0x10A3, 0x10A3, 0x10A3, 0x10A3,
  0x10A3, 0x10A3, 0x10A3, 0x10A3, 0x10A3, 0x10A3, 0x10A3, 0x10A3, 0x10A3, 0x1082, 0x7A86, 0xBC4A,
  0xAB88, 0x92E6, 0x6A45, 0x3123, 0x10A3, 0x10A3, 0x10A3, 0x10A3, 0x10A3, 0x10A3, 0x10A3, 0x10A3,
  0x10A3, 0x10A3, 0x10A3, 0x10A3, 0x10A3, 0x10A3, 0x10A3, 0x10A3, 0x10A3, 0x10A3, 0x10A3, 0x10A3,
  0x10A3, 0x10A3, 0x10A3, 0x10A3, 0x10A3, 0x10A3, 0x10A3, 0x10A3, 0x10A3, 0x10A3, 0x10A3, 0x10A3,
  0x10A3, 0x10A3, 0x10A3, 0x10A3, 0x10A3, 0x10A3, 0x10A3, 0x10A3, 0x10A3, 0x10A3, 0x10A3, 0x10A3,
  0x10A3, 0x10A3, 0x10A3, 0x10A3, 0x10A3, 0x10A3, 0x10A3, 0x10A3, 0x10A3, 0x10A3, 0x10A3, 0x10A3,
  0x10A3, 0x1083, 0x7A66, 0xB40A, 0xABC9, 0x9B07, 0x92E6, 0x92C6, 0x59E4, 0x18C3, 0x10A3, 0x10A3,
  0x10A3, 0x10A3, 0x10A3, 0x10A3, 0x10A3, 0x10A3, 0x10A3, 0x10A3, 0x10A3, 0x10A3, 0x10A3, 0x10A3,
  0x10A3, 0x10A3, 0x10A3, 0x10A3, 0x10A3, 0x10A3, 0x10A3, 0x10A3, 0x10A3, 0x10A3, 0x10A3, 0x10A3,
  0x10A3, 0x10A3, 0x10A3, 0x10A3, 0x10A3, 0x10A3, 0x10A3, 0x10A3, 0x10A3, 0x10A3, 0x10A3, 0x10A3,
  0x10A3, 0x10A3, 0x10A3, 0x10A3, 0x10A3, 0x10A3, 0x10A3, 0x10A3, 0x10A3, 0x10A3, 0x10A3, 0x10A3,
  0x10A3, 0x10A3, 0x10A3, 0x10A3, 0x10A3, 0x10C3, 0x9307, 0xB40A, 0xABC9, 0x9B68, 0x92E7, 0x8AA6,
  0x92C6, 0x7A65, 0x3123, 0x10A3, 0x10A3, 0x10A3, 0x10A3, 0x10A3, 0x10A3, 0x10A3, 0x10A3, 0x10A3,
  0x10A3, 0x10A3, 0x10A3, 0x10A3, 0x10A3, 0x10A3, 0x10A3, 0x10A3, 0x10A3, 0x10A3, 0x10A3, 0x10A3,
  0x10A3, 0x10A3, 0x10A3, 0x10A3, 0x10A3, 0x10A3, 0x10A3, 0x10A3, 0x10A3, 0x10A3, 0x10A3, 0x10A3,
  0x10A3, 0x10A3, 0x10A3, 0x10A3, 0x10A3, 0x10A3, 0x10A3, 0x10A3, 0x10A3, 0x10A3, 0x10A3, 0x10A3,
  0x10A3, 0x10A3, 0x10A3, 0x10A3, 0x10A3, 0x10A3, 0x10A3, 0x10A3, 0x10A3, 0x4164, 0xABA8, 0xABE9,
  0xA3A8, 0x9B68, 0x9327, 0x8AC6, 0x8AA6, 0x8AC6, 0x8AA6, 0x4164, 0x10A3, 0x10A3, 0x10A3, 0x10A3,
  0x10A3, 0x10A3, 0x10A3, 0x10A3, 0x10A3, 0x10A3, 0x10A3, 0x10A3, 0x10A3, 0x10A3, 0x10A3, 0x10A3,
  0x10A3, 0x10A3, 0x10A3, 0x10A3, 0x10A3, 0x10A3, 0x10A3, 0x10A3, 0x10A3, 0x10A3, 0x10A3, 0x10A3,
  0x10A3, 0x10A3, 0x10A3, 0x10A3, 0x10A3, 0x10A3, 0x10A3, 0x10A3, 0x10A3, 0x10A3, 0x10A3, 0x10A3,
  0x10A3, 0x10A3, 0x10A3, 0x10A3, 0x10A3, 0x10A3, 0x10A3, 0x10A3, 0x10A3, 0x10A3, 0x10A3, 0x10A3,
  0x10C3, 0x8AE6, 0xABC9, 0xA3A9, 0xA368, 0x9B48, 0x9B27, 0x9307, 0x8AE6, 0x8AA6, 0x8AA6, 0x92C6,
  0x51A4, 0x1083, 0x10A3, 0x10A3, 0x10A3, 0x10A3, 0x10A3, 0x10A3, 0x10A3, 0x10A3, 0x10A3, 0x10A3,
  0x10A3, 0x10A3, 0x10A3, 0x10A3, 0x10A3, 0x10A3, 0x10A3, 0x10A3, 0x10A3, 0x10A3, 0x10A3, 0x10A3,
  0x10A3, 0x10A3, 0x10A3, 0x10A3, 0x10A3, 0x10A3, 0x10A3, 0x10A3, 0x10A3, 0x10A3, 0x10A3, 0x10A3,
  0x10A3, 0x10A3, 0x10A3, 0x10A3, 0x10A3, 0x10A3, 0x10A3, 0x10A3, 0x10A3, 0x10A3, 0x10A3, 0x10A3,
  0x10A3, 0x10A3, 0x10A3, 0x10A3, 0x49A4, 0xAB88, 0xA388, 0xA388, 0x9B68, 0x9B27, 0x9327, 0x9B27,
  0x9307, 0x92E6, 0x8AC6, 0x8AA6, 0x92C6, 0x51A4, 0x0882, 0x10A3, 0x10A3, 0x10A3, 0x10A3, 0x10A3,
  0x10A3, 0x10A3, 0x10A3, 0x10A3, 0x10A3, 0x10A3, 0x10A3, 0x10A3, 0x10A3, 0x10A3, 0x10A3, 0x10A3,
  0x10A3, 0x10A3, 0x10A3, 0x10A3, 0x10A3, 0x10A3, 0x10A3, 0x10A3, 0x10A3, 0x10A3, 0x10A3, 0x10A3,
  0x10A3, 0x10A3, 0x10A3, 0x10A3, 0x10A3, 0x10A3, 0x10A3, 0x10A3, 0x10A3, 0x10A3, 0x10A3, 0x10A3,
  0x10A3, 0x10A3, 0x10A3, 0x10A3, 0x10A3, 0x10A3, 0x10A3, 0x10A3, 0x82A6, 0x9B48, 0x9B68, 0x9B48,
  0x9B47, 0x9B27, 0x9B27, 0x9B47, 0xA368, 0xA368, 0x92E6, 0x8AA6, 0x82A6, 0x8AA5, 0x4963, 0x10A3,
  0x10A3, 0x10A3, 0x10A3, 0x10A3, 0x10A3, 0x10A3, 0x10A3, 0x10A3, 0x10A3, 0x10A3, 0x10A3, 0x10A3,
  0x10A3, 0x10A3, 0x10A3, 0x10A3, 0x10A3, 0x10A3, 0x10A3, 0x10A3, 0x10A3, 0x10A3, 0x10A3, 0x10A3,
  0x10A3, 0x10A3, 0x10A3, 0x10A3, 0x10A3, 0x10A3, 0x10A3, 0x10A3, 0x10A3, 0x10A3, 0x10A3, 0x10A3,
  0x10A3, 0x10A3, 0x10A3, 0x10A3, 0x10A3, 0x10A3, 0x10A3, 0x10A3, 0x10A3, 0x10A3, 0x10A3, 0x3143,
  0x92E6, 0x92E7, 0x9307, 0x9307, 0x9307, 0x9327, 0x9B48, 0xABC9, 0xB3E9, 0xA388, 0x9307, 0x8AC6,
  0x82A6, 0x8265, 0x8245, 0x2903, 0x10A3, 0x10A3, 0x10A3, 0x10A3, 0x10A3, 0x10A3, 0x10A3, 0x10A3,
  0x10A3, 0x10A3, 0x10A3, 0x10A3, 0x10A3, 0x10A3, 0x10A3, 0x10A3, 0x10A3, 0x10A3, 0x10A3, 0x10A3,
  0x10A3, 0x10A3, 0x10A3, 0x10A3, 0x10A3, 0x10A3, 0x10A3, 0x10A3, 0x10A3, 0x10A3, 0x10A3, 0x10A3,
  0x10A3, 0x10A3, 0x10A3, 0x10A3, 0x10A3, 0x10A3, 0x10A3, 0x10A3, 0x10A3, 0x10A3, 0x10A3, 0x10A3,
  0x10A3, 0x10A3, 0x10A3, 0x4984, 0x8AC6, 0x8286, 0x82A6, 0x82A6, 0x8AA6, 0x9327, 0xABC9, 0xABC9,
  0xABA9, 0xA348, 0x9307, 0x8AC6, 0x8286, 0x7A65, 0x7A45, 0x61C4, 0x10A3, 0x10A3, 0x10A3, 0x10A3,
  0x10A3, 0x10A3, 0x10A3, 0x10A3, 0x10A3, 0x10A3, 0x10A3, 0x10A3, 0x10A3, 0x10A3, 0x10A3, 0x10A3,
  0x10A3, 0x10A3, 0x10A3, 0x10A3, 0x10A3, 0x10A3, 0x10A3, 0x10A3, 0x10A3, 0x10A3, 0x10A3, 0x10A3,
  0x10A3, 0x10A3, 0x10A3, 0x10A3, 0x10A3, 0x10A3, 0x10A3, 0x10A3, 0x10A3, 0x10A3, 0x10A3, 0x10A3,
  0x10A3, 0x10A3, 0x10A3, 0x10A3, 0x10A3, 0x10A3, 0x10A3, 0x4984, 0x8265, 0x7A25, 0x7A45, 0x7A45,
  0x82A6, 0x9B47, 0xA368, 0xA388, 0xA368, 0x9B27, 0x92C6, 0x8AA6, 0x8285, 0x7A65, 0x7224, 0x7204,
  0x2903, 0x10A3, 0x10A3, 0x10A3, 0x10A3, 0x10A3, 0x10A3, 0x10A3, 0x10A3, 0x10A3, 0x10A3, 0x10A3,
  0x10A3, 0x10A3, 0x10A3, 0x10A3, 0x10A3, 0x10A3, 0x10A3, 0x10A3, 0x10A3, 0x10A3, 0x10A3, 0x10A3,
  0x10A3, 0x10A3, 0x10A3, 0x10A3, 0x10A3, 0x10A3, 0x10A3, 0x10A3, 0x10A3, 0x10A3, 0x10A3, 0x10A3,
  0x10A3, 0x10A3, 0x10A3, 0x10A3, 0x10A3, 0x10A3, 0x10A3, 0x10A3, 0x10A3, 0x10A3, 0x10A3, 0x2903,
  0x7204, 0x7204, 0x7225, 0x82A6, 0x9B27, 0xA368, 0xABA9, 0xABA8, 0x9B27, 0x92E6, 0x8AA6, 0x8286,
  0x8265, 0x7A45, 0x7204, 0x7204, 0x4143, 0x10A3, 0x10A3, 0x10A3, 0x10A3, 0x10A3, 0x10A3, 0x10A3,
  0x10A3, 0x10A3, 0x10A3, 0x10A3, 0x10A3, 0x10A3, 0x10A3, 0x10A3, 0x10A3, 0x10A3, 0x10A3, 0x10A3,
  0x10A3, 0x10A3, 0x10A3, 0x10A3, 0x10A3, 0x10A3, 0x10A3, 0x10A3, 0x10A3, 0x10A3, 0x10A3, 0x10A3,
  0x10A3, 0x10A3, 0x10A3, 0x10A3, 0x10A3, 0x10A3, 0x10A3, 0x10A3, 0x10A3, 0x10A3, 0x10A3, 0x10A3,
  0x10A3, 0x10A3, 0x18C3, 0x4184, 0x92E6, 0x9307, 0x9B47, 0xAB88, 0xABC9, 0xB409, 0xABC9, 0xA368,
  0x92E7, 0x8AA6, 0x8286, 0x8265, 0x7A65, 0x7A45, 0x7204, 0x69E4, 0x5143, 0x0883, 0x10A3, 0x10A3,
  0x10A3, 0x10A3, 0x10A3, 0x10A3, 0x10A3, 0x10A3, 0x10A3, 0x10A3, 0x10A3, 0x10A3, 0x10A3, 0x10A3,
  0x10A3, 0x10A3, 0x10A3, 0x10A3, 0x10A3, 0x10A3, 0x10A3, 0x10A3, 0x10A3, 0x10A3, 0x10A3, 0x10A3,
  0x10A3, 0x10A3, 0x10A3, 0x10A3, 0x10A3, 0x10A3, 0x10A3, 0x10A3, 0x10A3, 0x10A3, 0x10A3, 0x10A3,
  0x10A3, 0x10A3, 0x10A3, 0x10A3, 0x3124, 0x7246, 0x9B27, 0xABA8, 0xB3C9, 0xB3E9, 0xB40A, 0xB40A,
  0xB40A, 0xABE9, 0xA388, 0x9307, 0x8AA6, 0x8286, 0x8265, 0x7A65, 0x7A45, 0x7204, 0x69E4, 0x69C3,
  0x4922, 0x1082, 0x10A3, 0x10A3, 0x10A3, 0x10A3, 0x10A3, 0x10A3, 0x10A3, 0x10A3, 0x10A3, 0x10A3,
  0x10A3, 0x10A3, 0x10A3, 0x10A3, 0x10A3, 0x10A3, 0x10A3, 0x10A3, 0x10A3, 0x10A3, 0x10A3, 0x10A3,
  0x10A3, 0x10A3, 0x10A3, 0x10A3, 0x10A3, 0x10A3, 0x10A3, 0x10A3, 0x10A3, 0x10A3, 0x10A3, 0x10A3,
  0x10A3, 0x10A3, 0x10A3, 0x10A3, 0x10A3, 0x10A3, 0x0882, 0x5A05, 0xAB88, 0xBC4A, 0xC48B, 0xC48B,
  0xC46B, 0xBC4B, 0xB42A, 0xB3E9, 0xABA9, 0x9B68, 0x9307, 0x8AA6, 0x8285, 0x7A65, 0x7A45, 0x7225,
  0x7204, 0x69E4, 0x61A3, 0x61A3, 0x4902, 0x0882, 0x10A3, 0x10A3, 0x10A3, 0x10A3, 0x10A3, 0x10A3,
  0x10A3, 0x10A3, 0x10A3, 0x10A3, 0x10A3, 0x10A3, 0x10A3, 0x10A3, 0x10A3, 0x10A3, 0x10A3, 0x10A3,
  0x10A3, 0x10A3, 0x10A3, 0x10A3, 0x10A3, 0x10A3, 0x10A3, 0x10A3, 0x10A3, 0x10A3, 0x10A3, 0x10A3,
  0x10A3, 0x10A3, 0x10A3, 0x10A3, 0x10A3, 0x10A3, 0x10A3, 0x10A3, 0x10A3, 0x10A3, 0x59E5, 0xAB88,
  0xABA9, 0xBC4A, 0xBC6B, 0xBC4B, 0xB42A, 0xABE9, 0xA3A9, 0x9B68, 0x9327, 0x8AC6, 0x82A6, 0x8265,
  0x7A45, 0x7A25, 0x7204, 0x71E4, 0x69C4, 0x61A3, 0x5983, 0x5922, 0x38C2, 0x10C3, 0x10A2, 0x10A3,
  0x10A3, 0x10A3, 0x10A3, 0x10A3, 0x10A3, 0x10A3, 0x10A3, 0x10A3, 0x10A3, 0x10A3, 0x10A3, 0x10A3,
  0x10A3, 0x10A3, 0x10A3, 0x10A3, 0x10A3, 0x10A3, 0x10A3, 0x10A3, 0x10A3, 0x10A3, 0x10A3, 0x10A3,
  0x10A3, 0x10A3, 0x10A3, 0x10A3, 0x10A3, 0x10A3, 0x10A3, 0x10A3, 0x10A3, 0x10A3, 0x10A3, 0x10A3,
  0x10A3, 0x3964, 0xA327, 0x9B27, 0xA368, 0xABA9, 0xABA9, 0xA388, 0x9B68, 0x9327, 0x92E7, 0x8AC6,
  0x82A6, 0x8285, 0x7A65, 0x7A45, 0x7224, 0x7204, 0x69E4, 0x69C3, 0x61A3, 0x6183, 0x5102, 0x48E1,
  0x7224, 0x7A85, 0x7245, 0x51A4, 0x20E3, 0x10A3, 0x10A3, 0x10A3, 0x10A3, 0x10A3, 0x10A3, 0x10A3,
  0x10A3, 0x10A3, 0x10A3, 0x10A3, 0x10A3, 0x10A3, 0x10A3, 0x10A3, 0x10A3, 0x10A3, 0x10A3, 0x10A3,
  0x10A3, 0x10A3, 0x10A3, 0x10A3, 0x10A3, 0x10A3, 0x10A3, 0x10A3, 0x10A3, 0x10A3, 0x10A3, 0x10A3,
  0x10A3, 0x10A3, 0x10A3, 0x10A3, 0x10A3, 0x7A66, 0x9B07, 0x92E6, 0x92E7, 0x92E7, 0x8AE6, 0x8AC6,
  0x8AA6, 0x8286, 0x8285, 0x8265, 0x7A65, 0x7A45, 0x7A25, 0x7224, 0x69E4, 0x69C4, 0x61A3, 0x61A3,
  0x5963, 0x5102, 0x5962, 0x8265, 0x92E6, 0x8AC6, 0x92C6, 0x92C6, 0x8285, 0x3943, 0x10A3, 0x10A3,
  0x10A3, 0x10A3, 0x10A3, 0x10A3, 0x10A3, 0x10A3, 0x10A3, 0x10A3, 0x10A3, 0x10A3, 0x10A3, 0x10A3,
  0x10A3, 0x10A3, 0x10A3, 0x10A3, 0x10A3, 0x10A3, 0x10A3, 0x10A3, 0x10A3, 0x10A3, 0x10A3, 0x10A3,
  0x10A3, 0x10A3, 0x10A3, 0x10A3, 0x10A3, 0x10A3, 0x10A3, 0x10A3, 0x2923, 0x92E6, 0x8AC6, 0x8AC6,
  0x8AA6, 0x8286, 0x8285, 0x8265, 0x8265, 0x7A65, 0x7A65, 0x7A45, 0x7A45, 0x7224, 0x7204, 0x69E4,
  0x69C3, 0x61A3, 0x5983, 0x5122, 0x5942, 0x7204, 0x8AC6, 0x8AA6, 0x8286, 0x8286, 0x8286, 0x8286,
  0x8AA6, 0x8A85, 0x3943, 0x10A3, 0x10A3, 0x10A3, 0x10A3, 0x10A3, 0x10A3, 0x10A3, 0x10A3, 0x10A3,
  0x10A3, 0x10A3, 0x10A3, 0x10A3, 0x10A3, 0x10A3, 0x10A3, 0x10A3, 0x10A3, 0x10A3, 0x10A3, 0x10A3,
  0x10A3, 0x10A3, 0x10A3, 0x10A3, 0x10A3, 0x10A3, 0x10A3, 0x10A3, 0x10A3, 0x10A3, 0x10A3, 0x10A3,
  0x4984, 0x92E6, 0x8AA6, 0x82A6, 0x8285, 0x7A65, 0x7A45, 0x7A45, 0x7A45, 0x7A45, 0x7A45, 0x7A25,
  0x7224, 0x7204, 0x69E4, 0x69C3, 0x6183, 0x5142, 0x5942, 0x69E4, 0x82A6, 0x8AC6, 0x8286, 0x8285,
  0x8286, 0x8286, 0x8286, 0x8286, 0x8285, 0x8265, 0x7224, 0x18C3, 0x10A3, 0x10A3, 0x10A3, 0x10A3,
  0x10A3, 0x10A3, 0x10A3, 0x10A3, 0x10A3, 0x10A3, 0x10A3, 0x10A3, 0x10A3, 0x10A3, 0x10A3, 0x10A3,
  0x10A3, 0x10A3, 0x10A3, 0x10A3, 0x10A3, 0x10A3, 0x10A3, 0x10A3, 0x10A3, 0x10A3, 0x10A3, 0x10A3,
  0x10A3, 0x10A3, 0x10A3, 0x10A3, 0x59C4, 0x92C6, 0x8286, 0x8285, 0x8285, 0x92E7, 0x9B27, 0x9B27,
  0x92E7, 0x82A6, 0x7A65, 0x7A25, 0x7224, 0x69E4, 0x61A3, 0x5962, 0x5963, 0x7204, 0x8AC6, 0x92E6,
  0x8AC6, 0x8286, 0x8AA6, 0x8AE6, 0x92E7, 0x92E6, 0x8AC6, 0x8AA6, 0x8285, 0x7A45, 0x7A25, 0x4143,
  0x10A3, 0x10A3, 0x10A3, 0x10A3, 0x10A3, 0x10A3, 0x10A3, 0x10A3, 0x10A3, 0x10A3, 0x10A3, 0x10A3,
  0x10A3, 0x10A3, 0x10A3, 0x10A3, 0x10A3, 0x10A3, 0x10A3, 0x10A3, 0x10A3, 0x10A3, 0x10A3, 0x10A3,
  0x10A3, 0x10A3, 0x10A3, 0x10A3, 0x10A3, 0x10A3, 0x10A3, 0x10A3, 0x59E4, 0x8AC6, 0x8285, 0x92E6,
  0x9B27, 0x8244, 0x69C3, 0x69C3, 0x7203, 0x8265, 0x82A6, 0x7A45, 0x69E4, 0x61A3, 0x69E4, 0x8285,
  0x9307, 0x9B27, 0x92E6, 0x8AA6, 0x8AA6, 0x92E6, 0x9307, 0x7A04, 0x5942, 0x5101, 0x5101, 0x6182,
  0x7225, 0x7225, 0x7204, 0x4963, 0x10A3, 0x10A3, 0x10A3, 0x10A3, 0x10A3, 0x10A3, 0x10A3, 0x10A3,
  0x10A3, 0x10A3, 0x10A3, 0x10A3, 0x10A3, 0x10A3, 0x10A3, 0x10A3, 0x10A3, 0x10A3, 0x10A3, 0x10A3,
  0x10A3, 0x10A3, 0x10A3, 0x10A3, 0x10A3, 0x10A3, 0x10A3, 0x10A3, 0x10A3, 0x10A3, 0x10A3, 0x10A3,
  0x59C4, 0x8A85, 0x8AC6, 0x8AA5, 0x4902, 0x51E7, 0x7B4D, 0x83CF, 0x836D, 0x6A47, 0x6182, 0x7A45,
  0x8286, 0x8AE7, 0x9B48, 0x9B68, 0x9307, 0x8AC6, 0x8AA6, 0x82A6, 0x92E6, 0x8AA6, 0x5942, 0x5A07,
  0x7B4D, 0x83AE, 0x72CB, 0x5144, 0x50C1, 0x61A3, 0x7204, 0x4943, 0x10A3, 0x10A3, 0x10A3, 0x10A3,
  0x10A3, 0x10A3, 0x10A3, 0x10A3, 0x10A3, 0x10A3, 0x10A3, 0x10A3, 0x10A3, 0x10A3, 0x10A3, 0x10A3,
  0x10A3, 0x10A3, 0x10A3, 0x10A3, 0x10A3, 0x10A3, 0x10A3, 0x10A3, 0x10A3, 0x10A3, 0x10A3, 0x10A3,
  0x10A3, 0x10A3, 0x10A3, 0x10A3, 0x4163, 0x8286, 0x8A85, 0x5164, 0x8C51, 0xC658, 0xDEFB, 0xDEFB,
  0xD6BA, 0xC659, 0x940F, 0x7A65, 0x9B48, 0x9B48, 0x9327, 0x9307, 0x8AC6, 0x82A6, 0x8285, 0x8AA6,
  0x8285, 0x5963, 0x9451, 0xCE79, 0xD6BA, 0xDF1B, 0xD6DA, 0xBDF7, 0x8BCE, 0x5963, 0x69C3, 0x4123,
  0x10A3, 0x10A3, 0x10A3, 0x10A3, 0x10A3, 0x10A3, 0x10A3, 0x10A3, 0x10A3, 0x10A3, 0x10A3, 0x10A3,
  0x10A3, 0x10A3, 0x10A3, 0x10A3, 0x10A3, 0x10A3, 0x10A3, 0x10A3, 0x10A3, 0x10A3, 0x10A3, 0x10A3,
  0x10A3, 0x10A3, 0x10A3, 0x10A3, 0x10A3, 0x10A3, 0x10A3, 0x10A3, 0x20E3, 0x8AA5, 0x61C5, 0xA514,
  0xDEDA, 0xEF3C, 0xDEDB, 0xD699, 0xEF5C, 0xDEDA, 0xD6DB, 0x9C70, 0x7A04, 0x8AE6, 0x8AE6, 0x8AC6,
  0x82A6, 0x8285, 0x8265, 0x82A6, 0x6162, 0xA4B2, 0xDEFB, 0xDEDB, 0xE73C, 0xCE79, 0xE71C, 0xE71B,
  0xCE99, 0x9471, 0x69A3, 0x3103, 0x10A3, 0x10A3, 0x10A3, 0x10A3, 0x10A3, 0x10A3, 0x10A3, 0x10A3,
  0x10A3, 0x10A3, 0x10A3, 0x10A3, 0x10A3, 0x10A3, 0x10A3, 0x10A3, 0x10A3, 0x10A3, 0x10A3, 0x10A3,
  0x10A3, 0x10A3, 0x10A3, 0x10A3, 0x10A3, 0x10A3, 0x10A3, 0x10A3, 0x10A3, 0x10A3, 0x10A3, 0x3124,
  0x7A86, 0x7A04, 0x8C30, 0xDEDA, 0xEF5C, 0xAD54, 0x2124, 0x10A2, 0x7BEF, 0xF79D, 0xDEFB, 0xD6DB,
  0x8B6A, 0x8244, 0x8AC6, 0x8AA6, 0x8286, 0x8265, 0x8286, 0x69C3, 0x832B, 0xDF1C, 0xE71B, 0xE71B,
  0x528A, 0x0861, 0x39E7, 0xCE79, 0xE71C, 0xC659, 0x8B8C, 0x5142, 0x3944, 0x10A3, 0x10A3, 0x10A3,
  0x10A3, 0x10A3, 0x10A3, 0x10A3, 0x10A3, 0x10A3, 0x10A3, 0x10A3, 0x10A3, 0x10A3, 0x10A3, 0x10A3,
  0x10A3, 0x10A3, 0x10A3, 0x10A3, 0x10A3, 0x10A3, 0x10A3, 0x10A3, 0x10A3, 0x10A3, 0x10A3, 0x10A3,
  0x10A3, 0x2923, 0x7266, 0xA347, 0x9AE6, 0x7268, 0xC638, 0xEF5C, 0xC658, 0x0861, 0x0000, 0x0841,
  0x0000, 0x9CD3, 0xF7BE, 0xDF1C, 0xB533, 0x7A44, 0x8AC6, 0x8AA6, 0x8285, 0x8265, 0x7A65, 0x6163,
  0xBD96, 0xE71C, 0xF7BE, 0x5AEB, 0x0000, 0x0841, 0x0000, 0x3186, 0xE73C, 0xDEFB, 0xB575, 0x7225,
  0x8265, 0x7245, 0x3944, 0x10A3, 0x10A3, 0x10A3, 0x10A3, 0x10A3, 0x10A3, 0x10A3, 0x10A3, 0x10A3,
  0x10A3, 0x10A3, 0x10A3, 0x10A3, 0x10A3, 0x10A3, 0x10A3, 0x10A3, 0x10A3, 0x10A3, 0x10A3, 0x10A3,
  0x10A3, 0x10A3, 0x10A3, 0x10A3, 0x4184, 0xA327, 0xA368, 0x9B48, 0x7A24, 0x8BEE, 0xD6DA, 0xF79E,
  0x632C, 0x0000, 0x10A2, 0x1082, 0x0020, 0x3186, 0xF79D, 0xE73C, 0xCE58, 0x8AC7, 0x82A5, 0x82A6,
  0x8285, 0x7A65, 0x71E3, 0x6A27, 0xDEDB, 0xEF7D, 0xCE79, 0x0841, 0x0841, 0x0841, 0x0861, 0x0000,
  0x9CF3, 0xF79D, 0xC659, 0x832A, 0x69C3, 0x8265, 0x8AA5, 0x51A4, 0x10A3, 0x10A3, 0x10A3, 0x10A3,
  0x10A3, 0x10A3, 0x10A3, 0x10A3, 0x10A3, 0x10A3, 0x10A3, 0x10A3, 0x10A3, 0x10A3, 0x10A3, 0x10A3,
  0x10A3, 0x10A3, 0x10A3, 0x10A3, 0x10A3, 0x10A3, 0x10A3, 0x3144, 0xA327, 0x9B27, 0x9327, 0x9307,
  0x7204, 0xA4D2, 0xE71C, 0xEF5C, 0x3165, 0x0841, 0x1082, 0x1082, 0x0861, 0x0861, 0xD69A, 0xF79D,
  0xD6BA, 0x9329, 0x8285, 0x82A6, 0x8265, 0x7A65, 0x6182, 0x7AEA, 0xE73C, 0xFFDE, 0x9CD3, 0x0000,
  0x0861, 0x0841, 0x0861, 0x0000, 0x630C, 0xF7BE, 0xD69A, 0x940E, 0x69C3, 0x7224, 0x7A25, 0x8265,
  0x4963, 0x10A3, 0x10A3, 0x10A3, 0x10A3, 0x10A3, 0x10A3, 0x10A3, 0x10A3, 0x10A3, 0x10A3, 0x10A3,
  0x10A3, 0x10A3, 0x10A3, 0x10A3, 0x10A3, 0x10A3, 0x10A3, 0x10A3, 0x10A3, 0x10A3, 0x10A3, 0x8286,
  0x9B27, 0x92E7, 0x92E7, 0x8AC6, 0x7225, 0xAD54, 0xEF5D, 0xDEDB, 0x18E3, 0x1082, 0x10A2, 0x1082,
  0x10A2, 0x0841, 0xBDF7, 0xF7BE, 0xD6BA, 0x936A, 0x8265, 0x8286, 0x7A45, 0x7A45, 0x5941, 0x8B6C,
  0xE75D, 0xFFDF, 0x8410, 0x0000, 0x0861, 0x0841, 0x0861, 0x0000, 0x4228, 0xF7BE, 0xDEDB, 0xA490,
  0x71E3, 0x7204, 0x7224, 0x7224, 0x7204, 0x20E3, 0x10A3, 0x10A3, 0x10A3, 0x10A3, 0x10A3, 0x10A3,
  0x10A3, 0x10A3, 0x10A3, 0x10A3, 0x10A3, 0x10A3, 0x10A3, 0x10A3, 0x10A3, 0x10A3, 0x10A3, 0x10A3,
  0x10A3, 0x10A3, 0x3144, 0x9B07, 0x92E6, 0x92C6, 0x8AC6, 0x8AA6, 0x7225, 0xB554, 0xEF7D, 0xDEFB,
  0x18E3, 0x1082, 0x10A2, 0x10A2, 0x10A2, 0x0841, 0xC638, 0xF7BE, 0xD69A, 0x9349, 0x8265, 0x7A65,
  0x7224, 0x7204, 0x5941, 0x8B6B, 0xE75D, 0xFFDF, 0x8C71, 0x0000, 0x1082, 0x0861, 0x0861, 0x0000,
  0x4A48, 0xFFBE, 0xDEDB, 0xA4B1, 0x7203, 0x7204, 0x7204, 0x7204, 0x7204, 0x3923, 0x10A3, 0x10A3,
  0x10A3, 0x10A3, 0x10A3, 0x10A3, 0x10A3, 0x10A3, 0x10A3, 0x10A3, 0x10A3, 0x10A3, 0x10A3, 0x10A3,
  0x10A3, 0x10A3, 0x10A3, 0x10A3, 0x10A3, 0x10A3, 0x51C4, 0x9B06, 0x8AC6, 0x8AC6, 0x8AA6, 0x8AA6,
  0x7A24, 0xACF3, 0xE73C, 0xEF7D, 0x31A6, 0x1082, 0x18C3, 0x10A2, 0x1082, 0x18E3, 0xE73C, 0xEF7D,
  0xCE58, 0x8AE7, 0x8265, 0x7A45, 0x7204, 0x6A04, 0x6162, 0x7A88, 0xE73C, 0xF7BE, 0xB596, 0x0000,
  0x1082, 0x0861, 0x1082, 0x0000, 0x6B4D, 0xFFDE, 0xD6BB, 0xA46F, 0x7A03, 0x7204, 0x7204, 0x71E4,
  0x69C3, 0x4123, 0x10A3, 0x10A3, 0x10A3, 0x10A3, 0x10A3, 0x10A3, 0x10A3, 0x10A3, 0x10A3, 0x10A3,
  0x10A3, 0x10A3, 0x10A3, 0x10A3, 0x10A3, 0x10A3, 0x10A3, 0x10A3, 0x10A3, 0x10A3, 0x61E4, 0x92E6,
  0x8AA6, 0x8AA6, 0x8AA6, 0x8AC6, 0x7A24, 0x940E, 0xDEFB, 0xFFDE, 0x73AE, 0x0841, 0x2104, 0x2104,
  0x0000, 0x630C, 0xFFFF, 0xEF7D, 0xC5D5, 0x8265, 0x7A65, 0x7224, 0x69C4, 0x6183, 0x5962, 0x61A3,
  0xD699, 0xF79E, 0xEF5D, 0x2124, 0x0861, 0x10A2, 0x18C3, 0x0000, 0xB596, 0xF79E, 0xCE7A, 0x9BCB,
  0x7A24, 0x7225, 0x7204, 0x69E4, 0x69A3, 0x4922, 0x10A3, 0x10A3, 0x10A3, 0x10A3, 0x10A3, 0x10A3,
  0x10A3, 0x10A3, 0x10A3, 0x10A3, 0x10A3, 0x10A3, 0x10A3, 0x10A3, 0x10A3, 0x10A3, 0x10A3, 0x10A3,
  0x10A3, 0x10A3, 0x59E4, 0x8AC6, 0x8285, 0x8286, 0x8286, 0x8AA6, 0x8285, 0x82C8, 0xD6BA, 0xF79D,
  0xDEFB, 0x2124, 0x0861, 0x0861, 0x18C3, 0xD6BA, 0xF7BE, 0xEF9E, 0xAC4D, 0x7A03, 0x69E4, 0x61A3,
  0x69C3, 0x7224, 0x8286, 0x71E3, 0xAC90, 0xF7BE, 0xFFDF, 0xA514, 0x0000, 0x0861, 0x0000, 0x52AA,
  0xFFDE, 0xE73C, 0xC5F7, 0x9307, 0x7A45, 0x7A25, 0x7204, 0x69C4, 0x6183, 0x4102, 0x10A3, 0x10A3,
  0x10A3, 0x10A3, 0x10A3, 0x10A3, 0x10A3, 0x10A3, 0x10A3, 0x10A3, 0x10A3, 0x10A3, 0x10A3, 0x10A3,
  0x10A3, 0x10A3, 0x10A3, 0x10A3, 0x10A3, 0x10A3, 0x51C4, 0x8A85, 0x7A65, 0x8265, 0x8285, 0x8285,
  0x8AC6, 0x8244, 0xACD1, 0xF7BE, 0xF7BE, 0xCE79, 0x52AA, 0x52AA, 0xCE79, 0xFFDE, 0xF7DF, 0xD637,
  0x7A24, 0x6A04, 0x7A65, 0x92E7, 0x9307, 0x8AC6, 0x8286, 0x7A45, 0x7225, 0xE6DA, 0xF7BE, 0xFFDE,
  0xA534, 0x4A69, 0x7BCF, 0xEF7D, 0xF77D, 0xE75D, 0xB48F, 0x92C5, 0x7A45, 0x7A25, 0x71E4, 0x61A3,
  0x6162, 0x38C2, 0x10A3, 0x10A3, 0x10A3, 0x10A3, 0x10A3, 0x10A3, 0x10A3, 0x10A3, 0x10A3, 0x10A3,
  0x10A3, 0x10A3, 0x10A3, 0x10A3, 0x10A3, 0x10A3, 0x10A3, 0x10A3, 0x10A3, 0x10A3, 0x4164, 0x8265,
  0x7A45, 0x7A45, 0x7A65, 0x8265, 0x8286, 0x8AE6, 0x8285, 0xCDD6, 0xF7DF, 0xFFDF, 0xFFFF, 0xFFFF,
  0xFFFF, 0xFFFF, 0xE6DA, 0x9B27, 0x8AC6, 0xA368, 0xA3A8, 0x9B47, 0x8AC6, 0x8285, 0x8265, 0x7A65,
  0x7203, 0x9329, 0xEF7D, 0xF7DF, 0xFFFF, 0xFFFF, 0xFFFF, 0xF7BE, 0xEFBE, 0xC573, 0xA347, 0x8AA6,
  0x7A45, 0x7224, 0x69C4, 0x6183, 0x5922, 0x28A2, 0x10A3, 0x10A3, 0x10A3, 0x10A3, 0x10A3, 0x10A3,
  0x10A3, 0x10A3, 0x10A3, 0x10A3, 0x10A3, 0x10A3, 0x10A3, 0x10A3, 0x10A3, 0x10A3, 0x10A3, 0x10A3,
  0x10A3, 0x10A3, 0x18C3, 0x61C3, 0x69C4, 0x69E4, 0x69E4, 0x7204, 0x7224, 0x7A65, 0x8AC6, 0x8AA5,
  0xBCF1, 0xE71B, 0xF79E, 0xF79E, 0xEF7C, 0xD5D5, 0x9B27, 0x9B47, 0xABC9, 0xA388, 0x9B47, 0x8AE6,
  0x8AA6, 0x8285, 0x8265, 0x7A45, 0x7A65, 0x7204, 0x9308, 0xD637, 0xEF5C, 0xF79E, 0xEF7D, 0xE6DA,
  0xBCF0, 0x9B26, 0x92E6, 0x8265, 0x7A45, 0x69E4, 0x6183, 0x5942, 0x48C1, 0x1082, 0x10A3, 0x10A3,
  0x10A3, 0x10A3, 0x10A3, 0x10A3, 0x10A3, 0x10A3, 0x10A3, 0x10A3, 0x10A3, 0x10A3, 0x10A3, 0x10A3,
  0x10A3, 0x10A3, 0x10A3, 0x10A3, 0x10A3, 0x10A3, 0x2103, 0x7225, 0x8AA6, 0x8286, 0x8AA6, 0x8AC6,
  0x92E6, 0x9307, 0x9B47, 0xA368, 0x8A85, 0x92E7, 0xA3CB, 0xABEB, 0x9B68, 0x9B06, 0xABC9, 0xB40A,
  0xABC9, 0x9B48, 0x9307, 0x8AC6, 0x82A6, 0x8285, 0x7A65, 0x7A65, 0x7A65, 0x8285, 0x7A44, 0x8244,
  0x9B49, 0xAC0C, 0xABCB, 0x9B07, 0x92C5, 0x92E6, 0x8286, 0x7A65, 0x7224, 0x69C3, 0x5963, 0x5101,
  0x40A1, 0x2903, 0x10A3, 0x10A3, 0x10A3, 0x10A3, 0x10A3, 0x10A3, 0x10A3, 0x10A3, 0x10A3, 0x10A3,
  0x10A3, 0x10A3, 0x10A3, 0x10A3, 0x10A3, 0x10A3, 0x10A3, 0x10A3, 0x3964, 0x7266, 0x9B27, 0xA347,
  0xA368, 0xAB88, 0xAB88, 0xAB88, 0xAB88, 0xABA9, 0xABA9, 0xABA9, 0xABC9, 0xABC9, 0xABA8, 0xABC8,
  0xB40A, 0xBC4B, 0xB42A, 0xABC9, 0x9B48, 0x9307, 0x8AC6, 0x8AA6, 0x8286, 0x8285, 0x8265, 0x8285,
  0x8286, 0x82A6, 0x8AA6, 0x8AC6, 0x8AA6, 0x8AA5, 0x8AA5, 0x8AC6, 0x8AC6, 0x8AA6, 0x8265, 0x7A25,
  0x69E4, 0x61A3, 0x5942, 0x5102, 0x8265, 0x9B07, 0x82A6, 0x59E5, 0x20E3, 0x10A3, 0x10A3, 0x10A3,
  0x10A3, 0x10A3, 0x10A3, 0x10A3, 0x10A3, 0x10A3, 0x10A3, 0x10A3, 0x10A3, 0x10A3, 0x18E3, 0x7265,
  0xA347, 0xAB68, 0xA347, 0xA347, 0xA368, 0xA388, 0xABA8, 0xABA9, 0xABA8, 0xABA9, 0xABA9, 0xABA8,
  0xA368, 0x9306, 0x8AA5, 0x92E6, 0x9B06, 0x9306, 0x92E6, 0x8AC5, 0x8A85, 0x8265, 0x8244, 0x7A44,
  0x7A24, 0x7A24, 0x7A04, 0x7A04, 0x7A04, 0x7204, 0x7203, 0x71E3, 0x71C3, 0x69A3, 0x7204, 0x8285,
  0x8285, 0x8265, 0x7A45, 0x7204, 0x69C3, 0x5963, 0x6183, 0x8285, 0x9307, 0x92E6, 0x9306, 0x9B06,
  0x8AA6, 0x3943, 0x10A3, 0x10A3, 0x10A3, 0x10A3, 0x10A3, 0x10A3, 0x10A3, 0x10A3, 0x10A3, 0x10A3,
  0x10A3, 0x20E3, 0x8AE6, 0xAB68, 0x9B27, 0x9B27, 0xA347, 0xA348, 0xA368, 0xA388, 0xABA9, 0xABA9,
  0xA3A8, 0xA388, 0xA368, 0x9B48, 0x8265, 0x7267, 0xA471, 0x9C0F, 0x8B8D, 0x834B, 0x7AEA, 0x7AA9,
  0x72A9, 0x7288, 0x7288, 0x7268, 0x7268, 0x7268, 0x7268, 0x7268, 0x7268, 0x72A9, 0x7B0B, 0x834C,
  0x8BCE, 0xA471, 0x8B4B, 0x7204, 0x7A45, 0x7A24, 0x7204, 0x71E4, 0x69C3, 0x7204, 0x8AC6, 0x92E6,
  0x92E6, 0x92E6, 0x8AC6, 0x8AA6, 0x8AA6, 0x8AA5, 0x3943, 0x10A3, 0x10A3, 0x10A3, 0x10A3, 0x10A3,
  0x10A3, 0x10A3, 0x10A3, 0x10A3, 0x10A3, 0x7A65, 0xAB67, 0x9B27, 0x9B27, 0x9B27, 0x9B47, 0x9B47,
  0x9B48, 0xA368, 0xA368, 0xA368, 0x9B47, 0x9B27, 0x9307, 0x92E7, 0x7A03, 0xACB0, 0xFFFF, 0xEF9E,
  0xE75D, 0xDEFB, 0xCE7A, 0xC639, 0xC638, 0xC618, 0xBE18, 0xBE18, 0xBE18, 0xBE18, 0xBE18, 0xC618,
  0xC639, 0xCE7A, 0xD6DB, 0xE75D, 0xF7BE, 0xFFFF, 0xE6DA, 0x7203, 0x7225, 0x7224, 0x7204, 0x7204,
  0x8265, 0x92E6, 0x92E6, 0x92C6, 0x8AC6, 0x8AC6, 0x8AA6, 0x8286, 0x8285, 0x8265, 0x7A44, 0x20E3,
  0x10A3, 0x10A3, 0x10A3, 0x10A3, 0x10A3, 0x10A3, 0x10A3, 0x10A3, 0x3944, 0xA327, 0x9307, 0x9B07,
  0x9B07, 0x9B07, 0x9B07, 0x9B07, 0x9B27, 0x9B27, 0x9B27, 0x9307, 0x92E7, 0x92E6, 0x8AC6, 0x8AA6,
  0x8AA6, 0x8285, 0xDE58, 0xFFFF, 0xF79E, 0xF79E, 0xEF7D, 0xEF5D, 0xE73C, 0xE71C, 0xDEFB, 0xDEFB,
  0xDEFB, 0xDEFB, 0xE71C, 0xE73C, 0xEF5D, 0xF79E, 0xF7BE, 0xF79E, 0xFFDF, 0xF77D, 0xA3AA, 0x7204,
  0x7A25, 0x7224, 0x7A45, 0x8AC6, 0x92E6, 0x92E6, 0x92C6, 0x8AC6, 0x8AA6, 0x8AA6, 0x8285, 0x8265,
  0x7A65, 0x7A45, 0x8245, 0x4983, 0x10A3, 0x10A3, 0x10A3, 0x10A3, 0x10A3, 0x10A3, 0x10A3, 0x10A3,
  0x6205, 0x9B27, 0x92E6, 0x92E7, 0x92E6, 0x92E6, 0x92E6, 0x92E6, 0x92E6, 0x92E6, 0x92E6, 0x8AC6,
  0x8AC6, 0x8AA6, 0x8AA6, 0x82A6, 0x8AA6, 0x8285, 0x8AA6, 0xD616, 0xFFFF, 0xF7DF, 0xF79E, 0xF79E,
  0xF7BE, 0xF79E, 0xF79E, 0xF79E, 0xF79E, 0xF79E, 0xF79E, 0xF7BE, 0xF7BE, 0xF79E, 0xF79E, 0xFFFF,
  0xEF1A, 0xA389, 0x7203, 0x7A45, 0x7A44, 0x8285, 0x92E6, 0x9306, 0x92E6, 0x92E6, 0x8AC6, 0x8AA6,
  0x8285, 0x8285, 0x8265, 0x7A65, 0x7A45, 0x7A25, 0x7224, 0x61C4, 0x10A3, 0x10A3, 0x10A3, 0x10A3,
  0x10A3, 0x10A3, 0x10A3, 0x1083, 0x7245, 0x9B07, 0x92C6, 0x92E6, 0x92C6, 0x8AC6, 0x8AC6, 0x8AC6,
  0x8AA6, 0x8AA6, 0x8AA6, 0x8AA6, 0x8AA6, 0x8286, 0x8286, 0x8285, 0x8285, 0x8286, 0x8285, 0x8244,
  0xB48E, 0xEF5C, 0xFFFF, 0xF7DF, 0xF79E, 0xF79E, 0xF79E, 0xF79E, 0xF79E, 0xF79E, 0xF79E, 0xF79E,
  0xF7BE, 0xFFFF, 0xFFDF, 0xD5B3, 0x8AA5, 0x7A23, 0x7A65, 0x8265, 0x92E6, 0x9B07, 0x9B06, 0x92E6,
  0x92E6, 0x8AC6, 0x8AA6, 0x8285, 0x8265, 0x7A65, 0x7A45, 0x7A45, 0x7224, 0x7204, 0x71E4, 0x69C3,
  0x20E3, 0x10A3, 0x10A3, 0x10A3, 0x10A3, 0x10A3, 0x10A3, 0x10A2, 0x7A65, 0x92E6, 0x8AC6, 0x8AC6,
  0x8AA6, 0x8AA6, 0x8AA6, 0x8AA6, 0x8AA6, 0x82A6, 0x8286, 0x8285, 0x8285, 0x8285, 0x8265, 0x8265,
  0x8265, 0x8265, 0x8265, 0x8286, 0x7A44, 0x92E7, 0xC532, 0xEF1B, 0xFFFF, 0xFFFF, 0xFFFF, 0xFFFF,
  0xFFFF, 0xFFFF, 0xFFFF, 0xFFFF, 0xF79D, 0xDE36, 0xA3AA, 0x7A23, 0x7A44, 0x8285, 0x8AC6, 0x9306,
  0x9B06, 0x9306, 0x92E6, 0x8AC6, 0x8AA6, 0x8285, 0x8285, 0x7A65, 0x7A45, 0x7A45, 0x7A25, 0x7204,
  0x7204, 0x69E4, 0x69C3, 0x61A3, 0x28C2, 0x10A3, 0x10A3, 0x10A3, 0x10A3, 0x10A3, 0x10A3, 0x10A3,
  0x7245, 0x8AC6, 0x8AA6, 0x8AA6, 0x8AA6, 0x82A6, 0x8286, 0x8285, 0x8285, 0x8285, 0x8265, 0x8265,
  0x8265, 0x7A65, 0x7A65, 0x7A65, 0x7A65, 0x7A65, 0x7A65, 0x7A65, 0x8265, 0x7A45, 0x7A23, 0x8AA6,
  0xABEB, 0xC511, 0xD5F5, 0xDE57, 0xDE57, 0xDE36, 0xCDB4, 0xBCAE, 0x9B48, 0x8243, 0x7A24, 0x8285,
  0x8AC6, 0x92E6, 0x9B06, 0x9306, 0x92E6, 0x92E6, 0x8AC6, 0x8AA6, 0x8285, 0x8285, 0x7A45, 0x7A45,
  0x7225, 0x7224, 0x7204, 0x69E4, 0x69C4, 0x69C3, 0x61A3, 0x5962, 0x20C2, 0x10A3, 0x10A3, 0x10A3,
  0x10A3, 0x10A3, 0x10A3, 0x10A3, 0x59E4, 0x8AA6, 0x8286, 0x8285, 0x8285, 0x8285, 0x8265, 0x8265,
  0x7A65, 0x7A65, 0x7A45, 0x7A45, 0x7A45, 0x7A45, 0x7A45, 0x7A45, 0x7A45, 0x7A45, 0x7A45, 0x7A45,
  0x7A45, 0x7A45, 0x7A65, 0x7A45, 0x7A24, 0x7A23, 0x8244, 0x8264, 0x8264, 0x8244, 0x8223, 0x7A23,
  0x7A44, 0x8A85, 0x92C6, 0x92E6, 0x9306, 0x92E6, 0x92E6, 0x92E6, 0x8AC6, 0x8AA6, 0x8AA5, 0x8285,
  0x8265, 0x7A45, 0x7A24, 0x7224, 0x7204, 0x69E4, 0x69E4, 0x69C3, 0x61A3, 0x6183, 0x5962, 0x50E1,
  0x18A3, 0x10A3, 0x10A3, 0x10A3, 0x10A3, 0x10A3, 0x10A3, 0x10A3, 0x3944, 0x8A85, 0x8265, 0x8265,
  0x8265, 0x7A65, 0x7A45, 0x7A45, 0x7A45, 0x7A45, 0x7A25, 0x7A25, 0x7224, 0x7224, 0x7224, 0x7224,
  0x7204, 0x7204, 0x7224, 0x7224, 0x7A24, 0x7A24, 0x7A45, 0x7A45, 0x8265, 0x8285, 0x8285, 0x8285,
  0x8285, 0x8285, 0x8285, 0x8AA6, 0x92C6, 0x92E6, 0x92E6, 0x92E6, 0x92E6, 0x92E6, 0x8AC6, 0x8AA6,
  0x8AA5, 0x8285, 0x8265, 0x7A65, 0x7A45, 0x7224, 0x7204, 0x69E4, 0x69C4, 0x69C3, 0x61A3, 0x6183,
  0x5963, 0x5942, 0x5901, 0x3081, 0x10A3, 0x10A3, 0x10A3, 0x10A3, 0x10A3, 0x10A3, 0x10A3, 0x10A3,
  0x18C3, 0x7204, 0x7A65, 0x7A45, 0x7A45, 0x7A45, 0x7A25, 0x7A24, 0x7224, 0x7224, 0x7204, 0x7204,
  0x7204, 0x71E4, 0x71E4, 0x71E4, 0x71E4, 0x71E4, 0x7204, 0x7204, 0x7224, 0x7A24, 0x7A44, 0x7A45,
  0x7A44, 0x7A65, 0x8265, 0x8265, 0x8285, 0x8AA5, 0x8AC6, 0x92C6, 0x92E6, 0x92E6, 0x92E6, 0x8AC6,
  0x8AA5, 0x8AA5, 0x8A85, 0x8285, 0x8265, 0x7A45, 0x7A25, 0x7204, 0x7204, 0x69E4, 0x69C3, 0x61A3,
  0x61A3, 0x6183, 0x5963, 0x5942, 0x5122, 0x50C1, 0x3860, 0x10A2, 0x10A3, 0x10A3, 0x10A3, 0x10A3,
  0x10A3, 0x10A3, 0x10A3, 0x10A3, 0x10A3, 0x3123, 0x7A24, 0x7224, 0x7224, 0x7204, 0x7204, 0x7204,
  0x7204, 0x69E4, 0x69E4, 0x69E4, 0x69C3, 0x69C4, 0x69C3, 0x69C3, 0x69E4, 0x69E4, 0x71E4, 0x7204,
  0x7204, 0x7A24, 0x7A24, 0x7A44, 0x7A45, 0x8285, 0x8A85, 0x8AA5, 0x8AA6, 0x8AA5, 0x8AA5, 0x8AA5,
  0x8AA5, 0x8A85, 0x8285, 0x8265, 0x8245, 0x7A44, 0x7A24, 0x7A24, 0x7204, 0x71E4, 0x69E4, 0x69C3,
  0x61A3, 0x6183, 0x6183, 0x5963, 0x5942, 0x5922, 0x5101, 0x50C1, 0x4860, 0x3040, 0x10A2, 0x10A3,
  0x10A3, 0x10A3, 0x10A3, 0x10A3, 0x10A3, 0x10A3, 0x10A3, 0x10A3, 0x10A3, 0x10A3, 0x3923, 0x71E4,
  0x71E4, 0x69E4, 0x69E4, 0x69C3, 0x69C3, 0x61C3, 0x69A3, 0x61A3, 0x69A3, 0x69A3, 0x69C3, 0x71C3,
  0x71E3, 0x71E3, 0x71E3, 0x71E3, 0x71E3, 0x7A03, 0x7A24, 0x8265, 0x8A85, 0x8A85, 0x8A85, 0x8265,
  0x8265, 0x8244, 0x7A24, 0x7A04, 0x7A04, 0x71E4, 0x71E4, 0x71C3, 0x69C3, 0x69A3, 0x69A3, 0x6183,
  0x6183, 0x6183, 0x5963, 0x5942, 0x5922, 0x5122, 0x5101, 0x50C1, 0x50A1, 0x4860, 0x4020, 0x3820,
  0x2061, 0x10A3, 0x10A3, 0x10A3, 0x10A3, 0x10A3, 0x10A3, 0x10A3, 0x10A3, 0x10A3, 0x10A3, 0x10A3,
  0x10A3, 0x10A3, 0x10A3, 0x20C2, 0x4922, 0x5942, 0x5962, 0x6162, 0x5942, 0x5922, 0x5102, 0x5102,
  0x48E2, 0x4902, 0x4102, 0x40E2, 0x3902, 0x30E2, 0x30E2, 0x30E2, 0x30E3, 0x28E2, 0x28E2, 0x3923,
  0x5163, 0x5983, 0x61A3, 0x69A3, 0x6983, 0x6983, 0x6982, 0x6962, 0x6962, 0x6142, 0x6122, 0x6101,
  0x5901, 0x58E1, 0x58E1, 0x50C1, 0x50A1, 0x5081, 0x4881, 0x4860, 0x4840, 0x4040, 0x4020, 0x3800,
  0x3020, 0x2841, 0x1862, 0x10A3, 0x10A3, 0x10A3, 0x10A3, 0x10A3, 0x10A3, 0x10A3, 0x10A3, 0x10A3,
  0x10A3, 0x10A3, 0x10A3, 0x10A3, 0x10A3, 0x10A3, 0x10A3, 0x10A3, 0x0882, 0x18A2, 0x20A2, 0x2082,
  0x2082, 0x18A2, 0x1882, 0x1082, 0x1082, 0x10A3, 0x10A3, 0x10A3, 0x10A3, 0x10A3, 0x10A3, 0x10A3,
  0x10A3, 0x10A3, 0x10A3, 0x10A3, 0x10A3, 0x0882, 0x1082, 0x18A2, 0x18A2, 0x20A2, 0x20A2, 0x20A2,
  0x20A2, 0x20A2, 0x2882, 0x2882, 0x2881, 0x2881, 0x2082, 0x2061, 0x2041, 0x2061, 0x2062, 0x2062,
  0x1862, 0x1882, 0x1882, 0x1082, 0x10A3, 0x10A3, 0x10A3, 0x10A3, 0x10A3, 0x10A3, 0x10A3, 0x10A3,
  0x10A3, 0x10A3, 0x10A3, 0x10A3, 0x10A3, 0x10A3, 0x10A3, 0x10A3, 0x10A3, 0x10A3, 0x10A3, 0x10A3,
  0x10A3, 0x10A3, 0x10A3, 0x10A3, 0x10A3, 0x10A3, 0x10A3, 0x10A3, 0x10A3, 0x10A3, 0x10A3, 0x10A3,
  0x10A3, 0x10A3, 0x10A3, 0x10A3, 0x10A3, 0x10A3, 0x10A3, 0x10A3, 0x10A3, 0x10A3, 0x10A3, 0x10A3,
  0x10A3, 0x10A3, 0x10A3, 0x10A3, 0x10A3, 0x10A3, 0x10A3, 0x10A3, 0x10A3, 0x10A3, 0x10A3, 0x10A3,
  0x10A3, 0x10A3, 0x10A3, 0x10A3, 0x10A3, 0x10A3, 0x10A3, 0x10A3, 0x10A3, 0x10A3, 0x10A3, 0x10A3,
  0x10A3, 0x10A3, 0x10A3, 0x10A3, 0x10A3, 0x10A3, 0x10A3, 0x10A3, 0x10A3, 0x10A3, 0x10A3, 0x10A3,
  0x10A3, 0x10A3, 0x10A3, 0x10A3, 0x10A3, 0x10A3, 0x10A3, 0x10A3, 0x10A3, 0x10A3, 0x10A3, 0x10A3,
  0x10A3, 0x10A3, 0x10A3, 0x10A3, 0x10A3, 0x10A3, 0x10A3, 0x10A3, 0x10A3, 0x10A3, 0x10A3, 0x10A3,
  0x10A3, 0x10A3, 0x10A3, 0x10A3, 0x10A3, 0x10A3, 0x10A3, 0x10A3, 0x10A3, 0x10A3, 0x10A3, 0x10A3,
  0x10A3, 0x10A3, 0x10A3, 0x10A3, 0x10A3, 0x10A3, 0x10A3, 0x10A3, 0x10A3, 0x10A3, 0x10A3, 0x10A3,
  0x10A3, 0x10A3, 0x10A3, 0x10A3, 0x10A3, 0x10A3, 0x10A3, 0x10A3, 0x10A3, 0x10A3, 0x10A3, 0x10A3,
  0x10A3, 0x10A3, 0x10A3, 0x10A3, 0x10A3, 0x10A3, 0x10A3, 0x10A3, 0x10A3, 0x10A3, 0x10A3, 0x10A3,
  0x10A3, 0x10A3, 0x10A3, 0x10A3, 0x10A3, 0x10A3, 0x10A3, 0x10A3, 0x10A3, 0x10A3, 0x10A3, 0x10A3,
  0x10A3, 0x10A3, 0x10A3, 0x10A3, 0x10A3, 0x10A3, 0x10A3, 0x10A3, 0x10A3, 0x10A3, 0x10A3, 0x10A3,
  0x10A3, 0x10A3, 0x10A3, 0x10A3, 0x10A3, 0x10A3, 0x10A3, 0x10A3, 0x10A3, 0x10A3, 0x10A3, 0x10A3,
  0x10A3, 0x10A3, 0x10A3, 0x10A3, 0x10A3, 0x10A3, 0x10A3, 0x10A3, 0x10A3, 0x10A3, 0x10A3, 0x10A3,
  0x10A3, 0x10A3, 0x10A3, 0x10A3,
};

static const uint16_t ICON_MIXED[4096] PROGMEM = {
  0x10A3, 0x10A3, 0x10A3, 0x10A3, 0x10A3, 0x10A3, 0x10A3, 0x10A3, 0x10A3, 0x10A3, 0x10A3, 0x10A3,
  0x10A3, 0x10A3, 0x10A3, 0x10A3, 0x10A3, 0x10A3, 0x10A3, 0x10A3, 0x10A3, 0x10A3, 0x10A3, 0x10A3,
  0x10A3, 0x10A3, 0x10A3, 0x10A3, 0x10A3, 0x10A3, 0x10A3, 0x10A3, 0x10A3, 0x10A3, 0x10A3, 0x10A3,
  0x10A3, 0x10A3, 0x10A3, 0x10A3, 0x10A3, 0x10A3, 0x10A3, 0x10A3, 0x10A3, 0x10A3, 0x10A3, 0x10A3,
  0x10A3, 0x10A3, 0x10A3, 0x10A3, 0x10A3, 0x10A3, 0x10A3, 0x10A3, 0x10A3, 0x10A3, 0x10A3, 0x10A3,
  0x10A3, 0x10A3, 0x10A3, 0x10A3, 0x10A3, 0x10A3, 0x10A3, 0x10A3, 0x10A3, 0x10A3, 0x10A3, 0x10A3,
  0x10A3, 0x10A3, 0x10A3, 0x10A3, 0x10A3, 0x10A3, 0x10A3, 0x10A3, 0x10A3, 0x10A3, 0x10A3, 0x10A3,
  0x10A3, 0x10A3, 0x10A3, 0x10A3, 0x10A3, 0x10A3, 0x10A3, 0x10A3, 0x10A3, 0x10A3, 0x10A3, 0x10A3,
  0x10A3, 0x10A3, 0x10A3, 0x10A3, 0x10A3, 0x10A3, 0x10A3, 0x10A3, 0x10A3, 0x10A3, 0x10A3, 0x10A3,
  0x10A3, 0x10A3, 0x10A3, 0x10A3, 0x10A3, 0x10A3, 0x10A3, 0x10A3, 0x10A3, 0x10A3, 0x10A3, 0x10A3,
  0x10A3, 0x10A3, 0x10A3, 0x10A3, 0x10A3, 0x10A3, 0x10A3, 0x10A3, 0x10A3, 0x10A3, 0x10A3, 0x10A3,
  0x10A3, 0x10A3, 0x10A3, 0x10A3, 0x10A3, 0x10A3, 0x10A3, 0x10A3, 0x10A3, 0x10A3, 0x10A3, 0x10A3,
  0x10A3, 0x10A3, 0x10A3, 0x10A3, 0x10A3, 0x10A3, 0x10A3, 0x10A3, 0x10A3, 0x10A3, 0x10A3, 0x10A3,
  0x10A3, 0x10A3, 0x10A3, 0x10A3, 0x10A3, 0x10A3, 0x10A3, 0x10A3, 0x10A3, 0x10A3, 0x10A3, 0x10A3,
  0x10A3, 0x10A3, 0x10A3, 0x10A3, 0x10A3, 0x10A3, 0x10A3, 0x10A3, 0x10A3, 0x10A3, 0x10A3, 0x10A3,
  0x10A3, 0x10A3, 0x10A3, 0x10A3, 0x10A3, 0x10A3, 0x10A3, 0x10A3, 0x10A3, 0x10A3, 0x10A3, 0x10A3,
  0x10A3, 0x10A3, 0x10A3, 0x10A3, 0x10A3, 0x10A3, 0x10A3, 0x10A3, 0x10A3, 0x10A3, 0x10A3, 0x10A3,
  0x10A3, 0x10A3, 0x10A3, 0x10A3, 0x10A3, 0x10A3, 0x10A3, 0x10A3, 0x10A3, 0x10A3, 0x10A3, 0x10A3,
  0x10A3, 0x10A3, 0x10A3, 0x10A3, 0x10A3, 0x10A3, 0x10A3, 0x10A3, 0x10A3, 0x10A3, 0x10A3, 0x10A3,
  0x10A3, 0x10A3, 0x10A3, 0x10A3, 0x10A3, 0x10A3, 0x10A3, 0x10A3, 0x10A3, 0x10A3, 0x10A3, 0x10A3,
  0x10A3, 0x10A3, 0x10A3, 0x10A3, 0x10A3, 0x10A3, 0x10A3, 0x10A3, 0x10A3, 0x10A3, 0x10A3, 0x10A3,
  0x10A3, 0x10A3, 0x10A3, 0x10A3, 0x10A3, 0x10A3, 0x10A3, 0x10A3, 0x10A3, 0x10A3, 0x10A3, 0x10A3,
  0x10A3, 0x10A3, 0x10A3, 0x10A3, 0x10A3, 0x10A3, 0x10A3, 0x10A3, 0x08A4, 0x2C35, 0x2BB3, 0x0883,
  0x10A3, 0x10A3, 0x10A3, 0x10A3, 0x10A3, 0x10A3, 0x10A3, 0x10A3, 0x10A3, 0x10A3, 0x10A3, 0x10A3,
  0x10A3, 0x10A3, 0x10A3, 0x10A3, 0x10A3, 0x10A3, 0x10A3, 0x10A3, 0x10A3, 0x10A3, 0x10A3, 0x10A3,
  0x10A3, 0x10A3, 0x10A3, 0x10A3, 0x10A3, 0x10A3, 0x10A3, 0x10A3, 0x10A3, 0x10A3, 0x10A3, 0x10A3,
  0x10A3, 0x10A3, 0x10A3, 0x10A3, 0x10A3, 0x10A3, 0x10A3, 0x10A3, 0x10A3, 0x10A3, 0x10A3, 0x10A3,
  0x10A3, 0x10A3, 0x10A3, 0x10A3, 0x10A3, 0x10A3, 0x10A3, 0x10A3, 0x10A3, 0x10A3, 0x10A3, 0x10A3,
  0x0AF0, 0xC7FF, 0xAF9F, 0x0A4D, 0x10A3, 0x10A3, 0x10A3, 0x10A3, 0x10A3, 0x10A3, 0x10A3, 0x10A3,
  0x10A3, 0x10A3, 0x10A3, 0x10A3, 0x10A3, 0x10A3, 0x10A3, 0x10A3, 0x10A3, 0x10A3, 0x10A3, 0x10A3,
  0x10A3, 0x10A3, 0x10A3, 0x10A3, 0x10A3, 0x10A3, 0x10A3, 0x10A3, 0x10A3, 0x10A3, 0x10A3, 0x10A3,
  0x10A3, 0x10A3, 0x10A3, 0x10A3, 0x10A3, 0x10A3, 0x10A3, 0x10A3, 0x10A3, 0x10A3, 0x10A3, 0x10A3,
  0x10A3, 0x10A3, 0x10A3, 0x10A3, 0x10A3, 0x10A3, 0x10A3, 0x10A3, 0x10A3, 0x10A3, 0x10A3, 0x10A3,
  0x10A3, 0x10A3, 0x10A3, 0x0906, 0x3DBD, 0xEFDF, 0xE7FF, 0x2D1B, 0x08C4, 0x10A3, 0x10A3, 0x10A3,
  0x10A3, 0x10A3, 0x10A3, 0x10A3, 0x10A3, 0x10A3, 0x10A3, 0x10A3, 0x10A3, 0x10A3, 0x10A3, 0x10A3,
  0x10A3, 0x10A3, 0x10A3, 0x10A3, 0x10A3, 0x10A3, 0x10A3, 0x10A3, 0x10A3, 0x10A3, 0x10A3, 0x10A3,
  0x10A3, 0x10A3, 0x10A3, 0x10A3, 0x10A3, 0x10A3, 0x10A3, 0x10A3, 0x10A3, 0x10A3, 0x10A3, 0x10A3,
  0x10A3, 0x10A3, 0x10A3, 0x10A3, 0x10A3, 0x10A3, 0x10A3, 0x10A3, 0x10A3, 0x10A3, 0x10A3, 0x10A3,
  0x10A3, 0x10A3, 0x10A3, 0x10A3, 0x10A3, 0x10A3, 0x10A3, 0x02D1, 0x7EDF, 0xE7FF, 0xE7DF, 0x669F,
  0x026E, 0x10A3, 0x10A3, 0x10A3, 0x10A3, 0x10A3, 0x10A3, 0x10A3, 0x10A3, 0x10A3, 0x10A3, 0x10A3,
  0x10A3, 0x10A3, 0x10A3, 0x10A3, 0x10A3, 0x10A3, 0x10A3, 0x10A3, 0x10A3, 0x10A3, 0x10A3, 0x10A3,
  0x10A3, 0x10A3, 0x10A3, 0x10A3, 0x10A3, 0x10A3, 0x10A3, 0x10A3, 0x10A3, 0x10A3, 0x10A3, 0x10A3,
  0x10A3, 0x10A3, 0x10A3, 0x10A3, 0x10A3, 0x10A3, 0x10A3, 0x10A3, 0x10A3, 0x10A3, 0x10A3, 0x10A3,
  0x10A3, 0x10A3, 0x10A3, 0x10A3, 0x10A3, 0x10A3, 0x10A3, 0x10A3, 0x10A3, 0x10A3, 0x0905, 0x04BB,
  0xB73F, 0xDFDF, 0xE7FF, 0xA71F, 0x0459, 0x08E4, 0x10A3, 0x10A3, 0x10A3, 0x10A3, 0x10A3, 0x10A3,
  0x10A3, 0x10A3, 0x10A3, 0x10A3, 0x10A3, 0x10A3, 0x10A3, 0x10A3, 0x10A3, 0x10A3, 0x10A3, 0x10A3,
  0x10A3, 0x10A3, 0x10A3, 0x10A3, 0x10A3, 0x10A3, 0x10A3, 0x10A3, 0x10A3, 0x10A3, 0x10A3, 0x10A3,
  0x10A3, 0x10A3, 0x10A3, 0x10A3, 0x10A3, 0x10A3, 0x10A3, 0x10A3, 0x10A3, 0x10A3, 0x10A3, 0x10A3,
  0x10A3, 0x10A3, 0x10A3, 0x10A3, 0x10A3, 0x10A3, 0x10A3, 0x10A3, 0x10A3, 0x10A3, 0x10A3, 0x10A3,
  0x10A3, 0x10A3, 0x028F, 0x1DBF, 0xD79F, 0xD7DF, 0xDFDF, 0xCF9F, 0x159F, 0x024D, 0x10A3, 0x10A3,
  0x10A3, 0x10A3, 0x10A3, 0x10A3, 0x10A3, 0x10A3, 0x10A3, 0x10A3, 0x10A3, 0x10A3, 0x10A3, 0x10A3,
  0x10A3, 0x10A3, 0x10A3, 0x10A3, 0x10A3, 0x10A3, 0x10A3, 0x10A3, 0x10A3, 0x10A3, 0x10A3, 0x10A3,
  0x10A3, 0x10A3, 0x10A3, 0x10A3, 0x10A3, 0x10A3, 0x10A3, 0x10A3, 0x10A3, 0x10A3, 0x10A3, 0x10A3,
  0x10A3, 0x10A3, 0x10A3, 0x10A3, 0x10A3, 0x10A3, 0x10A3, 0x10A3, 0x10A3, 0x10A3, 0x10A3, 0x10A3,
  0x10A3, 0x10A3, 0x10A3, 0x10A3, 0x10A3, 0x10E5, 0x0459, 0x561F, 0xEFFF, 0xD7DF, 0xD7DF, 0xE7DF,
  0x3DFF, 0x0418, 0x10C4, 0x10A3, 0x10A3, 0x10A3, 0x10A3, 0x10A3, 0x10A3, 0x10A3, 0x10A3, 0x10A3,
  0x10A3, 0x10A3, 0x10A3, 0x10A3, 0x10A3, 0x10A3, 0x10A3, 0x10A3, 0x10A3, 0x10A3, 0x10A3, 0x10A3,
  0x10A3, 0x10A3, 0x10A3, 0x10A3, 0x10A3, 0x10A3, 0x10A3, 0x10A3, 0x10A3, 0x10A3, 0x10A3, 0x10A3,
  0x10A3, 0x10A3, 0x10A3, 0x10A3, 0x10A3, 0x10A3, 0x10A3, 0x10A3, 0x10A3, 0x10A3, 0x10A3, 0x10A3,
  0x10A3, 0x10A3, 0x10A3, 0x10A3, 0x10A3, 0x10A3, 0x10A3, 0x10A3, 0x10A3, 0x026E, 0x051E, 0x86BF,
  0xEFFF, 0xD7BF, 0xD7DF, 0xEFFF, 0x767F, 0x051D, 0x0A2D, 0x10A3, 0x10A3, 0x10A3, 0x10A3, 0x10A3,
  0x10A3, 0x10A3, 0x10A3, 0x10A3, 0x10A3, 0x10A3, 0x10A3, 0x10A3, 0x10A3, 0x10A3, 0x10A3, 0x10A3,
  0x10A3, 0x10A3, 0x10A3, 0x10A3, 0x10A3, 0x10A3, 0x10A3, 0x10A3, 0x10A3, 0x10A3, 0x10A3, 0x10A3,
  0x10A3, 0x10A3, 0x10A3, 0x10A3, 0x10A3, 0x10A3, 0x10A3, 0x10A3, 0x10A3, 0x10A3, 0x10A3, 0x10A3,
  0x10A3, 0x10A3, 0x10A3, 0x10A3, 0x10A3, 0x10A3, 0x10A3, 0x10A3, 0x10A3, 0x10A3, 0x10A3, 0x10A3,
  0x08E5, 0x0418, 0x055E, 0xB73F, 0xE7FF, 0xD7BF, 0xD7BF, 0xEFFF, 0xAF1F, 0x053E, 0x03F7, 0x08C4,
  0x10A3, 0x10A3, 0x10A3, 0x10A3, 0x10A3, 0x10A3, 0x10A3, 0x10A3, 0x10A3, 0x10A3, 0x10A3, 0x10A3,
  0x10A3, 0x10A3, 0x10A3, 0x10A3, 0x10A3, 0x10A3, 0x10A3, 0x10A3, 0x10A3, 0x10A3, 0x10A3, 0x10A3,
  0x10A3, 0x10A3, 0x10A3, 0x10A3, 0x10A3, 0x10A3, 0x10A3, 0x10A3, 0x10A3, 0x10A3, 0x10A3, 0x10A3,
  0x10A3, 0x10A3, 0x10A3, 0x10A3, 0x10A3, 0x10A3, 0x10A3, 0x10A3, 0x10A3, 0x10A3, 0x10A3, 0x10A3,
  0x10A3, 0x10A3, 0x10A3, 0x10A3, 0x0A4E, 0x04FD, 0x2DBE, 0xDFBF, 0xDFFF, 0xD7BF, 0xD7DF, 0xE7FF,
  0xD79F, 0x259E, 0x04FD, 0x0A2D, 0x10A3, 0x10A3, 0x10A3, 0x10A3, 0x10A3, 0x10A3, 0x10A3, 0x10A3,
  0x10A3, 0x10A3, 0x10A3, 0x10A3, 0x10A3, 0x10A3, 0x10A3, 0x10A3, 0x10A3, 0x10A3, 0x10A3, 0x10A3,
  0x10A3, 0x10A3, 0x10A3, 0x10A3, 0x10A3, 0x10A3, 0x10A3, 0x10A3, 0x10A3, 0x10A3, 0x10A3, 0x10A3,
  0x10A3, 0x10A3, 0x10A3, 0x10A3, 0x10A3, 0x10A3, 0x10A3, 0x10A3, 0x10A3, 0x10A3, 0x10A3, 0x10A3,
  0x10A3, 0x10A3, 0x10A3, 0x10A3, 0x10A3, 0x10A3, 0x10A3, 0x08C4, 0x03F7, 0x051D, 0x663F, 0xE7DF,
  0xDFFF, 0xD7DF, 0xD7BF, 0xDFDF, 0xEFFF, 0x561F, 0x051D, 0x03D7, 0x08C4, 0x10A3, 0x10A3, 0x10A3,
  0x10A3, 0x10A3, 0x10A3, 0x10A3, 0x10A3, 0x10A3, 0x10A3, 0x10A3, 0x10A3, 0x10A3, 0x10A3, 0x10A3,
  0x10A3, 0x10A3, 0x10A3, 0x10A3, 0x10A3, 0x10A3, 0x10A3, 0x10A3, 0x10A3, 0x10A3, 0x10A3, 0x10A3,
  0x10A3, 0x10A3, 0x10A3, 0x10A3, 0x10A3, 0x10A3, 0x10A3, 0x10A3, 0x10A3, 0x10A3, 0x10A3, 0x10A3,
  0x10A3, 0x10A3, 0x10A3, 0x10A3, 0x10A3, 0x10A3, 0x10A3, 0x10A3, 0x10A3, 0x10A3, 0x10A3, 0x022D,
  0x04DC, 0x053E, 0x96DF, 0xEFFF, 0xD7DF, 0xD7DF, 0xD7DF, 0xD7DF, 0xEFFF, 0x8EBF, 0x053D, 0x04DC,
  0x022D, 0x10A3, 0x10A3, 0x10A3, 0x10A3, 0x10A3, 0x10A3, 0x10A3, 0x10A3, 0x10A3, 0x10A3, 0x10A3,
  0x10A3, 0x10A3, 0x10A3, 0x10A3, 0x10A3, 0x10A3, 0x10A3, 0x10A3, 0x10A3, 0x10A3, 0x10A3, 0x10A3,
  0x10A3, 0x10A3, 0x10A3, 0x10A3, 0x10A3, 0x10A3, 0x10A3, 0x10A3, 0x10A3, 0x10A3, 0x10A3, 0x10A3,
  0x10A3, 0x10A3, 0x10A3, 0x10A3, 0x10A3, 0x10A3, 0x10A3, 0x10A3, 0x10A3, 0x10A3, 0x10A3, 0x10A3,
  0x10A3, 0x10A3, 0x08C4, 0x03D7, 0x051C, 0x157E, 0xC75F, 0xE7FF, 0xD7DF, 0xD7DF, 0xD7DF, 0xD7DF,
  0xE7FF, 0xC75F, 0x157E, 0x051C, 0x03D7, 0x08C4, 0x10A3, 0x10A3, 0x10A3, 0x10A3, 0x10A3, 0x10A3,
  0x10A3, 0x10A3, 0x10A3, 0x10A3, 0x10A3, 0x10A3, 0x10A3, 0x10A3, 0x10A3, 0x10A3, 0x10A3, 0x10A3,
  0x10A3, 0x10A3, 0x10A3, 0x10A3, 0x10A3, 0x10A3, 0x10A3, 0x10A3, 0x10A3, 0x10A3, 0x10A3, 0x10A3,
  0x10A3, 0x10A3, 0x10A3, 0x10A3, 0x10A3, 0x10A3, 0x10A3, 0x10A3, 0x10A3, 0x10A3, 0x10A3, 0x10A3,
  0x10A3, 0x10A3, 0x10A3, 0x10A3, 0x10A3, 0x10A3, 0x020D, 0x04BC, 0x051D, 0x45FF, 0xDFBF, 0xDFFF,
  0xD7DF, 0xD7DF, 0xD7BF, 0xD7DF, 0xE7FF, 0xDFBF, 0x45FF, 0x051D, 0x04BC, 0x022D, 0x10A3, 0x10A3,
  0x10A3, 0x10A3, 0x10A3, 0x10A3, 0x10A3, 0x10A3, 0x10A3, 0x10A3, 0x10A3, 0x10A3, 0x10A3, 0x10A3,
  0x10A3, 0x10A3, 0x10A3, 0x10A3, 0x10A3, 0x10A3, 0x10A3, 0x10A3, 0x10A3, 0x10A3, 0x10A3, 0x10A3,
  0x10A3, 0x10A3, 0x10A3, 0x10A3, 0x10A3, 0x10A3, 0x10A3, 0x10A3, 0x10A3, 0x10A3, 0x10A3, 0x10A3,
  0x10A3, 0x10A3, 0x10A3, 0x10A3, 0x10A3, 0x10A3, 0x10A3, 0x10A3, 0x10A3, 0x08C4, 0x03B6, 0x04FC,
  0x053E, 0x7E9F, 0xE7DF, 0xDFDF, 0xD7DF, 0xCFBF, 0xCFBF, 0xD7DF, 0xDFFF, 0xEFFF, 0x7E7F, 0x053E,
  0x04FC, 0x03B7, 0x08C4, 0x10A3, 0x10A3, 0x10A3, 0x10A3, 0x10A3, 0x10A3, 0x10A3, 0x10A3, 0x10A3,
  0x10A3, 0x10A3, 0x10A3, 0x10A3, 0x10A3, 0x10A3, 0x10A3, 0x10A3, 0x10A3, 0x10A3, 0x10A3, 0x10A3,
  0x10A3, 0x10A3, 0x10A3, 0x10A3, 0x10A3, 0x10A3, 0x10A3, 0x10A3, 0x10A3, 0x10A3, 0x10A3, 0x10A3,
  0x10A3, 0x10A3, 0x10A3, 0x10A3, 0x10A3, 0x10A3, 0x10A3, 0x10A3, 0x10A3, 0x10A3, 0x10A3, 0x10A3,
  0x10A3, 0x020C, 0x049B, 0x051D, 0x159F, 0xB71F, 0xE7FF, 0xD7FF, 0xD7DF, 0xCFFF, 0xCFDF, 0xD7DF,
  0xDFFF, 0xE7FF, 0xB73F, 0x0D7E, 0x051C, 0x049B, 0x020D, 0x10A3, 0x10A3, 0x10A3, 0x10A3, 0x10A3,
  0x10A3, 0x10A3, 0x10A3, 0x10A3, 0x10A3, 0x10A3, 0x10A3, 0x10A3, 0x10A3, 0x10A3, 0x10A3, 0x10A3,
  0x10A3, 0x10A3, 0x10A3, 0x10A3, 0x10A3, 0x10A3, 0x10A3, 0x10A3, 0x10A3, 0x10A3, 0x10A3, 0x10A3,
  0x10A3, 0x10A3, 0x10A3, 0x10A3, 0x10A3, 0x10A3, 0x10A3, 0x10A3, 0x10A3, 0x10A3, 0x10A3, 0x10A3,
  0x10A3, 0x10A3, 0x10A3, 0x10A3, 0x08C3, 0x0396, 0x04DC, 0x053D, 0x45FF, 0xD7BF, 0xDFFF, 0xD7FF,
  0xCFFF, 0xCFFF, 0xCFFF, 0xCFFF, 0xD7FF, 0xDFFF, 0xDFBF, 0x45FF, 0x053D, 0x04DC, 0x03B6, 0x08C4,
  0x10A3, 0x10A3, 0x10A3, 0x10A3, 0x10A3, 0x10A3, 0x10A3, 0x10A3, 0x10A3, 0x10A3, 0x10A3, 0x10A3,
  0x10A3, 0x10A3, 0x10A3, 0x10A3, 0x10A3, 0x10A3, 0x10A3, 0x10A3, 0x10A3, 0x10A3, 0x10A3, 0x10A3,
  0x10A3, 0x10A3, 0x10A3, 0x10A3, 0x10A3, 0x10A3, 0x10A3, 0x10A3, 0x10A3, 0x10A3, 0x10A3, 0x10A3,
  0x10A3, 0x10A3, 0x10A3, 0x10A3, 0x10A3, 0x10A3, 0x10A3, 0x10A3, 0x09CA, 0x047B, 0x04FC, 0x055E,
  0x86BF, 0xE7FF, 0xD7FF, 0xCFFF, 0xCFFF, 0xCFFF, 0xC7FF, 0xCFFF, 0xCFDF, 0xD7DF, 0xE7FF, 0x869F,
  0x055E, 0x04FC, 0x047B, 0x01EB, 0x10A3, 0x10A3, 0x10A3, 0x10A3, 0x10A3, 0x10A3, 0x10A3, 0x10A3,
  0x10A3, 0x10A3, 0x10A3, 0x10A3, 0x10A3, 0x10A3, 0x10A3, 0x10A3, 0x10A3, 0x10A3, 0x10A3, 0x10A3,
  0x10A3, 0x10A3, 0x10A3, 0x10A3, 0x10A3, 0x10A3, 0x10A3, 0x10A3, 0x10A3, 0x10A3, 0x10A3, 0x10A3,
  0x10A3, 0x10A3, 0x10A3, 0x10A3, 0x10A3, 0x10A3, 0x10A3, 0x10A3, 0x10A3, 0x10A3, 0x10A3, 0x08A3,
  0x0313, 0x04DC, 0x053D, 0x1DBF, 0xBF5F, 0xDFFF, 0xCFFF, 0xC7FF, 0xC7FF, 0xC7FF, 0xC7FF, 0xC7DF,
  0xC7DF, 0xCFDF, 0xDFFF, 0xBF3F, 0x1D9F, 0x051D, 0x04BC, 0x0334, 0x08A3, 0x10A3, 0x10A3, 0x10A3,
  0x10A3, 0x10A3, 0x10A3, 0x2924, 0x49A4, 0x10A3, 0x10A3, 0x10A3, 0x10A3, 0x10A3, 0x10A3, 0x10A3,
  0x10A3, 0x10A3, 0x10A3, 0x10A3, 0x10A3, 0x10A3, 0x10A3, 0x10A3, 0x10A3, 0x10A3, 0x10A3, 0x10A3,
  0x10A3, 0x10A3, 0x10A3, 0x10A3, 0x10A3, 0x10A3, 0x10A3, 0x10A3, 0x10A3, 0x10A3, 0x10A3, 0x10A3,
  0x10A3, 0x10A3, 0x10A3, 0x0926, 0x0419, 0x04DC, 0x053E, 0x563F, 0xD7BF, 0xCFFF, 0xC7FF, 0xC7FF,
  0xBFFF, 0xBFFF, 0xBFDF, 0xBFBF, 0xBFBF, 0xC7BF, 0xCFBF, 0xDFBF, 0x561F, 0x053D, 0x04DC, 0x0439,
  0x0948, 0x10A3, 0x10A3, 0x10A3, 0x10A3, 0x10A3, 0x10A3, 0x2903, 0xABC9, 0x9327, 0x59C4, 0x20E3,
  0x10A3, 0x10A3, 0x10A3, 0x10A3, 0x10A3, 0x10A3, 0x10A3, 0x10A3, 0x10A3, 0x10A3, 0x10A3, 0x10A3,
  0x10A3, 0x10A3, 0x10A3, 0x10A3, 0x10A3, 0x10A3, 0x10A3, 0x10A3, 0x10A3, 0x10A3, 0x10A3, 0x10A3,
  0x10A3, 0x10A3, 0x10A3, 0x10A3, 0x10A3, 0x10A3, 0x10A3, 0x022D, 0x049B, 0x04FC, 0x055F, 0x8EBF,
  0xD7DF, 0xC7DF, 0xBFDF, 0xBFDF, 0xB7DF, 0xB7DF, 0xB7BF, 0xB7BF, 0xB79F, 0xBF9F, 0xC77F, 0xD7BF,
  0x8E9F, 0x053E, 0x04FC, 0x049B, 0x024E, 0x10A3, 0x10A3, 0x10A3, 0x10A3, 0x10A3, 0x10A3, 0x10A3,
  0x9328, 0xB40A, 0x9B27, 0x8AA6, 0x4984, 0x0883, 0x10A3, 0x10A3, 0x10A3, 0x10A3, 0x10A3, 0x10A3,
  0x10A3, 0x10A3, 0x10A3, 0x10A3, 0x10A3, 0x10A3, 0x10A3, 0x10A3, 0x10A3, 0x10A3, 0x10A3, 0x10A3,
  0x10A3, 0x10A3, 0x10A3, 0x10A3, 0x10A3, 0x10A3, 0x10A3, 0x10A3, 0x10A3, 0x10A3, 0x1082, 0x02F2,
  0x04BB, 0x051C, 0x1D9F, 0xAF1F, 0xC7BF, 0xBFBF, 0xB7BF, 0xB7DF, 0xAFBF, 0xAFBF, 0xAFBF, 0xAF9F,
  0xAF7F, 0xB75F, 0xB75F, 0xC77F, 0xB6FF, 0x155E, 0x04FC, 0x04BB, 0x0333, 0x08A3, 0x10A3, 0x10A3,
  0x10A3, 0x10A3, 0x10A3, 0x2903, 0xABC9, 0xABC9, 0x9B27, 0x92E6, 0x92E6, 0x6A05, 0x18C3, 0x10A3,
  0x10A3, 0x10A3, 0x10A3, 0x10A3, 0x10A3, 0x10A3, 0x10A3, 0x10A3, 0x10A3, 0x10A3, 0x10A3, 0x10A3,
  0x10A3, 0x10A3, 0x10A3, 0x10A3, 0x10A3, 0x10A3, 0x10A3, 0x10A3, 0x10A3, 0x10A3, 0x10A3, 0x10A3,
  0x10A3, 0x10A3, 0x08E4, 0x0396, 0x04BB, 0x051D, 0x2DBF, 0xB73F, 0xBF7F, 0xB79F, 0xAFBF, 0xAFBF,
  0xAFBF, 0xAFBF, 0xA79F, 0xA77F, 0xAF5F, 0xAF5F, 0xAF3F, 0xB73F, 0xBF1F, 0x259E, 0x051D, 0x04BB,
  0x03D7, 0x0906, 0x10A3, 0x10A3, 0x10A3, 0x10A3, 0x10A3, 0x7266, 0xB3E9, 0x9B88, 0x9B47, 0x9307,
  0x8AC6, 0x92C6, 0x7A45, 0x20E3, 0x10A3, 0x10A3, 0x10A3, 0x10A3, 0x10A3, 0x10A3, 0x10A3, 0x10A3,
  0x10A3, 0x10A3, 0x10A3, 0x10A3, 0x10A3, 0x10A3, 0x10A3, 0x10A3, 0x10A3, 0x10A3, 0x10A3, 0x10A3,
  0x10A3, 0x10A3, 0x10A3, 0x10A3, 0x10A3, 0x10A3, 0x0948, 0x0419, 0x04BB, 0x053E, 0x35DF, 0xAF1F,
  0xAF5F, 0xAF7F, 0xA79F, 0xA79F, 0xA79F, 0xA79F, 0xA77F, 0xA75F, 0x9F3F, 0xA71F, 0xA71F, 0xAEFF,
  0xB6FF, 0x2D9E, 0x051D, 0x04BB, 0x0439, 0x0989, 0x10A3, 0x10A3, 0x10A3, 0x10A3, 0x3123, 0xA368,
  0xA368, 0x9B48, 0x9B27, 0x9B27, 0x9B27, 0x8AC6, 0x92C6, 0x7A45, 0x20E3, 0x10A3, 0x10A3, 0x10A3,
  0x10A3, 0x10A3, 0x10A3, 0x10A3, 0x10A3, 0x10A3, 0x10A3, 0x10A3, 0x10A3, 0x10A3, 0x10A3, 0x10A3,
  0x10A3, 0x10A3, 0x10A3, 0x10A3, 0x10A3, 0x10A3, 0x10A3, 0x10A3, 0x10A3, 0x10A3, 0x09CB, 0x045A,
  0x04BB, 0x0D3E, 0x2DBF, 0x96DF, 0xA73F, 0x9F5F, 0x9F7F, 0x9F7F, 0x9F9F, 0x9F7F, 0x9F7F, 0x9F5F,
  0x9F3F, 0x9F1F, 0x9EFF, 0x9EDF, 0x9EBF, 0x259E, 0x051D, 0x04BB, 0x047A, 0x0A2D, 0x10A3, 0x10A3,
  0x10A3, 0x10A3, 0x6205, 0x9B27, 0x9307, 0x9307, 0x9327, 0xA388, 0xABC9, 0x9B27, 0x8AA6, 0x8AA6,
  0x6A04, 0x10A3, 0x10A3, 0x10A3, 0x10A3, 0x10A3, 0x10A3, 0x10A3, 0x10A3, 0x10A3, 0x10A3, 0x10A3,
  0x10A3, 0x10A3, 0x10A3, 0x10A3, 0x10A3, 0x10A3, 0x10A3, 0x10A3, 0x10A3, 0x10A3, 0x10A3, 0x10A3,
  0x10A3, 0x10A3, 0x0A4E, 0x047B, 0x04DC, 0x0D5E, 0x25BF, 0x767F, 0x96FF, 0x973F, 0x975F, 0x975F,
  0x977F, 0x975F, 0x975F, 0x8F3F, 0x8F1F, 0x8EDF, 0x8EBF, 0x8E9F, 0x763F, 0x157E, 0x051D, 0x04DB,
  0x049B, 0x0A8F, 0x10A3, 0x10A3, 0x10A3, 0x10A3, 0x7225, 0x82A6, 0x8285, 0x82A6, 0x9B48, 0xABC9,
  0xA388, 0x9307, 0x8AA6, 0x7A65, 0x8245, 0x3943, 0x10A3, 0x10A3, 0x10A3, 0x10A3, 0x10A3, 0x10A3,
  0x10A3, 0x10A3, 0x10A3, 0x10A3, 0x10A3, 0x10A3, 0x10A3, 0x10A3, 0x10A3, 0x10A3, 0x10A3, 0x10A3,
  0x10A3, 0x10A3, 0x10A3, 0x10A3, 0x10A3, 0x10A3, 0x0AB0, 0x0CBC, 0x0CFC, 0x155E, 0x1D9F, 0x4E3F,
  0x76BF, 0x7EFF, 0x871F, 0x873F, 0x873F, 0x871F, 0x871F, 0x7EFF, 0x7EDF, 0x7EBF, 0x767F, 0x6E3F,
  0x45BF, 0x055E, 0x053D, 0x04FC, 0x0CBC, 0x1332, 0x10A3, 0x10A3, 0x10A3, 0x10A3, 0x59A4, 0x7A25,
  0x7225, 0x92E6, 0xA388, 0xAB88, 0x9B27, 0x8AC6, 0x8286, 0x7A65, 0x7A24, 0x59A3, 0x10A3, 0x10A3,
  0x10A3, 0x10A3, 0x10A3, 0x10A3, 0x10A3, 0x10A3, 0x10A3, 0x10A3, 0x10A3, 0x10A3, 0x10A3, 0x10A3,
  0x10A3, 0x10A3, 0x10A3, 0x10A3, 0x10A3, 0x10A3, 0x10A3, 0x10A3, 0x10A3, 0x10A3, 0x1311, 0x151D,
  0x0CFC, 0x155E, 0x1D9F, 0x2DFF, 0x4E5F, 0x5E9F, 0x66DF, 0x6EFF, 0x6EFF, 0x6EDF, 0x6EDF, 0x66BF,
  0x667F, 0x5E5F, 0x4E1F, 0x3DDF, 0x159F, 0x055E, 0x053D, 0x0CFC, 0x151D, 0x1BB5, 0x10A3, 0x10A3,
  0x10A2, 0x3124, 0x7266, 0x9B27, 0xA368, 0xB3E9, 0xB3E9, 0xA388, 0x8AC6, 0x82A6, 0x8265, 0x7A45,
  0x7204, 0x61A3, 0x18A2, 0x10A3, 0x10A3, 0x10A3, 0x10A3, 0x10A3, 0x10A3, 0x10A3, 0x10A3, 0x10A3,
  0x10A3, 0x10A3, 0x10A3, 0x10A3, 0x10A3, 0x10A3, 0x10A3, 0x10A3, 0x10A3, 0x10A3, 0x10A3, 0x10A3,
  0x10A3, 0x10A3, 0x1B31, 0x1D5E, 0x151D, 0x155E, 0x1D9F, 0x25DF, 0x2E1F, 0x365F, 0x3E7F, 0x469F,
  0x469F, 0x469F, 0x3E7F, 0x3E5F, 0x363F, 0x2DFF, 0x25DF, 0x159F, 0x0D7F, 0x055E, 0x0D3D, 0x151D,
  0x1D5E, 0x1BB4, 0x10A3, 0x4184, 0x9347, 0xBC2A, 0xC44A, 0xBC4A, 0xB42A, 0xABE9, 0xA388, 0x92E6,
  0x8285, 0x7A65, 0x7A45, 0x7204, 0x69C4, 0x5963, 0x1082, 0x10A3, 0x10A3, 0x10A3, 0x10A3, 0x10A3,
  0x10A3, 0x10A3, 0x10A3, 0x10A3, 0x10A3, 0x10A3, 0x10A3, 0x10A3, 0x10A3, 0x10A3, 0x10A3, 0x10A3,
  0x10A3, 0x10A3, 0x10A3, 0x10A3, 0x10A3, 0x10A3, 0x1AEF, 0x259F, 0x1D3D, 0x155E, 0x1D7F, 0x25BF,
  0x2DFF, 0x2E1F, 0x363F, 0x365F, 0x365F, 0x365F, 0x363F, 0x2E1F, 0x25FF, 0x25DF, 0x1DBF, 0x157F,
  0x0D5E, 0x053D, 0x0D3D, 0x1D3D, 0x259F, 0x1B52, 0x4184, 0xAB88, 0xBC2A, 0xBC6B, 0xB44A, 0xABE9,
  0xA388, 0x9327, 0x8AC6, 0x8265, 0x7A45, 0x7224, 0x69E4, 0x69C3, 0x5963, 0x4902, 0x2903, 0x10C3,
  0x10A3, 0x10A3, 0x10A3, 0x10A3, 0x10A3, 0x10A3, 0x10A3, 0x10A3, 0x10A3, 0x10A3, 0x10A3, 0x10A3,
  0x10A3, 0x10A3, 0x10A3, 0x10A3, 0x10A3, 0x10A3, 0x10A3, 0x10A3, 0x10A3, 0x10A3, 0x120B, 0x2D9F,
  0x1D5E, 0x155E, 0x1D5F, 0x1D7F, 0x25BF, 0x2DDF, 0x2E1F, 0x361F, 0x361F, 0x2E1F, 0x2E1F, 0x2DFF,
  0x25DF, 0x1DBF, 0x157F, 0x155F, 0x0D3E, 0x0D3D, 0x153D, 0x1D5D, 0x2DBF, 0x228C, 0x92E6, 0x9B27,
  0x9B27, 0x9B27, 0x9307, 0x8AC6, 0x82A6, 0x8285, 0x7A45, 0x7A25, 0x7204, 0x69E4, 0x61A3, 0x5942,
  0x5122, 0x7224, 0x8AC6, 0x8286, 0x51C4, 0x10C3, 0x10A3, 0x10A3, 0x10A3, 0x10A3, 0x10A3, 0x10A3,
  0x10A3, 0x10A3, 0x10A3, 0x10A3, 0x10A3, 0x10A3, 0x10A3, 0x10A3, 0x10A3, 0x10A3, 0x10A3, 0x10A3,
  0x10A3, 0x10A3, 0x1105, 0x253C, 0x259F, 0x1D3D, 0x153E, 0x1D5F, 0x1D7F, 0x259F, 0x25BF, 0x2DDF,
  0x2DDF, 0x2DDF, 0x25DF, 0x25BF, 0x1D9F, 0x1D7F, 0x155F, 0x0D3E, 0x0D1D, 0x0D1D, 0x1D5D, 0x257E,
  0x2D7D, 0x49E6, 0x9B07, 0x8AA6, 0x8286, 0x8265, 0x7A65, 0x7A65, 0x7A45, 0x7A45, 0x7224, 0x7204,
  0x61C3, 0x5963, 0x5942, 0x69C3, 0x8285, 0x8AA6, 0x8286, 0x8AA6, 0x92C6, 0x6A04, 0x10A3, 0x10A3,
  0x10A3, 0x10A3, 0x10A3, 0x10A3, 0x10A3, 0x10A3, 0x10A3, 0x10A3, 0x10A3, 0x10A3, 0x10A3, 0x10A3,
  0x10A3, 0x10A3, 0x10A3, 0x10A3, 0x10A3, 0x10A3, 0x10A3, 0x23D4, 0x2DFF, 0x1D5E, 0x1D3D, 0x153E,
  0x153E, 0x1D5F, 0x1D7F, 0x259F, 0x259F, 0x259F, 0x1D9F, 0x1D7F, 0x1D5F, 0x155E, 0x0D3D, 0x0D1D,
  0x0D1D, 0x153D, 0x1D5E, 0x2DFF, 0x2457, 0x6205, 0x92C6, 0x8265, 0x82A6, 0x8AC6, 0x8AC6, 0x8286,
  0x7A45, 0x7224, 0x69E4, 0x6183, 0x5962, 0x69C3, 0x8265, 0x8AC6, 0x8AA6, 0x8AC6, 0x8AC6, 0x8AC6,
  0x8286, 0x8285, 0x4143, 0x10A3, 0x10A3, 0x10A3, 0x10A3, 0x10A3, 0x10A3, 0x10A3, 0x10A3, 0x10A3,
  0x10A3, 0x10A3, 0x10A3, 0x10A3, 0x10A3, 0x10A3, 0x10A3, 0x10A3, 0x10A3, 0x10A3, 0x10A3, 0x1188,
  0x2DDF, 0x259F, 0x1D5E, 0x1D3D, 0x151D, 0x153E, 0x1D3E, 0x1D5F, 0x1D5F, 0x1D5F, 0x155F, 0x153E,
  0x153E, 0x0D1D, 0x0D1D, 0x0D1D, 0x153D, 0x1D5E, 0x259E, 0x361F, 0x19EA, 0x6A05, 0x8AC6, 0x92C6,
  0x8265, 0x7204, 0x7224, 0x7A24, 0x7A65, 0x7204, 0x69C4, 0x7225, 0x8AC6, 0x9307, 0x8AC6, 0x8AC6,
  0x8A85, 0x69C3, 0x5963, 0x6142, 0x71E3, 0x7A45, 0x5183, 0x10A3, 0x10A3, 0x10A3, 0x10A3, 0x10A3,
  0x10A3, 0x10A3, 0x10A3, 0x10A3, 0x10A3, 0x10A3, 0x10A3, 0x10A3, 0x10A3, 0x10A3, 0x10A3, 0x10A3,
  0x10A3, 0x10A3, 0x10A3, 0x10A3, 0x2392, 0x365F, 0x259E, 0x257E, 0x1D3D, 0x151D, 0x151D, 0x151D,
  0x153E, 0x151D, 0x151D, 0x151D, 0x0D1D, 0x151D, 0x151D, 0x153D, 0x1D5E, 0x259E, 0x365F, 0x2415,
  0x10A3, 0x59E4, 0x92C6, 0x69E4, 0x6AAA, 0x9CB2, 0xA4D3, 0x8BAD, 0x7205, 0x8AC6, 0x9B27, 0x9B48,
  0x9307, 0x8286, 0x8AC6, 0x7A44, 0x6A47, 0x8C10, 0xA4F3, 0x83AE, 0x59A5, 0x69A3, 0x5163, 0x10A3,
  0x10A3, 0x10A3, 0x10A3, 0x10A3, 0x10A3, 0x10A3, 0x10A3, 0x10A3, 0x10A3, 0x10A3, 0x10A3, 0x10A3,
  0x10A3, 0x10A3, 0x10A3, 0x10A3, 0x10A3, 0x10A3, 0x10A3, 0x10A3, 0x10C3, 0x2CD9, 0x367F, 0x2D9F,
  0x257E, 0x1D5E, 0x1D3D, 0x151D, 0x151D, 0x151D, 0x151D, 0x151D, 0x151D, 0x151D, 0x1D3D, 0x257E,
  0x2D9F, 0x365F, 0x2D5A, 0x10E4, 0x10A3, 0x4984, 0x7A45, 0x8C30, 0xE75C, 0xE71B, 0xE71B, 0xE75D,
  0xB554, 0x82A6, 0x9307, 0x8AE6, 0x8286, 0x8286, 0x7A44, 0x72A9, 0xCE79, 0xEF7D, 0xDEDA, 0xEF7D,
  0xC638, 0x7AE9, 0x4102, 0x10A3, 0x10A3, 0x10A3, 0x10A3, 0x10A3, 0x10A3, 0x10A3, 0x10A3, 0x10A3,
  0x10A3, 0x10A3, 0x10A3, 0x10A3, 0x10A3, 0x10A3, 0x10A3, 0x10A3, 0x10A3, 0x10A3, 0x10A3, 0x10A3,
  0x10A3, 0x1105, 0x2D19, 0x3EBF, 0x2DDF, 0x2D9F, 0x257E, 0x1D5E, 0x1D3D, 0x1D3D, 0x1D3D, 0x1D3D,
  0x1D5E, 0x257E, 0x259F, 0x2DDF, 0x3EBF, 0x357A, 0x1146, 0x10A3, 0x49A5, 0x7A44, 0x8B8D, 0xEF7D,
  0xB595, 0x18C3, 0x2965, 0xCE79, 0xEF7D, 0x9C4F, 0x8244, 0x8AC6, 0x8285, 0x8265, 0x69C4, 0xBDD7,
  0xF7BE, 0x7BCF, 0x1082, 0x5AAA, 0xE75C, 0xBDD6, 0x6205, 0x4163, 0x18C3, 0x10A3, 0x10A3, 0x10A3,
  0x10A3, 0x10A3, 0x10A3, 0x10A3, 0x10A3, 0x10A3, 0x10A3, 0x10A3, 0x10A3, 0x10A3, 0x10A3, 0x10A3,
  0x10A3, 0x10A3, 0x10A3, 0x10A3, 0x10A3, 0x10A3, 0x10C4, 0x2C34, 0x3EBF, 0x3EBF, 0x361F, 0x2DDF,
  0x2D9F, 0x257E, 0x257E, 0x2D9E, 0x2DBF, 0x361F, 0x3E9F, 0x3EDF, 0x2C96, 0x1105, 0x2903, 0x8AC6,
  0xAB68, 0x8266, 0xBDB6, 0xEF5C, 0x2945, 0x0000, 0x0000, 0x52AA, 0xFFDF, 0xC5F7, 0x8285, 0x8AA6,
  0x8286, 0x71E3, 0x7AC9, 0xEF9E, 0xC617, 0x0000, 0x0020, 0x0000, 0x9492, 0xEF7D, 0x8B8C, 0x7A04,
  0x7A65, 0x3123, 0x10A3, 0x10A3, 0x10A3, 0x10A3, 0x10A3, 0x10A3, 0x10A3, 0x10A3, 0x10A3, 0x10A3,
  0x10A3, 0x10A3, 0x10A3, 0x10A3, 0x10A3, 0x10A3, 0x10A3, 0x10A3, 0x10A3, 0x10A3, 0x10A3, 0x10A3,
  0x1A2A, 0x2CF7, 0x3E7E, 0x3EDF, 0x3EDF, 0x3EDF, 0x3EDF, 0x3EFF, 0x3EDF, 0x3E9F, 0x3539, 0x1A8C,
  0x10A3, 0x18C3, 0x8AC6, 0xA368, 0x8AC6, 0x7AA7, 0xDEDB, 0xBDF7, 0x0861, 0x10A2, 0x0861, 0x2104,
  0xE73C, 0xDEBA, 0x8AE7, 0x8285, 0x8286, 0x6182, 0x93CE, 0xFFFF, 0x8430, 0x0000, 0x1082, 0x0000,
  0x4A69, 0xF7BE, 0xA4B1, 0x69A3, 0x7A45, 0x7A45, 0x28E3, 0x10A3, 0x10A3, 0x10A3, 0x10A3, 0x10A3,
  0x10A3, 0x10A3, 0x10A3, 0x10A3, 0x10A3, 0x10A3, 0x10A3, 0x10A3, 0x10A3, 0x10A3, 0x10A3, 0x10A3,
  0x10A3, 0x10A3, 0x10A3, 0x10A3, 0x10A3, 0x10A3, 0x11A8, 0x230E, 0x2413, 0x2C75, 0x2C75, 0x2413,
  0x232F, 0x11C8, 0x10A2, 0x10A3, 0x10A3, 0x51C5, 0xA327, 0x8AE6, 0x8A85, 0x82E9, 0xE73C, 0xB595,
  0x0841, 0x18C3, 0x1082, 0x18E3, 0xE71B, 0xDEDA, 0x8AE8, 0x8265, 0x7A45, 0x6162, 0x9C0F, 0xFFFF,
  0x7BCE, 0x0000, 0x1082, 0x0000, 0x4208, 0xF7BE, 0xB533, 0x71E3, 0x6A04, 0x7A25, 0x5183, 0x10A3,
  0x10A3, 0x10A3, 0x10A3, 0x10A3, 0x10A3, 0x10A3, 0x10A3, 0x10A3, 0x10A3, 0x10A3, 0x10A3, 0x10A3,
  0x10A3, 0x10A3, 0x10A3, 0x10A3, 0x10A3, 0x10A3, 0x10A3, 0x10A3, 0x10A3, 0x10A3, 0x10A3, 0x10A3,
  0x10A3, 0x10A3, 0x10A3, 0x10A3, 0x10A3, 0x10A3, 0x10A3, 0x10A3, 0x10A3, 0x7265, 0x92E6, 0x8AA6,
  0x8285, 0x82A7, 0xDEDB, 0xCE58, 0x1082, 0x18E3, 0x0861, 0x31A6, 0xF7BE, 0xCE58, 0x8AA6, 0x7A45,
  0x7204, 0x5941, 0x8B6B, 0xFFFF, 0x9CF3, 0x0000, 0x18C3, 0x0000, 0x5AEB, 0xF7DF, 0xACF2, 0x7203,
  0x7204, 0x7204, 0x5983, 0x10A3, 0x10A3, 0x10A3, 0x10A3, 0x10A3, 0x10A3, 0x10A3, 0x10A3, 0x10A3,
  0x10A3, 0x10A3, 0x10A3, 0x10A3, 0x10A3, 0x10A3, 0x10A3, 0x10A3, 0x10A3, 0x10A3, 0x10A3, 0x10A3,
  0x10A3, 0x10A3, 0x10A3, 0x10A3, 0x10A3, 0x10A3, 0x10A3, 0x10A3, 0x10A3, 0x10A3, 0x10A3, 0x10A3,
  0x10A3, 0x7245, 0x8AA6, 0x8286, 0x8AA6, 0x7A45, 0xBDD6, 0xF7BE, 0x4A49, 0x0020, 0x0000, 0x8C71,
  0xFFFF, 0xC573, 0x7203, 0x69E4, 0x69C4, 0x69C3, 0x7A66, 0xEF5C, 0xE73C, 0x2124, 0x0000, 0x0020,
  0xB596, 0xEF9E, 0xA40D, 0x7A24, 0x7225, 0x69E4, 0x5142, 0x10A3, 0x10A3, 0x10A3, 0x10A3, 0x10A3,
  0x10A3, 0x10A3, 0x10A3, 0x10A3, 0x10A3, 0x10A3, 0x10A3, 0x10A3, 0x10A3, 0x10A3, 0x10A3, 0x10A3,
  0x10A3, 0x10A3, 0x10A3, 0x10A3, 0x10A3, 0x10A3, 0x10A3, 0x10A3, 0x10A3, 0x10A3, 0x10A3, 0x10A3,
  0x10A3, 0x10A3, 0x10A3, 0x10A3, 0x10A3, 0x6A25, 0x8285, 0x8285, 0x8AA6, 0x8285, 0x9BCC, 0xF7DF,
  0xDEDB, 0x5ACB, 0x8410, 0xFFFF, 0xEF7D, 0x8B08, 0x7204, 0x8AA6, 0x8AC6, 0x8AC6, 0x71E3, 0xACD1,
  0xFFFF, 0xC638, 0x52AA, 0x9CD3, 0xFFFF, 0xD678, 0x9307, 0x7A45, 0x7204, 0x69A3, 0x4902, 0x10A3,
  0x10A3, 0x10A3, 0x10A3, 0x10A3, 0x10A3, 0x10A3, 0x10A3, 0x10A3, 0x10A3, 0x10A3, 0x10A3, 0x10A3,
  0x10A3, 0x10A3, 0x10A3, 0x10A3, 0x10A3, 0x10A3, 0x10A3, 0x10A3, 0x10A3, 0x10A3, 0x10A3, 0x10A3,
  0x10A3, 0x10A3, 0x10A3, 0x10A3, 0x10A3, 0x10A3, 0x10A3, 0x10A3, 0x10A3, 0x4983, 0x7224, 0x7204,
  0x7224, 0x8265, 0x8265, 0xB4B0, 0xF79E, 0xFFFF, 0xFFFF, 0xEF5C, 0xAC2C, 0x9306, 0xA3A9, 0x9B47,
  0x8AA6, 0x8265, 0x7A45, 0x7A24, 0xC594, 0xFFFF, 0xFFFF, 0xFFFF, 0xDEBA, 0xABEB, 0x8AA5, 0x7A45,
  0x69C4, 0x6162, 0x30A1, 0x10A3, 0x10A3, 0x10A3, 0x10A3, 0x10A3, 0x10A3, 0x10A3, 0x10A3, 0x10A3,
  0x10A3, 0x10A3, 0x10A3, 0x10A3, 0x10A3, 0x10A3, 0x10A3, 0x10A3, 0x10A3, 0x10A3, 0x10A3, 0x10A3,
  0x10A3, 0x10A3, 0x10A3, 0x10A3, 0x10A3, 0x10A3, 0x10A3, 0x10A3, 0x10A3, 0x10A3, 0x10A3, 0x10A3,
  0x10A3, 0x4984, 0x8285, 0x8265, 0x82A6, 0x8AC6, 0x9327, 0x92E6, 0x9B69, 0xBCCF, 0xBCAF, 0xA3A9,
  0xABA8, 0xABEA, 0x9B48, 0x8AC6, 0x82A6, 0x8265, 0x8265, 0x7A65, 0x7A44, 0xA3AB, 0xBCCF, 0xB44D,
  0x9B27, 0x8AA5, 0x8285, 0x7204, 0x6183, 0x50E1, 0x30E2, 0x18C3, 0x10A3, 0x10A3, 0x10A3, 0x10A3,
  0x10A3, 0x10A3, 0x10A3, 0x10A3, 0x10A3, 0x10A3, 0x10A3, 0x10A3, 0x10A3, 0x10A3, 0x10A3, 0x10A3,
  0x10A3, 0x10A3, 0x10A3, 0x10A3, 0x10A3, 0x10A3, 0x10A3, 0x10A3, 0x10A3, 0x10A3, 0x10A3, 0x10A3,
  0x10A3, 0x10A3, 0x10A3, 0x41A4, 0x8AC6, 0xA347, 0xA368, 0xAB88, 0xABA8, 0xABA9, 0xABC9, 0xABC9,
  0xA367, 0x9B05, 0xA346, 0xABA8, 0xABA8, 0x9306, 0x8AA6, 0x8285, 0x8265, 0x7A44, 0x7A44, 0x8265,
  0x8265, 0x7A03, 0x79E2, 0x8244, 0x8AA6, 0x8286, 0x7A25, 0x69C3, 0x5942, 0x69A3, 0x92E6, 0x8AC6,
  0x59E5, 0x18C3, 0x10A3, 0x10A3, 0x10A3, 0x10A3, 0x10A3, 0x10A3, 0x10A3, 0x10A3, 0x10A3, 0x10A3,
  0x10A3, 0x10A3, 0x10A3, 0x10A3, 0x10A3, 0x10A3, 0x10A3, 0x10A3, 0x10A3, 0x10A3, 0x10A3, 0x10A3,
  0x10A3, 0x10A3, 0x10A3, 0x10A3, 0x10A3, 0x10A3, 0x6A45, 0xAB88, 0xA368, 0x9B47, 0xA368, 0xAB88,
  0xABA9, 0xA3A8, 0xA388, 0x9B47, 0x82A7, 0x9BED, 0x93AC, 0x8B2A, 0x82C8, 0x7AA8, 0x7A87, 0x7A67,
  0x7267, 0x7267, 0x7267, 0x7267, 0x7AC9, 0x832A, 0x93AD, 0x82C7, 0x7A24, 0x7A45, 0x71E4, 0x69C3,
  0x7A45, 0x92E6, 0x92E6, 0x92E6, 0x92E6, 0x7245, 0x18C3, 0x10A3, 0x10A3, 0x10A3, 0x10A3, 0x10A3,
  0x10A3, 0x10A3, 0x10A3, 0x10A3, 0x10A3, 0x10A3, 0x10A3, 0x10A3, 0x10A3, 0x10A3, 0x10A3, 0x10A3,
  0x10A3, 0x10A3, 0x10A3, 0x10A3, 0x10A3, 0x10A3, 0x10A3, 0x10A3, 0x10A3, 0x51C5, 0xAB68, 0x9B27,
  0x9B27, 0x9B27, 0x9B47, 0xA368, 0x9B48, 0x9B27, 0x9307, 0x8A85, 0x8B08, 0xF7DF, 0xEFBF, 0xDEFB,
  0xCE9A, 0xCE59, 0xC639, 0xC638, 0xC618, 0xC638, 0xC659, 0xD69A, 0xDEFC, 0xEF9E, 0xFFFF, 0xAC2D,
  0x69C3, 0x7224, 0x7A24, 0x8AA6, 0x9306, 0x92C6, 0x8AC6, 0x8AA6, 0x8265, 0x8A85, 0x59C4, 0x10A3,
  0x10A3, 0x10A3, 0x10A3, 0x10A3, 0x10A3, 0x10A3, 0x10A3, 0x10A3, 0x10A3, 0x10A3, 0x10A3, 0x10A3,
  0x10A3, 0x10A3, 0x10A3, 0x10A3, 0x10A3, 0x10A3, 0x10A3, 0x10A3, 0x10A3, 0x10A3, 0x10A3, 0x10A3,
  0x10A3, 0x8AA6, 0x9B07, 0x92E7, 0x9307, 0x92E7, 0x92E7, 0x92E7, 0x92E6, 0x8AC6, 0x8AA6, 0x8AA6,
  0x8265, 0xAC0C, 0xF79E, 0xFFFF, 0xF7BE, 0xF79D, 0xEF7D, 0xEF7D, 0xEF7D, 0xEF7D, 0xF79E, 0xF79E,
  0xFFFF, 0xFFFF, 0xC4F0, 0x7A24, 0x7A25, 0x8285, 0x92E6, 0x92E6, 0x92C6, 0x8AA6, 0x8285, 0x8265,
  0x7A65, 0x7A25, 0x7204, 0x20C3, 0x10A3, 0x10A3, 0x10A3, 0x10A3, 0x10A3, 0x10A3, 0x10A3, 0x10A3,
  0x10A3, 0x10A3, 0x10A3, 0x10A3, 0x10A3, 0x10A3, 0x10A3, 0x10A3, 0x10A3, 0x10A3, 0x10A3, 0x10A3,
  0x10A3, 0x10A3, 0x10A3, 0x10A3, 0x20E3, 0x92C6, 0x92E6, 0x92C6, 0x8AC6, 0x8AC6, 0x8AA6, 0x8AA6,
  0x8AA6, 0x8286, 0x8286, 0x8285, 0x8286, 0x7A44, 0x9348, 0xDE37, 0xFFDF, 0xFFFF, 0xFFFF, 0xFFDF,
  0xFFDF, 0xFFDF, 0xFFFF, 0xFFFF, 0xE6DA, 0xA3CB, 0x7A03, 0x8265, 0x92C6, 0x9B07, 0x92E6, 0x8AC6,
  0x8AA6, 0x8285, 0x7A65, 0x7A45, 0x7A24, 0x7204, 0x71E4, 0x3103, 0x10A3, 0x10A3, 0x10A3, 0x10A3,
  0x10A3, 0x10A3, 0x10A3, 0x10A3, 0x10A3, 0x10A3, 0x10A3, 0x10A3, 0x10A3, 0x10A3, 0x10A3, 0x10A3,
  0x10A3, 0x10A3, 0x10A3, 0x10A3, 0x10A3, 0x10A3, 0x10A3, 0x10A3, 0x2903, 0x8AC6, 0x8AA6, 0x8AA6,
  0x8AA6, 0x82A6, 0x8285, 0x8285, 0x8285, 0x8265, 0x8265, 0x8265, 0x8265, 0x8285, 0x7A44, 0x8244,
  0xA3CB, 0xCD93, 0xE6B9, 0xEF1B, 0xEF3B, 0xEEFA, 0xD616, 0xB44D, 0x8265, 0x7A44, 0x92C6, 0x9306,
  0x9B06, 0x92E6, 0x8AC6, 0x8285, 0x8265, 0x7A45, 0x7A25, 0x7204, 0x71E4, 0x69C4, 0x69A3, 0x30E2,
  0x10A3, 0x10A3, 0x10A3, 0x10A3, 0x10A3, 0x10A3, 0x10A3, 0x10A3, 0x10A3, 0x10A3, 0x10A3, 0x10A3,
  0x10A3, 0x10A3, 0x10A3, 0x10A3, 0x10A3, 0x10A3, 0x10A3, 0x10A3, 0x10A3, 0x10A3, 0x10A3, 0x10A3,
  0x18C3, 0x7A65, 0x82A6, 0x8285, 0x8285, 0x8265, 0x7A65, 0x7A65, 0x7A45, 0x7A45, 0x7A45, 0x7A45,
  0x7A45, 0x7A45, 0x7A45, 0x7A45, 0x7A04, 0x7A03, 0x8265, 0x8AA6, 0x8AC6, 0x8A85, 0x7A23, 0x8224,
  0x8AC6, 0x9306, 0x9306, 0x92E6, 0x8AC6, 0x8AA6, 0x8285, 0x8265, 0x7A45, 0x7204, 0x71E4, 0x69C4,
  0x69A3, 0x6183, 0x5942, 0x20A2, 0x10A3, 0x10A3, 0x10A3, 0x10A3, 0x10A3, 0x10A3, 0x10A3, 0x10A3,
  0x10A3, 0x10A3, 0x10A3, 0x10A3, 0x10A3, 0x10A3, 0x10A3, 0x10A3, 0x10A3, 0x10A3, 0x10A3, 0x10A3,
  0x10A3, 0x10A3, 0x10A3, 0x10A3, 0x10A3, 0x59C4, 0x8285, 0x7A45, 0x7A45, 0x7A45, 0x7A25, 0x7225,
  0x7224, 0x7204, 0x7204, 0x7204, 0x7204, 0x7204, 0x7224, 0x7224, 0x7A45, 0x7A65, 0x7A65, 0x8264,
  0x8265, 0x8A85, 0x92C6, 0x9306, 0x9306, 0x92E6, 0x8AC6, 0x8AA5, 0x8285, 0x8265, 0x7A45, 0x7204,
  0x69E4, 0x69C3, 0x61A3, 0x6183, 0x5962, 0x5902, 0x3881, 0x1083, 0x10A3, 0x10A3, 0x10A3, 0x10A3,
  0x10A3, 0x10A3, 0x10A3, 0x10A3, 0x10A3, 0x10A3, 0x10A3, 0x10A3, 0x10A3, 0x10A3, 0x10A3, 0x10A3,
  0x10A3, 0x10A3, 0x10A3, 0x10A3, 0x10A3, 0x10A3, 0x10A3, 0x10A3, 0x10A3, 0x20E3, 0x7204, 0x7A25,
  0x7224, 0x7204, 0x6A04, 0x69E4, 0x69E4, 0x69E4, 0x69E4, 0x71E4, 0x7204, 0x7204, 0x7A24, 0x7A44,
  0x8244, 0x8265, 0x8285, 0x8AA5, 0x8AA6, 0x8AA6, 0x8AA5, 0x8AA5, 0x8285, 0x8265, 0x7A45, 0x7A24,
  0x7224, 0x6A04, 0x69C4, 0x61A3, 0x6183, 0x5963, 0x5942, 0x50E1, 0x5081, 0x3041, 0x1082, 0x10A3,
  0x10A3, 0x10A3, 0x10A3, 0x10A3, 0x10A3, 0x10A3, 0x10A3, 0x10A3, 0x10A3, 0x10A3, 0x10A3, 0x10A3,
  0x10A3, 0x10A3, 0x10A3, 0x10A3, 0x10A3, 0x10A3, 0x10A3, 0x10A3, 0x10A3, 0x10A3, 0x10A3, 0x10A3,
  0x10A3, 0x10A3, 0x20E3, 0x5983, 0x69C3, 0x69A3, 0x69A3, 0x6183, 0x6163, 0x6162, 0x5962, 0x5983,
  0x5963, 0x5963, 0x5983, 0x5983, 0x61C3, 0x7204, 0x7A24, 0x8224, 0x7A04, 0x79E4, 0x79E3, 0x71C3,
  0x71A3, 0x6983, 0x6962, 0x6142, 0x6142, 0x5902, 0x5901, 0x50C1, 0x50A1, 0x4880, 0x4040, 0x3040,
  0x2062, 0x08A3, 0x10A3, 0x10A3, 0x10A3, 0x10A3, 0x10A3, 0x10A3, 0x10A3, 0x10A3, 0x10A3, 0x10A3,
  0x10A3, 0x10A3, 0x10A3, 0x10A3, 0x10A3, 0x10A3, 0x10A3, 0x10A3, 0x10A3, 0x10A3, 0x10A3, 0x10A3,
  0x10A3, 0x10A3, 0x10A3, 0x10A3, 0x10A3, 0x10A3, 0x10A3, 0x10A2, 0x20C2, 0x28C2, 0x28A2, 0x20A2,
  0x20A2, 0x18A2, 0x10A2, 0x10A2, 0x1082, 0x0882, 0x10A2, 0x10A3, 0x10A3, 0x10A2, 0x20C2, 0x20C2,
  0x28C2, 0x28C2, 0x30C2, 0x30A2, 0x30A2, 0x3081, 0x3081, 0x2881, 0x2861, 0x2861, 0x2061, 0x2041,
  0x2062, 0x1862, 0x1082, 0x10A3, 0x10A3, 0x10A3, 0x10A3, 0x10A3, 0x10A3, 0x10A3, 0x10A3, 0x10A3,
  0x10A3, 0x10A3, 0x10A3, 0x10A3, 0x10A3, 0x10A3, 0x10A3, 0x10A3, 0x10A3, 0x10A3, 0x10A3, 0x10A3,
  0x10A3, 0x10A3, 0x10A3, 0x10A3, 0x10A3, 0x10A3, 0x10A3, 0x10A3, 0x10A3, 0x10A3, 0x10A3, 0x10A3,
  0x10A3, 0x10A3, 0x10A3, 0x10A3, 0x10A3, 0x10A3, 0x10A3, 0x10A3, 0x10A3, 0x10A3, 0x10A3, 0x10A3,
  0x10A3, 0x10A3, 0x10A3, 0x10A3, 0x10A3, 0x10A3, 0x10A3, 0x10A3, 0x10A3, 0x10A3, 0x10A3, 0x10A3,
  0x10A3, 0x10A3, 0x10A3, 0x10A3, 0x10A3, 0x10A3, 0x10A3, 0x10A3, 0x10A3, 0x10A3, 0x10A3, 0x10A3,
  0x10A3, 0x10A3, 0x10A3, 0x10A3, 0x10A3, 0x10A3, 0x10A3, 0x10A3, 0x10A3, 0x10A3, 0x10A3, 0x10A3,
  0x10A3, 0x10A3, 0x10A3, 0x10A3, 0x10A3, 0x10A3, 0x10A3, 0x10A3, 0x10A3, 0x10A3, 0x10A3, 0x10A3,
  0x10A3, 0x10A3, 0x10A3, 0x10A3, 0x10A3, 0x10A3, 0x10A3, 0x10A3, 0x10A3, 0x10A3, 0x10A3, 0x10A3,
  0x10A3, 0x10A3, 0x10A3, 0x10A3, 0x10A3, 0x10A3, 0x10A3, 0x10A3, 0x10A3, 0x10A3, 0x10A3, 0x10A3,
  0x10A3, 0x10A3, 0x10A3, 0x10A3, 0x10A3, 0x10A3, 0x10A3, 0x10A3, 0x10A3, 0x10A3, 0x10A3, 0x10A3,
  0x10A3, 0x10A3, 0x10A3, 0x10A3, 0x10A3, 0x10A3, 0x10A3, 0x10A3, 0x10A3, 0x10A3, 0x10A3, 0x10A3,
  0x10A3, 0x10A3, 0x10A3, 0x10A3, 0x10A3, 0x10A3, 0x10A3, 0x10A3, 0x10A3, 0x10A3, 0x10A3, 0x10A3,
  0x10A3, 0x10A3, 0x10A3, 0x10A3, 0x10A3, 0x10A3, 0x10A3, 0x10A3, 0x10A3, 0x10A3, 0x10A3, 0x10A3,
  0x10A3, 0x10A3, 0x10A3, 0x10A3, 0x10A3, 0x10A3, 0x10A3, 0x10A3, 0x10A3, 0x10A3, 0x10A3, 0x10A3,
  0x10A3, 0x10A3, 0x10A3, 0x10A3, 0x10A3, 0x10A3, 0x10A3, 0x10A3, 0x10A3, 0x10A3, 0x10A3, 0x10A3,
  0x10A3, 0x10A3, 0x10A3, 0x10A3, 0x10A3, 0x10A3, 0x10A3, 0x10A3, 0x10A3, 0x10A3, 0x10A3, 0x10A3,
  0x10A3, 0x10A3, 0x10A3, 0x10A3, 0x10A3, 0x10A3, 0x10A3, 0x10A3, 0x10A3, 0x10A3, 0x10A3, 0x10A3,
  0x10A3, 0x10A3, 0x10A3, 0x10A3, 0x10A3, 0x10A3, 0x10A3, 0x10A3, 0x10A3, 0x10A3, 0x10A3, 0x10A3,
  0x10A3, 0x10A3, 0x10A3, 0x10A3, 0x10A3, 0x10A3, 0x10A3, 0x10A3, 0x10A3, 0x10A3, 0x10A3, 0x10A3,
  0x10A3, 0x10A3, 0x10A3, 0x10A3, 0x10A3, 0x10A3, 0x10A3, 0x10A3, 0x10A3, 0x10A3, 0x10A3, 0x10A3,
  0x10A3, 0x10A3, 0x10A3, 0x10A3, 0x10A3, 0x10A3, 0x10A3, 0x10A3, 0x10A3, 0x10A3, 0x10A3, 0x10A3,
  0x10A3, 0x10A3, 0x10A3, 0x10A3,
};

static const uint16_t ICON_PEE_BIG[9216] PROGMEM = {
  0x250A, 0x250A, 0x250A, 0x250A, 0x250A, 0x250A, 0x250A, 0x250A, 0x250A, 0x250A, 0x250A, 0x250A,
  0x250A, 0x250A, 0x250A, 0x250A, 0x250A, 0x250A, 0x250A, 0x250A, 0x250A, 0x250A, 0x250A, 0x250A,
  0x250A, 0x250A, 0x250A, 0x250A, 0x250A, 0x250A, 0x250A, 0x250A, 0x250A, 0x250A, 0x250A, 0x250A,
  0x250A, 0x250A, 0x250A, 0x250A, 0x250A, 0x250A, 0x250A, 0x250A, 0x250A, 0x250A, 0x1C4B, 0x0C50,
  0x144F, 0x1C6A, 0x250A, 0x250A, 0x250A, 0x250A, 0x250A, 0x250A, 0x250A, 0x250A, 0x250A, 0x250A,
  0x250A, 0x250A, 0x250A, 0x250A, 0x250A, 0x250A, 0x250A, 0x250A, 0x250A, 0x250A, 0x250A, 0x250A,
  0x250A, 0x250A, 0x250A, 0x250A, 0x250A, 0x250A, 0x250A, 0x250A, 0x250A, 0x250A, 0x250A, 0x250A,
  0x250A, 0x250A, 0x250A, 0x250A, 0x250A, 0x250A, 0x250A, 0x250A, 0x250A, 0x250A, 0x250A, 0x250A,
  0x250A, 0x250A, 0x250A, 0x250A, 0x250A, 0x250A, 0x250A, 0x250A, 0x250A, 0x250A, 0x250A, 0x250A,
  0x250A, 0x250A, 0x250A, 0x250A, 0x250A, 0x250A, 0x250A, 0x250A, 0x250A, 0x250A, 0x250A, 0x250A,
  0x250A, 0x250A, 0x250A, 0x250A, 0x250A, 0x250A, 0x250A, 0x250A, 0x250A, 0x250A, 0x250A, 0x250A,
  0x250A, 0x250A, 0x250A, 0x250A, 0x250A, 0x250A, 0x250A, 0x250A, 0x250A, 0x140E, 0x0D1C, 0x4E5F,
  0x3E3F, 0x0C97, 0x1C4B, 0x250A, 0x250A, 0x250A, 0x250A, 0x250A, 0x250A, 0x250A, 0x250A, 0x250A,
  0x250A, 0x250A, 0x250A, 0x250A, 0x250A, 0x250A, 0x250A, 0x250A, 0x250A, 0x250A, 0x250A, 0x250A,
  0x250A, 0x250A, 0x250A, 0x250A, 0x250A, 0x250A, 0x250A, 0x250A, 0x250A, 0x250A, 0x250A, 0x250A,
  0x250A, 0x250A, 0x250A, 0x250A, 0x250A, 0x250A, 0x250A, 0x250A, 0x250A, 0x250A, 0x250A, 0x250A,
  0x250A, 0x250A, 0x250A, 0x250A, 0x250A, 0x250A, 0x250A, 0x250A, 0x250A, 0x250A, 0x250A, 0x250A,
  0x250A, 0x250A, 0x250A, 0x250A, 0x250A, 0x250A, 0x250A, 0x250A, 0x250A, 0x250A, 0x250A, 0x250A,
  0x250A, 0x250A, 0x250A, 0x250A, 0x250A, 0x250A, 0x250A, 0x250A, 0x250A, 0x250A, 0x250A, 0x250A,
  0x250A, 0x250A, 0x250A, 0x250A, 0x250A, 0x250A, 0x250A, 0x250A, 0x142B, 0x04BB, 0x6EBF, 0xF7FF,
  0xD7BF, 0x3E3F, 0x0416, 0x1C89, 0x250A, 0x250A, 0x250A, 0x250A, 0x250A, 0x250A, 0x250A, 0x250A,
  0x250A, 0x250A, 0x250A, 0x250A, 0x250A, 0x250A, 0x250A, 0x250A, 0x250A, 0x250A, 0x250A, 0x250A,
  0x250A, 0x250A, 0x250A, 0x250A, 0x250A, 0x250A, 0x250A, 0x250A, 0x250A, 0x250A, 0x250A, 0x250A,
  0x250A, 0x250A, 0x250A, 0x250A, 0x250A, 0x250A, 0x250A, 0x250A, 0x250A, 0x250A, 0x250A, 0x250A,
  0x250A, 0x250A, 0x250A, 0x250A, 0x250A, 0x250A, 0x250A, 0x250A, 0x250A, 0x250A, 0x250A, 0x250A,
  0x250A, 0x250A, 0x250A, 0x250A, 0x250A, 0x250A, 0x250A, 0x250A, 0x250A, 0x250A, 0x250A, 0x250A,
  0x250A, 0x250A, 0x250A, 0x250A, 0x250A, 0x250A, 0x250A, 0x250A, 0x250A, 0x250A, 0x250A, 0x250A,
  0x250A, 0x250A, 0x250A, 0x250A, 0x250A, 0x24EA, 0x250A, 0x2489, 0x03F4, 0x2DDF, 0xD79F, 0xEFFF,
  0xF7FF, 0xAF1F, 0x0D5E, 0x0BD0, 0x24E9, 0x250A, 0x24EA, 0x250A, 0x250A, 0x250A, 0x250A, 0x250A,
  0x250A, 0x250A, 0x250A, 0x250A, 0x250A, 0x250A, 0x250A, 0x250A, 0x250A, 0x250A, 0x250A, 0x250A,
  0x250A, 0x250A, 0x250A, 0x250A, 0x250A, 0x250A, 0x250A, 0x250A, 0x250A, 0x250A, 0x250A, 0x250A,
  0x250A, 0x250A, 0x250A, 0x250A, 0x250A, 0x250A, 0x250A, 0x250A, 0x250A, 0x250A, 0x250A, 0x250A,
  0x250A, 0x250A, 0x250A, 0x250A, 0x250A, 0x250A, 0x250A, 0x250A, 0x250A, 0x250A, 0x250A, 0x250A,
  0x250A, 0x250A, 0x250A, 0x250A, 0x250A, 0x250A, 0x250A, 0x250A, 0x250A, 0x250A, 0x250A, 0x250A,
  0x250A, 0x250A, 0x250A, 0x250A, 0x250A, 0x250A, 0x250A, 0x250A, 0x250A, 0x250A, 0x250A, 0x250A,
  0x250A, 0x250A, 0x250A, 0x250A, 0x250A, 0x250A, 0x250A, 0x13CE, 0x04FD, 0x7E9F, 0xEFFF, 0xDFFF,
  0xE7FF, 0xE7BF, 0x45FF, 0x0459, 0x1C0A, 0x250A, 0x24EA, 0x250A, 0x250A, 0x250A, 0x250A, 0x250A,
  0x250A, 0x250A, 0x250A, 0x250A, 0x250A, 0x250A, 0x250A, 0x250A, 0x250A, 0x250A, 0x250A, 0x250A,
  0x250A, 0x250A, 0x250A, 0x250A, 0x250A, 0x250A, 0x250A, 0x250A, 0x250A, 0x250A, 0x250A, 0x250A,
  0x250A, 0x250A, 0x250A, 0x250A, 0x250A, 0x250A, 0x250A, 0x250A, 0x250A, 0x250A, 0x250A, 0x250A,
  0x250A, 0x250A, 0x250A, 0x250A, 0x250A, 0x250A, 0x250A, 0x250A, 0x250A, 0x250A, 0x250A, 0x250A,
  0x250A, 0x250A, 0x250A, 0x250A, 0x250A, 0x250A, 0x250A, 0x250A, 0x250A, 0x250A, 0x250A, 0x250A,
  0x250A, 0x250A, 0x250A, 0x250A, 0x250A, 0x250A, 0x250A, 0x250A, 0x250A, 0x250A, 0x250A, 0x250A,
  0x250A, 0x250A, 0x250A, 0x250A, 0x24EA, 0x250A, 0x1C49, 0x03F6, 0x157E, 0xB73F, 0xE7FF, 0xDFDF,
  0xDFFF, 0xEFFF, 0x869F, 0x051D, 0x0BB2, 0x24C9, 0x250A, 0x24E9, 0x250A, 0x250A, 0x250A, 0x250A,
  0x250A, 0x250A, 0x250A, 0x250A, 0x250A, 0x250A, 0x250A, 0x250A, 0x250A, 0x250A, 0x250A, 0x250A,
  0x250A, 0x250A, 0x250A, 0x250A, 0x250A, 0x250A, 0x250A, 0x250A, 0x250A, 0x250A, 0x250A, 0x250A,
  0x250A, 0x250A, 0x250A, 0x250A, 0x250A, 0x250A, 0x250A, 0x250A, 0x250A, 0x250A, 0x250A, 0x250A,
  0x250A, 0x250A, 0x250A, 0x250A, 0x250A, 0x250A, 0x250A, 0x250A, 0x250A, 0x250A, 0x250A, 0x250A,
  0x250A, 0x250A, 0x250A, 0x250A, 0x250A, 0x250A, 0x250A, 0x250A, 0x250A, 0x250A, 0x250A, 0x250A,
  0x250A, 0x250A, 0x250A, 0x250A, 0x250A, 0x250A, 0x250A, 0x250A, 0x250A, 0x250A, 0x250A, 0x250A,
  0x250A, 0x250A, 0x250A, 0x250A, 0x250A, 0x250A, 0x13CE, 0x04DC, 0x3DDE, 0xDFBF, 0xE7FF, 0xD7DF,
  0xDFDF, 0xEFFF, 0xBF3F, 0x157E, 0x0459, 0x13EB, 0x250A, 0x250A, 0x250A, 0x250A, 0x250A, 0x250A,
  0x250A, 0x250A, 0x250A, 0x250A, 0x250A, 0x250A, 0x250A, 0x250A, 0x250A, 0x250A, 0x250A, 0x250A,
  0x250A, 0x250A, 0x250A, 0x250A, 0x250A, 0x250A, 0x250A, 0x250A, 0x250A, 0x250A, 0x250A, 0x250A,
  0x250A, 0x250A, 0x250A, 0x250A, 0x250A, 0x250A, 0x250A, 0x250A, 0x250A, 0x250A, 0x250A, 0x250A,
  0x250A, 0x250A, 0x250A, 0x250A, 0x250A, 0x250A, 0x250A, 0x250A, 0x250A, 0x250A, 0x250A, 0x250A,
  0x250A, 0x250A, 0x250A, 0x250A, 0x250A, 0x250A, 0x250A, 0x250A, 0x250A, 0x250A, 0x250A, 0x250A,
  0x250A, 0x250A, 0x250A, 0x250A, 0x250A, 0x250A, 0x250A, 0x250A, 0x250A, 0x250A, 0x250A, 0x250A,
  0x250A, 0x250A, 0x250A, 0x24EA, 0x250A, 0x1C49, 0x03F6, 0x051D, 0x6E5F, 0xE7FF, 0xDFDF, 0xD7DF,
  0xD7DF, 0xE7FF, 0xDFBF, 0x3DDE, 0x04FC, 0x0BB2, 0x24C9, 0x250A, 0x24EA, 0x250A, 0x250A, 0x250A,
  0x250A, 0x250A, 0x250A, 0x250A, 0x250A, 0x250A, 0x250A, 0x250A, 0x250A, 0x250A, 0x250A, 0x250A,
  0x250A, 0x250A, 0x250A, 0x250A, 0x250A, 0x250A, 0x250A, 0x250A, 0x250A, 0x250A, 0x250A, 0x250A,
  0x250A, 0x250A, 0x250A, 0x250A, 0x250A, 0x250A, 0x250A, 0x250A, 0x250A, 0x250A, 0x250A, 0x250A,
  0x250A, 0x250A, 0x250A, 0x250A, 0x250A, 0x250A, 0x250A, 0x250A, 0x250A, 0x250A, 0x250A, 0x250A,
  0x250A, 0x250A, 0x250A, 0x250A, 0x250A, 0x250A, 0x250A, 0x250A, 0x250A, 0x250A, 0x250A, 0x250A,
  0x250A, 0x250A, 0x250A, 0x250A, 0x250A, 0x250A, 0x250A, 0x250A, 0x250A, 0x250A, 0x250A, 0x250A,
  0x250A, 0x250A, 0x250A, 0x250A, 0x250A, 0x0BAE, 0x04BB, 0x055D, 0x9EDF, 0xE7FF, 0xD7DF, 0xD7DF,
  0xD7DF, 0xDFFF, 0xEFFF, 0x765F, 0x053D, 0x0459, 0x13EB, 0x250A, 0x250A, 0x250A, 0x250A, 0x250A,
  0x250A, 0x250A, 0x250A, 0x250A, 0x250A, 0x250A, 0x250A, 0x250A, 0x250A, 0x250A, 0x250A, 0x250A,
  0x250A, 0x250A, 0x250A, 0x250A, 0x250A, 0x250A, 0x250A, 0x250A, 0x250A, 0x250A, 0x250A, 0x250A,
  0x250A, 0x250A, 0x250A, 0x250A, 0x250A, 0x250A, 0x250A, 0x250A, 0x250A, 0x250A, 0x250A, 0x250A,
  0x250A, 0x250A, 0x250A, 0x250A, 0x250A, 0x250A, 0x250A, 0x250A, 0x250A, 0x250A, 0x250A, 0x250A,
  0x250A, 0x250A, 0x250A, 0x250A, 0x250A, 0x250A, 0x250A, 0x250A, 0x250A, 0x250A, 0x250A, 0x250A,
  0x250A, 0x250A, 0x250A, 0x250A, 0x250A, 0x250A, 0x250A, 0x250A, 0x250A, 0x250A, 0x250A, 0x250A,
  0x250A, 0x250A, 0x24EA, 0x250A, 0x1C49, 0x03B5, 0x051C, 0x259E, 0xC75F, 0xE7FF, 0xD7DF, 0xD7BF,
  0xD7DF, 0xDFDF, 0xEFFF, 0xA6FF, 0x0D5D, 0x04DC, 0x0391, 0x24A9, 0x250A, 0x24EA, 0x250A, 0x250A,
  0x250A, 0x250A, 0x250A, 0x250A, 0x250A, 0x250A, 0x250A, 0x250A, 0x250A, 0x250A, 0x250A, 0x250A,
  0x250A, 0x250A, 0x250A, 0x250A, 0x250A, 0x250A, 0x250A, 0x250A, 0x250A, 0x250A, 0x250A, 0x250A,
  0x250A, 0x250A, 0x250A, 0x250A, 0x250A, 0x250A, 0x250A, 0x250A, 0x250A, 0x250A, 0x250A, 0x250A,
  0x250A, 0x250A, 0x250A, 0x250A, 0x250A, 0x250A, 0x250A, 0x250A, 0x250A, 0x250A, 0x250A, 0x250A,
  0x250A, 0x250A, 0x250A, 0x250A, 0x250A, 0x250A, 0x250A, 0x250A, 0x250A, 0x250A, 0x250A, 0x250A,
  0x250A, 0x250A, 0x250A, 0x250A, 0x250A, 0x250A, 0x250A, 0x250A, 0x250A, 0x250A, 0x250A, 0x250A,
  0x250A, 0x250A, 0x250A, 0x250A, 0x0BAD, 0x049B, 0x051D, 0x55FF, 0xDFBF, 0xDFFF, 0xD7DF, 0xD7BF,
  0xD7DF, 0xDFDF, 0xE7FF, 0xCF7F, 0x2D9E, 0x04FC, 0x0418, 0x13CB, 0x250A, 0x250A, 0x250A, 0x250A,
  0x250A, 0x250A, 0x250A, 0x250A, 0x250A, 0x250A, 0x250A, 0x250A, 0x250A, 0x250A, 0x250A, 0x250A,
  0x250A, 0x250A, 0x250A, 0x250A, 0x250A, 0x250A, 0x250A, 0x250A, 0x250A, 0x250A, 0x250A, 0x250A,
  0x250A, 0x250A, 0x250A, 0x250A, 0x250A, 0x250A, 0x250A, 0x250A, 0x250A, 0x250A, 0x250A, 0x250A,
  0x250A, 0x250A, 0x250A, 0x250A, 0x250A, 0x250A, 0x250A, 0x250A, 0x250A, 0x250A, 0x250A, 0x250A,
  0x250A, 0x250A, 0x250A, 0x250A, 0x250A, 0x250A, 0x250A, 0x250A, 0x250A, 0x250A, 0x250A, 0x250A,
  0x250A, 0x250A, 0x250A, 0x250A, 0x250A, 0x250A, 0x250A, 0x250A, 0x250A, 0x250A, 0x250A, 0x250A,
  0x250A, 0x24EA, 0x250A, 0x1C49, 0x0394, 0x04FC, 0x055E, 0x867F, 0xE7DF, 0xDFDF, 0xD7BF, 0xD7DF,
  0xD7DF, 0xDFFF, 0xE7FF, 0xE7BF, 0x561F, 0x051D, 0x04DC, 0x0371, 0x24A9, 0x24EA, 0x24EA, 0x250A,
  0x250A, 0x250A, 0x250A, 0x250A, 0x250A, 0x250A, 0x250A, 0x250A, 0x250A, 0x250A, 0x250A, 0x250A,
  0x250A, 0x250A, 0x250A, 0x250A, 0x250A, 0x250A, 0x250A, 0x250A, 0x250A, 0x250A, 0x250A, 0x250A,
  0x250A, 0x250A, 0x250A, 0x250A, 0x250A, 0x250A, 0x250A, 0x250A, 0x250A, 0x250A, 0x250A, 0x250A,
  0x250A, 0x250A, 0x250A, 0x250A, 0x250A, 0x250A, 0x250A, 0x250A, 0x250A, 0x250A, 0x250A, 0x250A,
  0x250A, 0x250A, 0x250A, 0x250A, 0x250A, 0x250A, 0x250A, 0x250A, 0x250A, 0x250A, 0x250A, 0x250A,
  0x250A, 0x250A, 0x250A, 0x250A, 0x250A, 0x250A, 0x250A, 0x250A, 0x250A, 0x250A, 0x250A, 0x250A,
  0x250A, 0x250A, 0x250A, 0x0B8D, 0x045A, 0x051C, 0x157E, 0xAEFF, 0xE7FF, 0xDFDF, 0xD7BF, 0xD7BF,
  0xD7DF, 0xD7DF, 0xDFDF, 0xEFFF, 0x869F, 0x053E, 0x04FC, 0x03F8, 0x13CB, 0x250A, 0x250A, 0x250A,
  0x250A, 0x250A, 0x250A, 0x250A, 0x250A, 0x250A, 0x250A, 0x250A, 0x250A, 0x250A, 0x250A, 0x250A,
  0x250A, 0x250A, 0x250A, 0x250A, 0x250A, 0x250A, 0x250A, 0x250A, 0x250A, 0x250A, 0x250A, 0x250A,
  0x250A, 0x250A, 0x250A, 0x250A, 0x250A, 0x250A, 0x250A, 0x250A, 0x250A, 0x250A, 0x250A, 0x250A,
  0x250A, 0x250A, 0x250A, 0x250A, 0x250A, 0x250A, 0x250A, 0x250A, 0x250A, 0x250A, 0x250A, 0x250A,
  0x250A, 0x250A, 0x250A, 0x250A, 0x250A, 0x250A, 0x250A, 0x250A, 0x250A, 0x250A, 0x250A, 0x250A,
  0x250A, 0x250A, 0x250A, 0x250A, 0x250A, 0x250A, 0x250A, 0x250A, 0x250A, 0x250A, 0x250A, 0x250A,
  0x250A, 0x250A, 0x1C69, 0x0373, 0x04DB, 0x051D, 0x35BF, 0xCF7F, 0xE7FF, 0xDFDF, 0xD7DF, 0xD7DF,
  0xD7BF, 0xD7DF, 0xDFFF, 0xEFFF, 0xB71F, 0x157E, 0x051C, 0x049B, 0x0351, 0x24C9, 0x24EA, 0x24EA,
  0x250A, 0x250A, 0x250A, 0x250A, 0x250A, 0x250A, 0x250A, 0x250A, 0x250A, 0x250A, 0x250A, 0x250A,
  0x250A, 0x250A, 0x250A, 0x250A, 0x250A, 0x250A, 0x250A, 0x250A, 0x250A, 0x250A, 0x250A, 0x250A,
  0x250A, 0x250A, 0x250A, 0x250A, 0x250A, 0x250A, 0x250A, 0x250A, 0x250A, 0x250A, 0x250A, 0x250A,
  0x250A, 0x250A, 0x250A, 0x250A, 0x250A, 0x250A, 0x250A, 0x250A, 0x250A, 0x250A, 0x250A, 0x250A,
  0x250A, 0x250A, 0x250A, 0x250A, 0x250A, 0x250A, 0x250A, 0x250A, 0x250A, 0x250A, 0x250A, 0x250A,
  0x250A, 0x250A, 0x250A, 0x250A, 0x250A, 0x250A, 0x250A, 0x250A, 0x250A, 0x250A, 0x250A, 0x250A,
  0x250A, 0x250A, 0x138C, 0x0439, 0x04FC, 0x053D, 0x5E1F, 0xDF9F, 0xE7FF, 0xDFFF, 0xD7DF, 0xD7DF,
  0xD7BF, 0xD7DF, 0xDFFF, 0xE7FF, 0xCF7F, 0x3DDF, 0x053D, 0x04DB, 0x03D7, 0x13CB, 0x250A, 0x250A,
  0x250A, 0x250A, 0x250A, 0x250A, 0x250A, 0x250A, 0x250A, 0x250A, 0x250A, 0x250A, 0x250A, 0x250A,
  0x250A, 0x250A, 0x250A, 0x250A, 0x250A, 0x250A, 0x250A, 0x250A, 0x250A, 0x250A, 0x250A, 0x250A,
  0x250A, 0x250A, 0x250A, 0x250A, 0x250A, 0x250A, 0x250A, 0x250A, 0x250A, 0x250A, 0x250A, 0x250A,
  0x250A, 0x250A, 0x250A, 0x250A, 0x250A, 0x250A, 0x250A, 0x250A, 0x250A, 0x250A, 0x250A, 0x250A,
  0x250A, 0x250A, 0x250A, 0x250A, 0x250A, 0x250A, 0x250A, 0x250A, 0x250A, 0x250A, 0x250A, 0x250A,
  0x250A, 0x250A, 0x250A, 0x250A, 0x250A, 0x250A, 0x250A, 0x250A, 0x250A, 0x250A, 0x250A, 0x24E9,
  0x24EA, 0x1C69, 0x0373, 0x049B, 0x051C, 0x055E, 0x8E7F, 0xE7BF, 0xDFFF, 0xDFDF, 0xD7DF, 0xD7BF,
  0xD7BF, 0xD7DF, 0xDFFF, 0xE7FF, 0xDFBF, 0x6E3F, 0x055E, 0x051C, 0x047A, 0x0B51, 0x24A9, 0x24EA,
  0x24EA, 0x250A, 0x250A, 0x250A, 0x250A, 0x250A, 0x250A, 0x250A, 0x250A, 0x250A, 0x250A, 0x250A,
  0x250A, 0x250A, 0x250A, 0x250A, 0x250A, 0x250A, 0x250A, 0x250A, 0x250A, 0x250A, 0x250A, 0x250A,
  0x250A, 0x250A, 0x250A, 0x250A, 0x250A, 0x250A, 0x250A, 0x250A, 0x250A, 0x250A, 0x250A, 0x250A,
  0x250A, 0x250A, 0x250A, 0x250A, 0x250A, 0x250A, 0x250A, 0x250A, 0x250A, 0x250A, 0x250A, 0x250A,
  0x250A, 0x250A, 0x250A, 0x250A, 0x250A, 0x250A, 0x250A, 0x250A, 0x250A, 0x250A, 0x250A, 0x250A,
  0x250A, 0x250A, 0x250A, 0x250A, 0x250A, 0x250A, 0x250A, 0x250A, 0x250A, 0x250A, 0x250A, 0x250A,
  0x250A, 0x13AC, 0x0419, 0x04DB, 0x053D, 0x1D9F, 0xAEFF, 0xE7FF, 0xDFFF, 0xDFDF, 0xD7DF, 0xD7BF,
  0xD7DF, 0xD7DF, 0xDFFF, 0xE7FF, 0xE7FF, 0x96BF, 0x0D5E, 0x051D, 0x04BB, 0x03B7, 0x13CB, 0x250A,
  0x24EA, 0x250A, 0x250A, 0x250A, 0x250A, 0x250A, 0x250A, 0x250A, 0x250A, 0x250A, 0x250A, 0x250A,
  0x250A, 0x250A, 0x250A, 0x250A, 0x250A, 0x250A, 0x250A, 0x250A, 0x250A, 0x250A, 0x250A, 0x250A,
  0x250A, 0x250A, 0x250A, 0x250A, 0x250A, 0x250A, 0x250A, 0x250A, 0x250A, 0x250A, 0x250A, 0x250A,
  0x250A, 0x250A, 0x250A, 0x250A, 0x250A, 0x250A, 0x250A, 0x250A, 0x250A, 0x250A, 0x250A, 0x250A,
  0x250A, 0x250A, 0x250A, 0x250A, 0x250A, 0x250A, 0x250A, 0x250A, 0x250A, 0x250A, 0x250A, 0x250A,
  0x250A, 0x250A, 0x250A, 0x250A, 0x250A, 0x250A, 0x250A, 0x250A, 0x250A, 0x250A, 0x24EA, 0x250A,
  0x1C89, 0x0373, 0x047A, 0x04FC, 0x055E, 0x3DDF, 0xCF5F, 0xE7FF, 0xDFFF, 0xDFDF, 0xD7DF, 0xD7BF,
  0xD7DF, 0xD7DF, 0xDFDF, 0xE7FF, 0xE7FF, 0xB71F, 0x259F, 0x053D, 0x04DB, 0x045A, 0x0B30, 0x24C9,
  0x250A, 0x24EA, 0x250A, 0x250A, 0x250A, 0x250A, 0x250A, 0x250A, 0x250A, 0x250A, 0x250A, 0x250A,
  0x250A, 0x250A, 0x250A, 0x250A, 0x250A, 0x250A, 0x250A, 0x250A, 0x250A, 0x250A, 0x250A, 0x250A,
  0x250A, 0x250A, 0x250A, 0x250A, 0x250A, 0x250A, 0x250A, 0x250A, 0x250A, 0x250A, 0x250A, 0x250A,
  0x250A, 0x250A, 0x250A, 0x250A, 0x250A, 0x250A, 0x250A, 0x250A, 0x250A, 0x250A, 0x250A, 0x250A,
  0x250A, 0x250A, 0x250A, 0x250A, 0x250A, 0x250A, 0x250A, 0x250A, 0x250A, 0x250A, 0x250A, 0x250A,
  0x250A, 0x250A, 0x250A, 0x250A, 0x250A, 0x250A, 0x250A, 0x250A, 0x250A, 0x250A, 0x250A, 0x250A,
  0x13AC, 0x0419, 0x04BB, 0x051C, 0x055E, 0x6E3F, 0xD79F, 0xE7FF, 0xDFFF, 0xDFDF, 0xD7DF, 0xD7DF,
  0xD7DF, 0xD7DF, 0xDFDF, 0xE7FF, 0xE7FF, 0xCF7F, 0x4DFF, 0x055E, 0x051C, 0x049A, 0x03B7, 0x13CA,
  0x250A, 0x24EA, 0x250A, 0x250A, 0x250A, 0x250A, 0x250A, 0x250A, 0x250A, 0x250A, 0x250A, 0x250A,
  0x250A, 0x250A, 0x250A, 0x250A, 0x250A, 0x250A, 0x250A, 0x250A, 0x250A, 0x250A, 0x250A, 0x250A,
  0x250A, 0x250A, 0x250A, 0x250A, 0x250A, 0x250A, 0x250A, 0x250A, 0x250A, 0x250A, 0x250A, 0x250A,
  0x250A, 0x250A, 0x250A, 0x250A, 0x250A, 0x250A, 0x250A, 0x250A, 0x250A, 0x250A, 0x250A, 0x250A,
  0x250A, 0x250A, 0x250A, 0x250A, 0x250A, 0x250A, 0x250A, 0x250A, 0x250A, 0x250A, 0x250A, 0x250A,
  0x250A, 0x250A, 0x250A, 0x250A, 0x250A, 0x250A, 0x250A, 0x250A, 0x250A, 0x24E9, 0x24EA, 0x1C89,
  0x0352, 0x047A, 0x04DB, 0x053D, 0x0D7E, 0x96BF, 0xDFBF, 0xDFFF, 0xDFFF, 0xDFDF, 0xD7DF, 0xD7DF,
  0xD7DF, 0xD7DF, 0xDFFF, 0xDFFF, 0xE7FF, 0xDFBF, 0x765F, 0x055E, 0x053D, 0x04DB, 0x045A, 0x0B30,
  0x24A9, 0x250A, 0x24E9, 0x250A, 0x250A, 0x250A, 0x250A, 0x250A, 0x250A, 0x250A, 0x250A, 0x250A,
  0x250A, 0x250A, 0x250A, 0x250A, 0x250A, 0x250A, 0x250A, 0x250A, 0x250A, 0x250A, 0x250A, 0x250A,
  0x250A, 0x250A, 0x250A, 0x250A, 0x250A, 0x250A, 0x250A, 0x250A, 0x250A, 0x250A, 0x250A, 0x250A,
  0x250A, 0x250A, 0x250A, 0x250A, 0x250A, 0x250A, 0x250A, 0x250A, 0x250A, 0x250A, 0x250A, 0x250A,
  0x250A, 0x250A, 0x250A, 0x250A, 0x250A, 0x250A, 0x250A, 0x250A, 0x250A, 0x250A, 0x250A, 0x250A,
  0x250A, 0x250A, 0x250A, 0x250A, 0x250A, 0x250A, 0x250A, 0x250A, 0x250A, 0x250A, 0x250A, 0x13AC,
  0x03D8, 0x049A, 0x051C, 0x055D, 0x2DBF, 0xB71F, 0xDFDF, 0xDFFF, 0xDFFF, 0xD7DF, 0xD7DF, 0xD7BF,
  0xD7BF, 0xD7DF, 0xDFFF, 0xDFFF, 0xE7FF, 0xE7DF, 0x9EDF, 0x157E, 0x053D, 0x04FC, 0x049A, 0x03B7,
  0x13AB, 0x250A, 0x250A, 0x250A, 0x250A, 0x250A, 0x250A, 0x250A, 0x250A, 0x250A, 0x250A, 0x250A,
  0x250A, 0x250A, 0x250A, 0x250A, 0x250A, 0x250A, 0x250A, 0x250A, 0x250A, 0x250A, 0x250A, 0x250A,
  0x250A, 0x250A, 0x250A, 0x250A, 0x250A, 0x250A, 0x250A, 0x250A, 0x250A, 0x250A, 0x250A, 0x250A,
  0x250A, 0x250A, 0x250A, 0x250A, 0x250A, 0x250A, 0x250A, 0x250A, 0x250A, 0x250A, 0x250A, 0x250A,
  0x250A, 0x250A, 0x250A, 0x250A, 0x250A, 0x250A, 0x250A, 0x250A, 0x250A, 0x250A, 0x250A, 0x250A,
  0x250A, 0x250A, 0x250A, 0x250A, 0x250A, 0x250A, 0x250A, 0x250A, 0x24EA, 0x250A, 0x1C89, 0x0352,
  0x045A, 0x04BB, 0x051D, 0x055E, 0x55FF, 0xCF5F, 0xDFDF, 0xDFFF, 0xDFFF, 0xD7DF, 0xD7BF, 0xD7BF,
  0xD7DF, 0xD7DF, 0xDFDF, 0xDFDF, 0xE7FF, 0xE7FF, 0xBF3F, 0x3DDF, 0x055E, 0x051D, 0x04BB, 0x045A,
  0x0B30, 0x24A9, 0x250A, 0x24EA, 0x250A, 0x250A, 0x250A, 0x250A, 0x250A, 0x250A, 0x250A, 0x250A,
  0x250A, 0x250A, 0x250A, 0x250A, 0x250A, 0x250A, 0x250A, 0x250A, 0x250A, 0x250A, 0x250A, 0x250A,
  0x250A, 0x250A, 0x250A, 0x250A, 0x250A, 0x250A, 0x250A, 0x250A, 0x250A, 0x250A, 0x250A, 0x250A,
  0x250A, 0x250A, 0x250A, 0x250A, 0x250A, 0x250A, 0x250A, 0x250A, 0x250A, 0x250A, 0x250A, 0x250A,
  0x250A, 0x250A, 0x250A, 0x250A, 0x250A, 0x250A, 0x250A, 0x250A, 0x250A, 0x250A, 0x250A, 0x250A,
  0x250A, 0x250A, 0x250A, 0x250A, 0x250A, 0x250A, 0x250A, 0x250A, 0x250A, 0x250A, 0x138C, 0x03D8,
  0x047A, 0x04FC, 0x053D, 0x057E, 0x7E5F, 0xD79F, 0xDFFF, 0xDFFF, 0xDFDF, 0xDFDF, 0xD7BF, 0xD7BF,
  0xD7DF, 0xD7DF, 0xDFDF, 0xDFFF, 0xE7FF, 0xE7FF, 0xD77F, 0x661F, 0x055E, 0x053D, 0x04FC, 0x047A,
  0x03B7, 0x13AB, 0x250A, 0x250A, 0x250A, 0x250A, 0x250A, 0x250A, 0x250A, 0x250A, 0x250A, 0x250A,
  0x250A, 0x250A, 0x250A, 0x250A, 0x250A, 0x250A, 0x250A, 0x250A, 0x250A, 0x250A, 0x250A, 0x250A,
  0x250A, 0x250A, 0x250A, 0x250A, 0x250A, 0x250A, 0x250A, 0x250A, 0x250A, 0x250A, 0x250A, 0x250A,
  0x250A, 0x250A, 0x250A, 0x250A, 0x250A, 0x250A, 0x250A, 0x250A, 0x250A, 0x250A, 0x250A, 0x250A,
  0x250A, 0x250A, 0x250A, 0x250A, 0x250A, 0x250A, 0x250A, 0x250A, 0x250A, 0x250A, 0x250A, 0x250A,
  0x250A, 0x250A, 0x250A, 0x250A, 0x250A, 0x250A, 0x250A, 0x24E9, 0x250A, 0x1C89, 0x0332, 0x0439,
  0x04BB, 0x051D, 0x055E, 0x1D9F, 0x9EBF, 0xDFBF, 0xDFFF, 0xDFFF, 0xDFDF, 0xD7DF, 0xD7BF, 0xD7BF,
  0xD7DF, 0xD7DF, 0xDFDF, 0xDFFF, 0xE7FF, 0xE7FF, 0xDFBF, 0x8E7F, 0x0D7E, 0x055D, 0x04FC, 0x049A,
  0x0439, 0x0331, 0x1CA9, 0x250A, 0x24E9, 0x250A, 0x250A, 0x250A, 0x250A, 0x250A, 0x250A, 0x250A,
  0x250A, 0x250A, 0x250A, 0x250A, 0x250A, 0x250A, 0x250A, 0x250A, 0x250A, 0x250A, 0x250A, 0x250A,
  0x250A, 0x250A, 0x250A, 0x250A, 0x250A, 0x250A, 0x250A, 0x250A, 0x250A, 0x250A, 0x250A, 0x250A,
  0x250A, 0x250A, 0x250A, 0x250A, 0x250A, 0x250A, 0x250A, 0x250A, 0x250A, 0x250A, 0x250A, 0x250A,
  0x250A, 0x250A, 0x250A, 0x250A, 0x250A, 0x250A, 0x250A, 0x250A, 0x250A, 0x250A, 0x250A, 0x250A,
  0x250A, 0x250A, 0x250A, 0x250A, 0x250A, 0x250A, 0x250A, 0x250A, 0x250A, 0x138B, 0x03B7, 0x047A,
  0x04DB, 0x053D, 0x055E, 0x3DBF, 0xBF1F, 0xDFBF, 0xE7FF, 0xDFFF, 0xD7FF, 0xD7DF, 0xD7DF, 0xD7DF,
  0xD7BF, 0xD7DF, 0xD7DF, 0xDFDF, 0xE7FF, 0xE7FF, 0xDFBF, 0xAEFF, 0x2D9F, 0x055E, 0x053D, 0x04DC,
  0x0459, 0x0397, 0x13AB, 0x250A, 0x250A, 0x250A, 0x250A, 0x250A, 0x250A, 0x250A, 0x250A, 0x250A,
  0x250A, 0x250A, 0x250A, 0x250A, 0x250A, 0x250A, 0x250A, 0x250A, 0x250A, 0x250A, 0x250A, 0x250A,
  0x250A, 0x250A, 0x250A, 0x250A, 0x250A, 0x250A, 0x250A, 0x250A, 0x250A, 0x250A, 0x250A, 0x250A,
  0x250A, 0x250A, 0x250A, 0x250A, 0x250A, 0x250A, 0x250A, 0x250A, 0x250A, 0x250A, 0x250A, 0x250A,
  0x250A, 0x250A, 0x250A, 0x250A, 0x250A, 0x250A, 0x250A, 0x250A, 0x250A, 0x250A, 0x250A, 0x250A,
  0x250A, 0x250A, 0x250A, 0x250A, 0x250A, 0x250A, 0x24EA, 0x250A, 0x1C89, 0x0331, 0x0439, 0x049A,
  0x04FC, 0x055D, 0x057E, 0x661F, 0xCF7F, 0xDFDF, 0xDFDF, 0xDFFF, 0xDFFF, 0xD7DF, 0xD7DF, 0xD7BF,
  0xD7BF, 0xD7DF, 0xD7DF, 0xDFDF, 0xDFFF, 0xE7DF, 0xE7DF, 0xC75F, 0x4DFF, 0x055E, 0x055D, 0x04FC,
  0x049A, 0x0419, 0x0311, 0x1C89, 0x250A, 0x24EA, 0x250A, 0x250A, 0x250A, 0x250A, 0x250A, 0x250A,
  0x250A, 0x250A, 0x250A, 0x250A, 0x250A, 0x250A, 0x250A, 0x250A, 0x250A, 0x250A, 0x250A, 0x250A,
  0x250A, 0x250A, 0x250A, 0x250A, 0x250A, 0x250A, 0x250A, 0x250A, 0x250A, 0x250A, 0x250A, 0x250A,
  0x250A, 0x250A, 0x250A, 0x250A, 0x250A, 0x250A, 0x250A, 0x250A, 0x250A, 0x250A, 0x250A, 0x250A,
  0x250A, 0x250A, 0x250A, 0x250A, 0x250A, 0x250A, 0x250A, 0x250A, 0x250A, 0x250A, 0x250A, 0x250A,
  0x250A, 0x250A, 0x250A, 0x250A, 0x250A, 0x250A, 0x250A, 0x250A, 0x138C, 0x03B7, 0x0459, 0x04DB,
  0x051D, 0x055E, 0x0D9F, 0x8E7F, 0xD79F, 0xDFDF, 0xDFFF, 0xDFDF, 0xDFFF, 0xD7DF, 0xD7BF, 0xD7BF,
  0xD7DF, 0xD7DF, 0xD7DF, 0xDFDF, 0xDFFF, 0xE7FF, 0xE7DF, 0xD79F, 0x7E5F, 0x057E, 0x055D, 0x051C,
  0x04DB, 0x0459, 0x0397, 0x138B, 0x250A, 0x250A, 0x250A, 0x250A, 0x250A, 0x250A, 0x250A, 0x250A,
  0x250A, 0x250A, 0x250A, 0x250A, 0x250A, 0x250A, 0x250A, 0x250A, 0x250A, 0x250A, 0x250A, 0x250A,
  0x250A, 0x250A, 0x250A, 0x250A, 0x250A, 0x250A, 0x250A, 0x250A, 0x250A, 0x250A, 0x250A, 0x250A,
  0x250A, 0x250A, 0x250A, 0x250A, 0x250A, 0x250A, 0x250A, 0x250A, 0x250A, 0x250A, 0x250A, 0x250A,
  0x250A, 0x250A, 0x250A, 0x250A, 0x250A, 0x250A, 0x250A, 0x250A, 0x250A, 0x250A, 0x250A, 0x250A,
  0x250A, 0x250A, 0x250A, 0x250A, 0x250A, 0x250A, 0x24EA, 0x1C89, 0x0331, 0x0439, 0x049A, 0x04FC,
  0x055D, 0x057E, 0x2DBF, 0xAEDF, 0xD7BF, 0xDFFF, 0xE7FF, 0xDFDF, 0xD7DF, 0xD7DF, 0xD7DF, 0xD7DF,
  0xD7DF, 0xD7DF, 0xD7DF, 0xDFDF, 0xDFDF, 0xE7FF, 0xE7DF, 0xDFBF, 0x9EBF, 0x1D9F, 0x055E, 0x053D,
  0x04FC, 0x049A, 0x0419, 0x0311, 0x1C89, 0x250A, 0x24EA, 0x250A, 0x250A, 0x250A, 0x250A, 0x250A,
  0x250A, 0x250A, 0x250A, 0x250A, 0x250A, 0x250A, 0x250A, 0x250A, 0x250A, 0x250A, 0x250A, 0x250A,
  0x250A, 0x250A, 0x250A, 0x250A, 0x250A, 0x250A, 0x250A, 0x250A, 0x250A, 0x250A, 0x250A, 0x250A,
  0x250A, 0x250A, 0x250A, 0x250A, 0x250A, 0x250A, 0x250A, 0x250A, 0x250A, 0x250A, 0x250A, 0x250A,
  0x250A, 0x250A, 0x250A, 0x250A, 0x250A, 0x250A, 0x250A, 0x250A, 0x250A, 0x250A, 0x250A, 0x250A,
  0x250A, 0x250A, 0x250A, 0x250A, 0x250A, 0x250A, 0x250A, 0x138B, 0x03B7, 0x0459, 0x04DB, 0x051C,
  0x055E, 0x057E, 0x55FF, 0xBF3F, 0xDFBF, 0xDFFF, 0xDFFF, 0xDFDF, 0xDFDF, 0xD7DF, 0xD7BF, 0xD7DF,
  0xD7DF, 0xD7DF, 0xD7DF, 0xD7DF, 0xDFFF, 0xE7FF, 0xE7FF, 0xDFDF, 0xBF1F, 0x45DF, 0x055E, 0x055D,
  0x051D, 0x04BB, 0x0459, 0x03B7, 0x138B, 0x250A, 0x250A, 0x250A, 0x250A, 0x250A, 0x250A, 0x250A,
  0x250A, 0x250A, 0x250A, 0x250A, 0x250A, 0x250A, 0x250A, 0x250A, 0x250A, 0x250A, 0x250A, 0x250A,
  0x250A, 0x250A, 0x250A, 0x250A, 0x250A, 0x250A, 0x250A, 0x250A, 0x250A, 0x250A, 0x250A, 0x250A,
  0x250A, 0x250A, 0x250A, 0x250A, 0x250A, 0x250A, 0x250A, 0x250A, 0x250A, 0x250A, 0x250A, 0x250A,
  0x250A, 0x250A, 0x250A, 0x250A, 0x250A, 0x250A, 0x250A, 0x250A, 0x250A, 0x250A, 0x250A, 0x250A,
  0x250A, 0x250A, 0x250A, 0x250A, 0x24EA, 0x24EA, 0x1C89, 0x0331, 0x0419, 0x049A, 0x04FC, 0x051D,
  0x055E, 0x0D9F, 0x765F, 0xCF7F, 0xDFDF, 0xE7FF, 0xDFFF, 0xDFDF, 0xD7DF, 0xD7BF, 0xD7BF, 0xD7BF,
  0xD7DF, 0xD7DF, 0xD7DF, 0xD7DF, 0xDFFF, 0xE7FF, 0xE7FF, 0xDFDF, 0xCF5F, 0x6E3F, 0x057E, 0x055E,
  0x053D, 0x04DC, 0x047A, 0x0419, 0x0311, 0x1C89, 0x24EA, 0x24E9, 0x250A, 0x250A, 0x250A, 0x250A,
  0x250A, 0x250A, 0x250A, 0x250A, 0x250A, 0x250A, 0x250A, 0x250A, 0x250A, 0x250A, 0x250A, 0x250A,
  0x250A, 0x250A, 0x250A, 0x250A, 0x250A, 0x250A, 0x250A, 0x250A, 0x250A, 0x250A, 0x250A, 0x250A,
  0x250A, 0x250A, 0x250A, 0x250A, 0x250A, 0x250A, 0x250A, 0x250A, 0x250A, 0x250A, 0x250A, 0x250A,
  0x250A, 0x250A, 0x250A, 0x250A, 0x250A, 0x250A, 0x250A, 0x250A, 0x250A, 0x250A, 0x250A, 0x250A,
  0x250A, 0x250A, 0x250A, 0x250A, 0x250A, 0x250A, 0x138B, 0x0397, 0x0459, 0x04DB, 0x04FC, 0x053D,
  0x055E, 0x25BF, 0x9EBF, 0xD79F, 0xDFDF, 0xE7DF, 0xDFDF, 0xD7DF, 0xD7DF, 0xD7DF, 0xD7DF, 0xD7DF,
  0xD7DF, 0xD7DF, 0xD7DF, 0xD7FF, 0xDFDF, 0xE7FF, 0xE7FF, 0xDFDF, 0xD79F, 0x969F, 0x1D9F, 0x057E,
  0x053D, 0x04FC, 0x049B, 0x0439, 0x03B7, 0x138C, 0x250A, 0x250A, 0x250A, 0x250A, 0x250A, 0x250A,
  0x250A, 0x250A, 0x250A, 0x250A, 0x250A, 0x250A, 0x250A, 0x250A, 0x250A, 0x250A, 0x250A, 0x250A,
  0x250A, 0x250A, 0x250A, 0x250A, 0x250A, 0x250A, 0x250A, 0x250A, 0x250A, 0x250A, 0x250A, 0x250A,
  0x250A, 0x250A, 0x250A, 0x250A, 0x250A, 0x250A, 0x250A, 0x250A, 0x250A, 0x250A, 0x250A, 0x250A,
  0x250A, 0x250A, 0x250A, 0x250A, 0x250A, 0x250A, 0x250A, 0x250A, 0x250A, 0x250A, 0x250A, 0x250A,
  0x250A, 0x250A, 0x250A, 0x24EA, 0x250A, 0x1C89, 0x0311, 0x0419, 0x047A, 0x04FC, 0x051D, 0x055D,
  0x057E, 0x45DF, 0xB71F, 0xD7BF, 0xDFDF, 0xDFFF, 0xDFFF, 0xD7DF, 0xD7DF, 0xD7DF, 0xD7DF, 0xD7DF,
  0xD7DF, 0xD7BF, 0xD7DF, 0xD7DF, 0xDFDF, 0xDFFF, 0xE7FF, 0xE7FF, 0xDFBF, 0xAEFF, 0x3DDF, 0x057E,
  0x055D, 0x051D, 0x04DB, 0x047A, 0x0419, 0x0311, 0x1C89, 0x250A, 0x24EA, 0x250A, 0x250A, 0x250A,
  0x250A, 0x250A, 0x250A, 0x250A, 0x250A, 0x250A, 0x250A, 0x250A, 0x250A, 0x250A, 0x250A, 0x250A,
  0x250A, 0x250A, 0x250A, 0x250A, 0x250A, 0x250A, 0x250A, 0x250A, 0x250A, 0x250A, 0x250A, 0x250A,
  0x250A, 0x250A, 0x250A, 0x250A, 0x250A, 0x250A, 0x250A, 0x250A, 0x250A, 0x250A, 0x250A, 0x250A,
  0x250A, 0x250A, 0x250A, 0x250A, 0x250A, 0x250A, 0x250A, 0x250A, 0x250A, 0x250A, 0x250A, 0x250A,
  0x250A, 0x250A, 0x250A, 0x250A, 0x250A, 0x138B, 0x0397, 0x0439, 0x049B, 0x04FC, 0x053D, 0x057E,
  0x059E, 0x6E3F, 0xC75F, 0xDFDF, 0xDFDF, 0xDFFF, 0xDFFF, 0xD7DF, 0xD7BF, 0xD7DF, 0xD7BF, 0xCFDF,
  0xD7BF, 0xD7BF, 0xD7DF, 0xD7DF, 0xDFDF, 0xDFDF, 0xE7DF, 0xE7FF, 0xDFDF, 0xC73F, 0x5E1F, 0x057E,
  0x055D, 0x053D, 0x04FC, 0x049A, 0x0459, 0x03B7, 0x138B, 0x250A, 0x250A, 0x250A, 0x250A, 0x250A,
  0x250A, 0x250A, 0x250A, 0x250A, 0x250A, 0x250A, 0x250A, 0x250A, 0x250A, 0x250A, 0x250A, 0x250A,
  0x250A, 0x250A, 0x250A, 0x250A, 0x250A, 0x250A, 0x250A, 0x250A, 0x250A, 0x250A, 0x250A, 0x250A,
  0x250A, 0x250A, 0x250A, 0x250A, 0x250A, 0x250A, 0x250A, 0x250A, 0x250A, 0x250A, 0x250A, 0x250A,
  0x250A, 0x250A, 0x250A, 0x250A, 0x250A, 0x250A, 0x250A, 0x250A, 0x250A, 0x250A, 0x250A, 0x250A,
  0x250A, 0x250A, 0x24E9, 0x250A, 0x1C89, 0x0311, 0x0419, 0x047A, 0x04DB, 0x051C, 0x053D, 0x057E,
  0x1D9F, 0x8E9F, 0xCF7F, 0xDFDF, 0xDFFF, 0xDFFF, 0xDFDF, 0xD7DF, 0xD7DF, 0xD7BF, 0xD7DF, 0xCFDF,
  0xCFDF, 0xD7BF, 0xD7DF, 0xD7DF, 0xDFDF, 0xDFFF, 0xE7FF, 0xE7FF, 0xDFDF, 0xCF7F, 0x867F, 0x159F,
  0x055E, 0x053D, 0x051C, 0x04DB, 0x047A, 0x0419, 0x0311, 0x1C69, 0x24EA, 0x24E9, 0x250A, 0x250A,
  0x250A, 0x250A, 0x250A, 0x250A, 0x250A, 0x250A, 0x250A, 0x250A, 0x250A, 0x250A, 0x250A, 0x250A,
  0x250A, 0x250A, 0x250A, 0x250A, 0x250A, 0x250A, 0x250A, 0x250A, 0x250A, 0x250A, 0x250A, 0x250A,
  0x250A, 0x250A, 0x250A, 0x250A, 0x250A, 0x250A, 0x250A, 0x250A, 0x250A, 0x250A, 0x250A, 0x250A,
  0x250A, 0x250A, 0x250A, 0x250A, 0x250A, 0x250A, 0x250A, 0x250A, 0x250A, 0x250A, 0x250A, 0x250A,
  0x250A, 0x250A, 0x250A, 0x250A, 0x13AB, 0x0396, 0x0459, 0x049A, 0x04DC, 0x051D, 0x055D, 0x057E,
  0x3DDF, 0xAEFF, 0xD79F, 0xDFDF, 0xDFFF, 0xDFFF, 0xD7DF, 0xD7DF, 0xD7DF, 0xD7DF, 0xD7DF, 0xCFBF,
  0xCFDF, 0xCFBF, 0xD7BF, 0xD7DF, 0xD7DF, 0xDFFF, 0xDFFF, 0xE7FF, 0xDFDF, 0xD79F, 0xA6DF, 0x35BF,
  0x057E, 0x055E, 0x051D, 0x04DC, 0x049A, 0x0439, 0x0397, 0x138C, 0x250A, 0x250A, 0x250A, 0x250A,
  0x250A, 0x250A, 0x250A, 0x250A, 0x250A, 0x250A, 0x250A, 0x250A, 0x250A, 0x250A, 0x250A, 0x250A,
  0x250A, 0x250A, 0x250A, 0x250A, 0x250A, 0x250A, 0x250A, 0x250A, 0x250A, 0x250A, 0x250A, 0x250A,
  0x250A, 0x250A, 0x250A, 0x250A, 0x250A, 0x250A, 0x250A, 0x250A, 0x250A, 0x250A, 0x250A, 0x250A,
  0x250A, 0x250A, 0x250A, 0x250A, 0x250A, 0x250A, 0x250A, 0x250A, 0x250A, 0x250A, 0x250A, 0x250A,
  0x250A, 0x24EA, 0x250A, 0x1CA9, 0x0331, 0x0419, 0x047A, 0x04BB, 0x04FC, 0x055E, 0x055E, 0x057F,
  0x661F, 0xBF3F, 0xD7BF, 0xDFDF, 0xDFFF, 0xDFFF, 0xD7DF, 0xD7DF, 0xD7DF, 0xD7DF, 0xD7DF, 0xCFBF,
  0xCFDF, 0xCFBF, 0xD7BF, 0xD7DF, 0xD7BF, 0xDFFF, 0xDFFF, 0xE7DF, 0xE7FF, 0xDFDF, 0xBF3F, 0x5DFF,
  0x057E, 0x055E, 0x053D, 0x04FC, 0x04BB, 0x0459, 0x03F8, 0x0311, 0x1C69, 0x250A, 0x24EA, 0x250A,
  0x250A, 0x250A, 0x250A, 0x250A, 0x250A, 0x250A, 0x250A, 0x250A, 0x250A, 0x250A, 0x250A, 0x250A,
  0x250A, 0x250A, 0x250A, 0x250A, 0x250A, 0x250A, 0x250A, 0x250A, 0x250A, 0x250A, 0x250A, 0x250A,
  0x250A, 0x250A, 0x250A, 0x250A, 0x250A, 0x250A, 0x250A, 0x250A, 0x250A, 0x250A, 0x250A, 0x250A,
  0x250A, 0x250A, 0x250A, 0x250A, 0x250A, 0x250A, 0x250A, 0x250A, 0x250A, 0x250A, 0x250A, 0x250A,
  0x250A, 0x250A, 0x250A, 0x13AB, 0x0396, 0x0439, 0x049B, 0x04DC, 0x051D, 0x055E, 0x057E, 0x1D9F,
  0x867F, 0xC75F, 0xDFBF, 0xDFDF, 0xDFDF, 0xDFDF, 0xD7FF, 0xD7DF, 0xD7DF, 0xCFDF, 0xCFDF, 0xCFDF,
  0xCFDF, 0xD7DF, 0xCFDF, 0xD7DF, 0xD7DF, 0xD7DF, 0xDFFF, 0xDFFF, 0xE7DF, 0xDFDF, 0xCF7F, 0x867F,
  0x159F, 0x057E, 0x053D, 0x051C, 0x04FC, 0x049A, 0x0419, 0x03B7, 0x138C, 0x250A, 0x250A, 0x250A,
  0x250A, 0x250A, 0x250A, 0x250A, 0x250A, 0x250A, 0x250A, 0x250A, 0x250A, 0x250A, 0x250A, 0x250A,
  0x250A, 0x250A, 0x250A, 0x250A, 0x250A, 0x250A, 0x250A, 0x250A, 0x250A, 0x250A, 0x250A, 0x250A,
  0x250A, 0x250A, 0x250A, 0x250A, 0x250A, 0x250A, 0x250A, 0x250A, 0x250A, 0x250A, 0x250A, 0x250A,
  0x250A, 0x250A, 0x250A, 0x250A, 0x250A, 0x250A, 0x250A, 0x250A, 0x250A, 0x250A, 0x250A, 0x250A,
  0x24E9, 0x250A, 0x24A9, 0x0331, 0x03F8, 0x0459, 0x04BB, 0x04FC, 0x053D, 0x057E, 0x057E, 0x3DDF,
  0xA6DF, 0xCF9F, 0xDFDF, 0xDFDF, 0xDFFF, 0xDFFF, 0xD7FF, 0xD7DF, 0xD7FF, 0xCFFF, 0xCFFF, 0xCFFF,
  0xCFFF, 0xD7FF, 0xD7FF, 0xCFDF, 0xD7DF, 0xD7FF, 0xDFFF, 0xDFFF, 0xE7FF, 0xDFFF, 0xD79F, 0xA6DF,
  0x35BF, 0x057E, 0x055E, 0x053D, 0x051C, 0x04BB, 0x0459, 0x03F8, 0x0331, 0x1C89, 0x250A, 0x24E9,
  0x250A, 0x250A, 0x250A, 0x250A, 0x250A, 0x250A, 0x250A, 0x250A, 0x250A, 0x250A, 0x250A, 0x250A,
  0x250A, 0x250A, 0x250A, 0x250A, 0x250A, 0x250A, 0x250A, 0x250A, 0x250A, 0x250A, 0x250A, 0x250A,
  0x250A, 0x250A, 0x250A, 0x250A, 0x250A, 0x250A, 0x250A, 0x250A, 0x250A, 0x250A, 0x250A, 0x250A,
  0x250A, 0x250A, 0x250A, 0x250A, 0x250A, 0x250A, 0x250A, 0x250A, 0x250A, 0x250A, 0x250A, 0x250A,
  0x250A, 0x250A, 0x13CB, 0x0376, 0x0439, 0x049A, 0x04DC, 0x051C, 0x055D, 0x057E, 0x059F, 0x661F,
  0xBF3F, 0xD7BF, 0xDFFF, 0xDFFF, 0xDFFF, 0xDFFF, 0xD7FF, 0xD7FF, 0xD7FF, 0xCFFF, 0xCFFF, 0xCFFF,
  0xCFFF, 0xCFFF, 0xCFFF, 0xCFFF, 0xD7FF, 0xD7FF, 0xDFDF, 0xDFFF, 0xE7FF, 0xDFDF, 0xD7BF, 0xBF3F,
  0x5DFF, 0x057E, 0x057E, 0x055E, 0x051C, 0x04DC, 0x049A, 0x0419, 0x0396, 0x13AB, 0x250A, 0x250A,
  0x250A, 0x250A, 0x250A, 0x250A, 0x250A, 0x250A, 0x250A, 0x250A, 0x250A, 0x250A, 0x250A, 0x250A,
  0x250A, 0x250A, 0x250A, 0x250A, 0x250A, 0x250A, 0x250A, 0x250A, 0x250A, 0x250A, 0x250A, 0x250A,
  0x250A, 0x250A, 0x250A, 0x250A, 0x250A, 0x250A, 0x250A, 0x250A, 0x250A, 0x250A, 0x250A, 0x250A,
  0x250A, 0x250A, 0x250A, 0x250A, 0x250A, 0x250A, 0x250A, 0x250A, 0x250A, 0x250A, 0x250A, 0x24EA,
  0x24EA, 0x24C9, 0x0330, 0x03F8, 0x0459, 0x049B, 0x04FC, 0x053D, 0x055E, 0x057E, 0x1DBF, 0x8E9F,
  0xC77F, 0xD7DF, 0xDFFF, 0xDFFF, 0xDFFF, 0xD7FF, 0xD7FF, 0xCFFF, 0xCFFF, 0xCFFF, 0xCFFF, 0xCFFF,
  0xCFFF, 0xCFFF, 0xCFFF, 0xCFDF, 0xCFDF, 0xD7FF, 0xD7FF, 0xDFFF, 0xDFFF, 0xDFFF, 0xDFDF, 0xCF7F,
  0x867F, 0x1D9F, 0x057E, 0x055E, 0x053D, 0x04FC, 0x04BB, 0x0459, 0x03F9, 0x0331, 0x1CA9, 0x250A,
  0x24EA, 0x250A, 0x250A, 0x250A, 0x250A, 0x250A, 0x250A, 0x250A, 0x250A, 0x250A, 0x250A, 0x250A,
  0x250A, 0x250A, 0x250A, 0x250A, 0x250A, 0x250A, 0x250A, 0x250A, 0x250A, 0x250A, 0x250A, 0x250A,
  0x250A, 0x250A, 0x250A, 0x250A, 0x250A, 0x250A, 0x250A, 0x250A, 0x250A, 0x250A, 0x250A, 0x250A,
  0x250A, 0x250A, 0x250A, 0x250A, 0x250A, 0x250A, 0x250A, 0x250A, 0x250A, 0x250A, 0x250A, 0x250A,
  0x250A, 0x13EA, 0x0355, 0x0419, 0x047A, 0x04DC, 0x051D, 0x053D, 0x057E, 0x059F, 0x45DF, 0xA6DF,
  0xCFBF, 0xDFFF, 0xDFFF, 0xDFFF, 0xD7FF, 0xD7FF, 0xD7FF, 0xCFFF, 0xCFFF, 0xCFFF, 0xCFFF, 0xCFFF,
  0xCFFF, 0xCFFF, 0xCFFF, 0xCFDF, 0xD7FF, 0xD7FF, 0xD7FF, 0xD7DF, 0xDFFF, 0xE7FF, 0xDFDF, 0xD79F,
  0xAEDF, 0x3DDF, 0x057E, 0x055E, 0x053D, 0x04FC, 0x04BB, 0x047A, 0x0439, 0x0376, 0x13AB, 0x250A,
  0x250A, 0x250A, 0x250A, 0x250A, 0x250A, 0x250A, 0x250A, 0x250A, 0x250A, 0x250A, 0x250A, 0x250A,
  0x250A, 0x250A, 0x250A, 0x250A, 0x250A, 0x250A, 0x250A, 0x250A, 0x250A, 0x250A, 0x250A, 0x250A,
  0x250A, 0x250A, 0x250A, 0x250A, 0x250A, 0x250A, 0x250A, 0x250A, 0x250A, 0x250A, 0x250A, 0x250A,
  0x250A, 0x250A, 0x250A, 0x250A, 0x250A, 0x250A, 0x250A, 0x250A, 0x250A, 0x250A, 0x24EA, 0x250A,
  0x24E9, 0x0B4E, 0x03D8, 0x0459, 0x049B, 0x04DC, 0x051D, 0x055E, 0x057E, 0x0D9F, 0x6E3F, 0xBF3F,
  0xD7BF, 0xDFFF, 0xDFFF, 0xDFFF, 0xD7FF, 0xCFFF, 0xCFFF, 0xCFFF, 0xCFFF, 0xCFFF, 0xCFFF, 0xCFFF,
  0xCFFF, 0xCFFF, 0xCFFF, 0xCFFF, 0xCFFF, 0xCFFF, 0xD7DF, 0xD7DF, 0xDFFF, 0xDFFF, 0xDFFF, 0xD7BF,
  0xC73F, 0x6E3F, 0x0D7F, 0x055E, 0x055E, 0x051D, 0x04DC, 0x049B, 0x0439, 0x03F8, 0x0B30, 0x24C9,
  0x250A, 0x24E9, 0x250A, 0x250A, 0x250A, 0x250A, 0x250A, 0x250A, 0x250A, 0x250A, 0x250A, 0x250A,
  0x250A, 0x250A, 0x250A, 0x250A, 0x250A, 0x250A, 0x250A, 0x250A, 0x250A, 0x250A, 0x250A, 0x250A,
  0x250A, 0x250A, 0x250A, 0x250A, 0x250A, 0x250A, 0x250A, 0x250A, 0x250A, 0x250A, 0x250A, 0x250A,
  0x250A, 0x250A, 0x250A, 0x250A, 0x250A, 0x250A, 0x250A, 0x250A, 0x250A, 0x250A, 0x250A, 0x250A,
  0x1C2A, 0x0354, 0x0419, 0x045A, 0x04BB, 0x04FC, 0x053D, 0x055E, 0x057F, 0x2DBF, 0x96BF, 0xC79F,
  0xD7FF, 0xDFFF, 0xDFFF, 0xD7FF, 0xD7FF, 0xCFFF, 0xCFFF, 0xCFFF, 0xCFFF, 0xCFFF, 0xC7FF, 0xC7FF,
  0xC7FF, 0xC7FF, 0xC7FF, 0xCFFF, 0xCFDF, 0xCFDF, 0xCFFF, 0xD7DF, 0xD7DF, 0xDFDF, 0xDFDF, 0xDFDF,
  0xCF7F, 0x969F, 0x2D9F, 0x057E, 0x055E, 0x053D, 0x04FC, 0x04BB, 0x045A, 0x03F8, 0x0355, 0x140A,
  0x250A, 0x250A, 0x250A, 0x250A, 0x250A, 0x250A, 0x250A, 0x250A, 0x250A, 0x250A, 0x250A, 0x250A,
  0x250A, 0x250A, 0x250A, 0x250A, 0x250A, 0x250A, 0x250A, 0x250A, 0x250A, 0x250A, 0x250A, 0x250A,
  0x250A, 0x250A, 0x250A, 0x250A, 0x250A, 0x250A, 0x250A, 0x250A, 0x250A, 0x250A, 0x250A, 0x250A,
  0x250A, 0x250A, 0x250A, 0x250A, 0x250A, 0x250A, 0x250A, 0x250A, 0x250A, 0x250A, 0x250A, 0x250A,
  0x0B6C, 0x03D8, 0x0439, 0x049A, 0x04DC, 0x051D, 0x053D, 0x057E, 0x0D9F, 0x561F, 0xAF1F, 0xCFBF,
  0xDFFF, 0xDFFF, 0xD7FF, 0xD7FF, 0xCFFF, 0xCFFF, 0xCFFF, 0xC7FF, 0xC7FF, 0xC7FF, 0xC7FF, 0xC7FF,
  0xC7FF, 0xC7FF, 0xC7FF, 0xC7DF, 0xC7DF, 0xC7DF, 0xCFDF, 0xCFDF, 0xD7DF, 0xD7DF, 0xDFFF, 0xDFDF,
  0xD7BF, 0xB6FF, 0x4DDF, 0x057F, 0x055E, 0x053D, 0x051C, 0x04DC, 0x049A, 0x0439, 0x03D8, 0x0B4E,
  0x24E9, 0x250A, 0x250A, 0x250A, 0x250A, 0x250A, 0x250A, 0x250A, 0x250A, 0x250A, 0x250A, 0x250A,
  0x250A, 0x250A, 0x250A, 0x250A, 0x250A, 0x250A, 0x250A, 0x250A, 0x250A, 0x250A, 0x250A, 0x250A,
  0x250A, 0x250A, 0x250A, 0x250A, 0x250A, 0x250A, 0x250A, 0x250A, 0x250A, 0x250A, 0x250A, 0x250A,
  0x250A, 0x250A, 0x250A, 0x250A, 0x250A, 0x250A, 0x250A, 0x250A, 0x250A, 0x24E9, 0x250A, 0x1C89,
  0x0332, 0x03F8, 0x045A, 0x04BB, 0x04FC, 0x051D, 0x055E, 0x057F, 0x1D9F, 0x7E7F, 0xBF7F, 0xD7DF,
  0xDFFF, 0xD7FF, 0xD7FF, 0xCFFF, 0xCFFF, 0xCFFF, 0xC7FF, 0xC7FF, 0xC7FF, 0xC7FF, 0xC7FF, 0xC7FF,
  0xC7FF, 0xC7FF, 0xC7DF, 0xC7DF, 0xC7DF, 0xC7DF, 0xCFDF, 0xCFDF, 0xCFDF, 0xD7DF, 0xDFFF, 0xDFDF,
  0xD7BF, 0xC75F, 0x7E5F, 0x159F, 0x057E, 0x053D, 0x051D, 0x04DC, 0x04BB, 0x045A, 0x03F8, 0x0333,
  0x1C49, 0x250A, 0x24E9, 0x250A, 0x250A, 0x250A, 0x250A, 0x250A, 0x250A, 0x250A, 0x250A, 0x250A,
  0x250A, 0x250A, 0x250A, 0x250A, 0x250A, 0x250A, 0x250A, 0x250A, 0x250A, 0x250A, 0x250A, 0x250A,
  0x250A, 0x250A, 0x250A, 0x250A, 0x250A, 0x250A, 0x250A, 0x250A, 0x250A, 0x250A, 0x250A, 0x250A,
  0x250A, 0x250A, 0x250A, 0x250A, 0x250A, 0x250A, 0x250A, 0x250A, 0x250A, 0x24EA, 0x250A, 0x13CB,
  0x0376, 0x0419, 0x047A, 0x04BB, 0x04FC, 0x053D, 0x055E, 0x059F, 0x35DF, 0x9EDF, 0xC79F, 0xD7DF,
  0xD7FF, 0xD7FF, 0xCFFF, 0xCFFF, 0xC7FF, 0xC7FF, 0xC7FF, 0xC7FF, 0xC7FF, 0xC7FF, 0xBFFF, 0xC7FF,
  0xC7FF, 0xBFDF, 0xC7DF, 0xC7DF, 0xBFBF, 0xC7BF, 0xC7BF, 0xCFDF, 0xCFDF, 0xCFBF, 0xD7DF, 0xDFDF,
  0xDFBF, 0xCF9F, 0xA6BF, 0x35BF, 0x057E, 0x055D, 0x053D, 0x04FC, 0x04BB, 0x047A, 0x0419, 0x03B7,
  0x138C, 0x250A, 0x250A, 0x250A, 0x250A, 0x250A, 0x250A, 0x250A, 0x250A, 0x250A, 0x250A, 0x250A,
  0x250A, 0x250A, 0x250A, 0x250A, 0x250A, 0x250A, 0x250A, 0x250A, 0x250A, 0x250A, 0x250A, 0x250A,
  0x250A, 0x250A, 0x250A, 0x250A, 0x250A, 0x250A, 0x250A, 0x250A, 0x250A, 0x250A, 0x250A, 0x250A,
  0x250A, 0x250A, 0x250A, 0x250A, 0x250A, 0x250A, 0x250A, 0x250A, 0x24EA, 0x250A, 0x24E9, 0x0B4F,
  0x03F8, 0x0439, 0x049B, 0x04DC, 0x051D, 0x053E, 0x057E, 0x0D9F, 0x5E1F, 0xB71F, 0xCFBF, 0xD7DF,
  0xD7DF, 0xCFFF, 0xCFFF, 0xC7FF, 0xC7FF, 0xC7FF, 0xC7FF, 0xBFFF, 0xBFFF, 0xBFFF, 0xBFFF, 0xBFDF,
  0xBFDF, 0xBFFF, 0xBFDF, 0xBFDF, 0xBFBF, 0xC7BF, 0xC7BF, 0xC7BF, 0xCFBF, 0xCFBF, 0xCFBF, 0xD7BF,
  0xD7BF, 0xD79F, 0xBF1F, 0x5DFF, 0x057E, 0x055E, 0x053D, 0x051C, 0x04DC, 0x049B, 0x0439, 0x03F8,
  0x0310, 0x24A9, 0x250A, 0x24EA, 0x250A, 0x250A, 0x250A, 0x250A, 0x250A, 0x250A, 0x250A, 0x250A,
  0x250A, 0x250A, 0x250A, 0x250A, 0x250A, 0x250A, 0x250A, 0x250A, 0x250A, 0x250A, 0x250A, 0x250A,
  0x250A, 0x250A, 0x250A, 0x250A, 0x250A, 0x250A, 0x250A, 0x250A, 0x250A, 0x250A, 0x250A, 0x250A,
  0x250A, 0x250A, 0x250A, 0x250A, 0x250A, 0x250A, 0x250A, 0x250A, 0x250A, 0x250A, 0x1C49, 0x0332,
  0x03F8, 0x0459, 0x049B, 0x04FC, 0x051D, 0x055E, 0x0D7F, 0x1DBF, 0x7E7F, 0xBF5F, 0xCFBF, 0xD7FF,
  0xD7FF, 0xCFFF, 0xC7DF, 0xC7DF, 0xC7FF, 0xBFFF, 0xBFFF, 0xBFDF, 0xBFDF, 0xBFFF, 0xBFFF, 0xBFDF,
  0xBFDF, 0xBFDF, 0xBFDF, 0xBFBF, 0xBFBF, 0xBFBF, 0xBFBF, 0xC79F, 0xC7BF, 0xC79F, 0xCF9F, 0xD7BF,
  0xD7BF, 0xD79F, 0xCF5F, 0x865F, 0x157F, 0x055E, 0x053D, 0x051D, 0x04DC, 0x049B, 0x045A, 0x03F8,
  0x0355, 0x1BEA, 0x250A, 0x250A, 0x250A, 0x250A, 0x250A, 0x250A, 0x250A, 0x250A, 0x250A, 0x250A,
  0x250A, 0x250A, 0x250A, 0x250A, 0x250A, 0x250A, 0x250A, 0x250A, 0x250A, 0x250A, 0x250A, 0x250A,
  0x250A, 0x250A, 0x250A, 0x250A, 0x250A, 0x250A, 0x250A, 0x250A, 0x250A, 0x250A, 0x250A, 0x250A,
  0x250A, 0x250A, 0x250A, 0x250A, 0x250A, 0x250A, 0x250A, 0x250A, 0x250A, 0x250A, 0x13AB, 0x0397,
  0x0418, 0x047A, 0x04BB, 0x04FC, 0x053D, 0x0D5E, 0x0D7F, 0x35DF, 0x9EDF, 0xC77F, 0xCFBF, 0xCFDF,
  0xCFFF, 0xC7FF, 0xC7DF, 0xBFFF, 0xBFFF, 0xBFDF, 0xBFDF, 0xBFDF, 0xBFDF, 0xBFFF, 0xBFDF, 0xB7DF,
  0xBFDF, 0xBFDF, 0xB7BF, 0xB79F, 0xBFBF, 0xBF9F, 0xBF9F, 0xBF9F, 0xBF9F, 0xC79F, 0xC79F, 0xCF9F,
  0xD79F, 0xCF9F, 0xCF7F, 0xA6DF, 0x35BF, 0x055E, 0x055E, 0x051D, 0x04FC, 0x04BB, 0x047A, 0x0418,
  0x03B7, 0x0B6C, 0x250A, 0x250A, 0x250A, 0x250A, 0x250A, 0x250A, 0x250A, 0x250A, 0x250A, 0x250A,
  0x250A, 0x250A, 0x250A, 0x250A, 0x250A, 0x250A, 0x250A, 0x250A, 0x250A, 0x250A, 0x250A, 0x250A,
  0x250A, 0x250A, 0x250A, 0x250A, 0x250A, 0x250A, 0x250A, 0x250A, 0x250A, 0x250A, 0x250A, 0x250A,
  0x250A, 0x250A, 0x250A, 0x250A, 0x250A, 0x250A, 0x250A, 0x250A, 0x250A, 0x24E9, 0x0B4F, 0x03D8,
  0x0439, 0x047A, 0x04BB, 0x04FC, 0x053D, 0x0D5E, 0x0D9F, 0x4DFF, 0xAF1F, 0xC79F, 0xCFDF, 0xCFDF,
  0xC7DF, 0xC7DF, 0xBFDF, 0xBFDF, 0xBFDF, 0xBFDF, 0xBFDF, 0xB7DF, 0xB7DF, 0xB7DF, 0xB7DF, 0xB7DF,
  0xB7DF, 0xB7BF, 0xB7BF, 0xB79F, 0xB7BF, 0xB7BF, 0xB79F, 0xBF7F, 0xBF9F, 0xBF7F, 0xBF7F, 0xC77F,
  0xCF9F, 0xCF7F, 0xCF7F, 0xBF1F, 0x55DF, 0x055E, 0x055D, 0x053D, 0x04FC, 0x04DB, 0x047A, 0x0439,
  0x03D8, 0x0331, 0x1C89, 0x250A, 0x24EA, 0x250A, 0x250A, 0x250A, 0x250A, 0x250A, 0x250A, 0x250A,
  0x250A, 0x250A, 0x250A, 0x250A, 0x250A, 0x250A, 0x250A, 0x250A, 0x250A, 0x250A, 0x250A, 0x250A,
  0x250A, 0x250A, 0x250A, 0x250A, 0x250A, 0x250A, 0x250A, 0x250A, 0x250A, 0x250A, 0x250A, 0x250A,
  0x250A, 0x250A, 0x250A, 0x250A, 0x250A, 0x250A, 0x250A, 0x24EA, 0x250A, 0x1C49, 0x0333, 0x03F8,
  0x0439, 0x049B, 0x04DC, 0x051D, 0x053E, 0x0D7F, 0x159F, 0x6E3F, 0xBF5F, 0xC77F, 0xC7BF, 0xC7BF,
  0xC7BF, 0xBFBF, 0xBFBF, 0xBFBF, 0xB7DF, 0xB7DF, 0xB7DF, 0xB7DF, 0xB7DF, 0xB7DF, 0xB7BF, 0xB7BF,
  0xB7BF, 0xB7BF, 0xB7BF, 0xB79F, 0xB79F, 0xB79F, 0xB79F, 0xB77F, 0xB77F, 0xBF7F, 0xBF7F, 0xBF7F,
  0xC77F, 0xCF7F, 0xCF7F, 0xCF5F, 0x761F, 0x0D5E, 0x055D, 0x053D, 0x051C, 0x04DC, 0x049B, 0x0459,
  0x03F8, 0x0334, 0x1C2A, 0x250A, 0x24EA, 0x250A, 0x250A, 0x250A, 0x250A, 0x250A, 0x250A, 0x250A,
  0x250A, 0x250A, 0x250A, 0x250A, 0x250A, 0x250A, 0x250A, 0x250A, 0x250A, 0x250A, 0x250A, 0x250A,
  0x250A, 0x250A, 0x250A, 0x250A, 0x250A, 0x250A, 0x250A, 0x250A, 0x250A, 0x250A, 0x250A, 0x250A,
  0x250A, 0x250A, 0x250A, 0x250A, 0x250A, 0x250A, 0x250A, 0x24EA, 0x250A, 0x13EA, 0x0355, 0x0418,
  0x0459, 0x049B, 0x04FC, 0x051D, 0x0D5E, 0x0D7F, 0x25BF, 0x869F, 0xBF7F, 0xC77F, 0xC79F, 0xC7BF,
  0xBFBF, 0xBFBF, 0xB7BF, 0xB7BF, 0xB7BF, 0xB7BF, 0xB7DF, 0xAFDF, 0xB7BF, 0xAFBF, 0xAFBF, 0xAFBF,
  0xAFBF, 0xAFBF, 0xAFBF, 0xAF9F, 0xB79F, 0xAF7F, 0xAF7F, 0xB77F, 0xB75F, 0xB75F, 0xBF7F, 0xBF5F,
  0xBF5F, 0xC75F, 0xC75F, 0xD77F, 0x8E7F, 0x1D7E, 0x055E, 0x053D, 0x04FC, 0x04FC, 0x04BB, 0x047A,
  0x0419, 0x0397, 0x13AC, 0x250A, 0x250A, 0x250A, 0x250A, 0x250A, 0x250A, 0x250A, 0x250A, 0x250A,
  0x250A, 0x250A, 0x250A, 0x250A, 0x250A, 0x250A, 0x250A, 0x250A, 0x250A, 0x250A, 0x250A, 0x250A,
  0x250A, 0x250A, 0x250A, 0x250A, 0x250A, 0x250A, 0x250A, 0x250A, 0x250A, 0x250A, 0x250A, 0x250A,
  0x250A, 0x250A, 0x250A, 0x250A, 0x250A, 0x250A, 0x250A, 0x250A, 0x250A, 0x0B8D, 0x03B7, 0x0418,
  0x047A, 0x04BB, 0x04DC, 0x051D, 0x0D5E, 0x0D7F, 0x2DBF, 0x9EDF, 0xBF5F, 0xBF7F, 0xC79F, 0xBF9F,
  0xBF9F, 0xB7BF, 0xB7BF, 0xB7BF, 0xB7BF, 0xAFBF, 0xAFBF, 0xAFBF, 0xAFBF, 0xAFBF, 0xAFBF, 0xAFBF,
  0xAF9F, 0xAFBF, 0xAF9F, 0xAF9F, 0xAF7F, 0xAF7F, 0xAF7F, 0xAF7F, 0xAF5F, 0xB75F, 0xB75F, 0xB75F,
  0xBF5F, 0xC75F, 0xC73F, 0xCF7F, 0xA6BF, 0x2D7F, 0x055E, 0x053D, 0x051C, 0x04FC, 0x04BB, 0x047A,
  0x0419, 0x03D8, 0x0B4E, 0x24EA, 0x250A, 0x250A, 0x250A, 0x250A, 0x250A, 0x250A, 0x250A, 0x250A,
  0x250A, 0x250A, 0x250A, 0x250A, 0x250A, 0x250A, 0x250A, 0x250A, 0x250A, 0x250A, 0x250A, 0x250A,
  0x250A, 0x250A, 0x250A, 0x250A, 0x250A, 0x250A, 0x250A, 0x250A, 0x250A, 0x250A, 0x250A, 0x250A,
  0x250A, 0x250A, 0x250A, 0x250A, 0x250A, 0x250A, 0x250A, 0x250A, 0x24E9, 0x0B4F, 0x03F8, 0x0419,
  0x047A, 0x04BB, 0x04FC, 0x053D, 0x0D5E, 0x0D7F, 0x3DDF, 0xA6DF, 0xBF5F, 0xBF7F, 0xBF7F, 0xB79F,
  0xB79F, 0xB79F, 0xB79F, 0xAFBF, 0xAFBF, 0xAFBF, 0xAFBF, 0xAFBF, 0xAFBF, 0xAFBF, 0xAF9F, 0xAFBF,
  0xAF9F, 0xAF9F, 0xAF9F, 0xA77F, 0xA77F, 0xAF7F, 0xAF5F, 0xAF5F, 0xAF5F, 0xAF5F, 0xB75F, 0xB73F,
  0xB73F, 0xBF3F, 0xBF3F, 0xCF5F, 0xB6FF, 0x3D9F, 0x055E, 0x053D, 0x051D, 0x04FC, 0x04BB, 0x047A,
  0x0439, 0x03F8, 0x0331, 0x1C89, 0x250A, 0x250A, 0x250A, 0x250A, 0x250A, 0x250A, 0x250A, 0x250A,
  0x250A, 0x250A, 0x250A, 0x250A, 0x250A, 0x250A, 0x250A, 0x250A, 0x250A, 0x250A, 0x250A, 0x250A,
  0x250A, 0x250A, 0x250A, 0x250A, 0x250A, 0x250A, 0x250A, 0x250A, 0x250A, 0x250A, 0x250A, 0x250A,
  0x250A, 0x250A, 0x250A, 0x250A, 0x250A, 0x250A, 0x250A, 0x250A, 0x1C69, 0x0332, 0x03F8, 0x0439,
  0x049B, 0x04DC, 0x051D, 0x051D, 0x0D5F, 0x0D9F, 0x45FF, 0xAEFF, 0xB73F, 0xB75F, 0xB77F, 0xB77F,
  0xAF9F, 0xAF9F, 0xAF9F, 0xAF9F, 0xAF9F, 0xAFBF, 0xA79F, 0xA79F, 0xA79F, 0xA79F, 0xA79F, 0xA7BF,
  0xA79F, 0xA79F, 0xA77F, 0xA77F, 0xA77F, 0xA75F, 0xA75F, 0xA75F, 0xAF5F, 0xAF3F, 0xAF3F, 0xAF3F,
  0xB73F, 0xB73F, 0xB71F, 0xC75F, 0xBEFF, 0x45BF, 0x055E, 0x055D, 0x053D, 0x04FC, 0x04BB, 0x049B,
  0x0459, 0x03F8, 0x0354, 0x1C29, 0x250A, 0x250A, 0x250A, 0x250A, 0x250A, 0x250A, 0x250A, 0x250A,
  0x250A, 0x250A, 0x250A, 0x250A, 0x250A, 0x250A, 0x250A, 0x250A, 0x250A, 0x250A, 0x250A, 0x250A,
  0x250A, 0x250A, 0x250A, 0x250A, 0x250A, 0x250A, 0x250A, 0x250A, 0x250A, 0x250A, 0x250A, 0x250A,
  0x250A, 0x250A, 0x250A, 0x250A, 0x250A, 0x250A, 0x250A, 0x250A, 0x1C0A, 0x0355, 0x03F8, 0x0439,
  0x049B, 0x04DC, 0x04FC, 0x0D3D, 0x157F, 0x159F, 0x4DFF, 0xAEFF, 0xAF3F, 0xB75F, 0xB77F, 0xAF7F,
  0xAF7F, 0xAF9F, 0xAF9F, 0xAF9F, 0xA79F, 0xA79F, 0xA7BF, 0xA79F, 0xA79F, 0xA79F, 0xA79F, 0xA79F,
  0xA79F, 0xA79F, 0xA77F, 0xA77F, 0xA75F, 0xA75F, 0xA75F, 0xA73F, 0xA73F, 0xA73F, 0xA73F, 0xAF1F,
  0xAF3F, 0xB71F, 0xAEFF, 0xBF1F, 0xBF1F, 0x45BF, 0x055E, 0x053D, 0x051D, 0x04FC, 0x04DB, 0x049B,
  0x0459, 0x03F8, 0x0396, 0x13AB, 0x250A, 0x250A, 0x250A, 0x250A, 0x250A, 0x250A, 0x250A, 0x250A,
  0x250A, 0x250A, 0x250A, 0x250A, 0x250A, 0x250A, 0x250A, 0x250A, 0x250A, 0x250A, 0x250A, 0x250A,
  0x250A, 0x250A, 0x250A, 0x250A, 0x250A, 0x250A, 0x250A, 0x250A, 0x250A, 0x250A, 0x250A, 0x250A,
  0x250A, 0x250A, 0x250A, 0x250A, 0x250A, 0x250A, 0x250A, 0x250A, 0x13CB, 0x0396, 0x03F8, 0x045A,
  0x049B, 0x04DC, 0x051D, 0x0D3E, 0x157F, 0x159F, 0x4DFF, 0xA6DF, 0xA71F, 0xAF3F, 0xAF5F, 0xAF5F,
  0xAF7F, 0xAF7F, 0xA77F, 0xA79F, 0xA79F, 0xA79F, 0xA79F, 0xA79F, 0xA79F, 0xA79F, 0xA79F, 0x9F7F,
  0xA77F, 0xA77F, 0x9F7F, 0xA77F, 0x9F5F, 0xA73F, 0x9F3F, 0x9F3F, 0xA71F, 0xA71F, 0xA71F, 0xA71F,
  0xA6FF, 0xAEFF, 0xAEFF, 0xB6FF, 0xBEFF, 0x4DDF, 0x055E, 0x053D, 0x051D, 0x04FC, 0x04DC, 0x049B,
  0x045A, 0x0418, 0x03B7, 0x138D, 0x250A, 0x250A, 0x250A, 0x250A, 0x250A, 0x250A, 0x250A, 0x250A,
  0x250A, 0x250A, 0x250A, 0x250A, 0x250A, 0x250A, 0x250A, 0x250A, 0x250A, 0x250A, 0x250A, 0x250A,
  0x250A, 0x250A, 0x250A, 0x250A, 0x250A, 0x250A, 0x250A, 0x250A, 0x250A, 0x250A, 0x250A, 0x250A,
  0x250A, 0x250A, 0x250A, 0x250A, 0x250A, 0x250A, 0x250A, 0x250A, 0x13AD, 0x03D7, 0x0419, 0x047A,
  0x049B, 0x04DC, 0x051D, 0x0D3E, 0x157F, 0x159F, 0x45FF, 0x9EDF, 0xA71F, 0xA73F, 0xA75F, 0xAF5F,
  0xA75F, 0xA77F, 0xA77F, 0xA79F, 0xA77F, 0xA79F, 0x9F9F, 0x9F9F, 0x9F9F, 0x9F7F, 0x9F7F, 0x9F7F,
  0x9F7F, 0x9F7F, 0x9F7F, 0x9F5F, 0x9F5F, 0x9F3F, 0x9F3F, 0x9F1F, 0x9F1F, 0xA71F, 0xA71F, 0xA6FF,
  0xA6FF, 0xA6FF, 0xA6DF, 0xA6DF, 0xB6DF, 0x4DBF, 0x055E, 0x053D, 0x053D, 0x04FC, 0x04DC, 0x049B,
  0x047A, 0x0439, 0x03D8, 0x0B6F, 0x24E9, 0x250A, 0x250A, 0x250A, 0x250A, 0x250A, 0x250A, 0x250A,
  0x250A, 0x250A, 0x250A, 0x250A, 0x250A, 0x250A, 0x250A, 0x250A, 0x250A, 0x250A, 0x250A, 0x250A,
  0x250A, 0x250A, 0x250A, 0x250A, 0x250A, 0x250A, 0x250A, 0x250A, 0x250A, 0x250A, 0x250A, 0x250A,
  0x250A, 0x250A, 0x250A, 0x250A, 0x250A, 0x250A, 0x250A, 0x250A, 0x0B8E, 0x03F8, 0x0439, 0x047A,
  0x04BB, 0x04FC, 0x051D, 0x0D3E, 0x157F, 0x159F, 0x45FF, 0x8E9F, 0x9EDF, 0xA71F, 0xA73F, 0xA75F,
  0xA75F, 0xA75F, 0x9F7F, 0x9F7F, 0x9F9F, 0x9F9F, 0x9F7F, 0x9F9F, 0x9F9F, 0x9F9F, 0x9F7F, 0x9F7F,
  0x9F7F, 0x9F7F, 0x9F5F, 0x9F5F, 0x9F3F, 0x9F3F, 0x9F1F, 0x9F1F, 0x9F1F, 0x9EFF, 0x9EFF, 0x9EFF,
  0xA6FF, 0xA6DF, 0x9EBF, 0x9EBF, 0xA6BF, 0x45BF, 0x055E, 0x055D, 0x053D, 0x051C, 0x04DC, 0x04BB,
  0x047A, 0x0439, 0x03F8, 0x0B71, 0x24A9, 0x250A, 0x250A, 0x250A, 0x250A, 0x250A, 0x250A, 0x250A,
  0x250A, 0x250A, 0x250A, 0x250A, 0x250A, 0x250A, 0x250A, 0x250A, 0x250A, 0x250A, 0x250A, 0x250A,
  0x250A, 0x250A, 0x250A, 0x250A, 0x250A, 0x250A, 0x250A, 0x250A, 0x250A, 0x250A, 0x250A, 0x250A,
  0x250A, 0x250A, 0x250A, 0x250A, 0x250A, 0x250A, 0x250A, 0x24C9, 0x0B70, 0x03F8, 0x0439, 0x047A,
  0x04BB, 0x04FC, 0x0D1D, 0x0D5E, 0x157F, 0x159F, 0x35DF, 0x7E7F, 0x96DF, 0x9EFF, 0x9F3F, 0x9F3F,
  0x9F5F, 0x9F5F, 0x9F5F, 0x9F7F, 0x9F7F, 0x9F7F, 0x9F7F, 0x9F7F, 0x9F9F, 0x9F9F, 0x9F7F, 0x9F7F,
  0x9F7F, 0x9F5F, 0x9F5F, 0x975F, 0x973F, 0x973F, 0x971F, 0x971F, 0x96FF, 0x96FF, 0x9EFF, 0x9EDF,
  0x9EDF, 0x9EBF, 0x969F, 0x969F, 0x967F, 0x359F, 0x055E, 0x055D, 0x051D, 0x051C, 0x04DC, 0x04BB,
  0x049A, 0x0439, 0x0419, 0x0B73, 0x1C49, 0x250A, 0x250A, 0x250A, 0x250A, 0x250A, 0x250A, 0x250A,
  0x250A, 0x250A, 0x250A, 0x250A, 0x250A, 0x250A, 0x250A, 0x250A, 0x250A, 0x250A, 0x250A, 0x250A,
  0x250A, 0x250A, 0x250A, 0x250A, 0x250A, 0x250A, 0x250A, 0x250A, 0x250A, 0x250A, 0x250A, 0x250A,
  0x250A, 0x250A, 0x250A, 0x250A, 0x250A, 0x250A, 0x250A, 0x1C89, 0x0B72, 0x0419, 0x0459, 0x049B,
  0x04BB, 0x04FC, 0x0D1D, 0x0D3E, 0x157F, 0x1D9F, 0x2DDF, 0x663F, 0x8EBF, 0x96DF, 0x96FF, 0x971F,
  0x973F, 0x9F5F, 0x975F, 0x975F, 0x975F, 0x977F, 0x977F, 0x977F, 0x977F, 0x977F, 0x977F, 0x977F,
  0x975F, 0x975F, 0x973F, 0x973F, 0x973F, 0x971F, 0x971F, 0x96FF, 0x8EDF, 0x96FF, 0x96DF, 0x96BF,
  0x96BF, 0x96BF, 0x8E9F, 0x867F, 0x7E3F, 0x2D9F, 0x055E, 0x053D, 0x053D, 0x04FC, 0x04DC, 0x04BB,
  0x049A, 0x0459, 0x0439, 0x0B93, 0x1C09, 0x250A, 0x250A, 0x250A, 0x250A, 0x250A, 0x250A, 0x250A,
  0x250A, 0x250A, 0x250A, 0x250A, 0x250A, 0x250A, 0x250A, 0x250A, 0x250A, 0x250A, 0x250A, 0x250A,
  0x250A, 0x250A, 0x250A, 0x250A, 0x250A, 0x250A, 0x250A, 0x250A, 0x250A, 0x250A, 0x250A, 0x250A,
  0x250A, 0x250A, 0x250A, 0x250A, 0x250A, 0x250A, 0x250A, 0x1C49, 0x0B93, 0x0C39, 0x0459, 0x049B,
  0x04DC, 0x04FD, 0x0D1D, 0x155E, 0x157F, 0x1D9F, 0x25BF, 0x561F, 0x7E9F, 0x86BF, 0x8EFF, 0x8F1F,
  0x8F1F, 0x973F, 0x975F, 0x975F, 0x975F, 0x975F, 0x975F, 0x975F, 0x975F, 0x975F, 0x977F, 0x975F,
  0x8F5F, 0x975F, 0x8F3F, 0x8F3F, 0x8F1F, 0x8F1F, 0x8EFF, 0x8EDF, 0x8EFF, 0x8EDF, 0x8EBF, 0x8EBF,
  0x8E9F, 0x867F, 0x865F, 0x7E3F, 0x65FF, 0x1D7F, 0x055E, 0x053D, 0x053D, 0x04FC, 0x04FC, 0x04DB,
  0x049B, 0x045A, 0x0C39, 0x0B95, 0x13CA, 0x250A, 0x250A, 0x250A, 0x250A, 0x250A, 0x250A, 0x250A,
  0x250A, 0x250A, 0x250A, 0x250A, 0x250A, 0x250A, 0x250A, 0x250A, 0x250A, 0x250A, 0x250A, 0x250A,
  0x250A, 0x250A, 0x250A, 0x250A, 0x250A, 0x250A, 0x250A, 0x250A, 0x250A, 0x250A, 0x250A, 0x250A,
  0x250A, 0x250A, 0x250A, 0x250A, 0x250A, 0x250A, 0x250A, 0x1C29, 0x0BB4, 0x0C5A, 0x0C7A, 0x04BB,
  0x04DC, 0x04FC, 0x0D1D, 0x155E, 0x157F, 0x1D9F, 0x25BF, 0x45FF, 0x6E5F, 0x7E9F, 0x7EDF, 0x86FF,
  0x86FF, 0x8F1F, 0x8F3F, 0x8F3F, 0x8F3F, 0x8F5F, 0x8F5F, 0x8F5F, 0x8F5F, 0x8F3F, 0x8F5F, 0x8F3F,
  0x8F3F, 0x8F3F, 0x8F1F, 0x871F, 0x871F, 0x86FF, 0x86FF, 0x86DF, 0x86DF, 0x86BF, 0x869F, 0x869F,
  0x7E7F, 0x7E5F, 0x763F, 0x65FF, 0x45BF, 0x157F, 0x055E, 0x053D, 0x053D, 0x04FD, 0x04FC, 0x04DC,
  0x04BB, 0x0C7A, 0x0C59, 0x0BD6, 0x13AB, 0x250A, 0x250A, 0x250A, 0x250A, 0x250A, 0x250A, 0x250A,
  0x250A, 0x250A, 0x250A, 0x250A, 0x250A, 0x250A, 0x250A, 0x250A, 0x250A, 0x250A, 0x250A, 0x250A,
  0x250A, 0x250A, 0x250A, 0x250A, 0x250A, 0x250A, 0x250A, 0x250A, 0x250A, 0x250A, 0x250A, 0x250A,
  0x250A, 0x250A, 0x250A, 0x250A, 0x250A, 0x250A, 0x250A, 0x1C09, 0x13D5, 0x147A, 0x0C7A, 0x0CBB,
  0x0CDC, 0x0CFD, 0x0D1D, 0x155E, 0x157F, 0x1D9F, 0x25BF, 0x35FF, 0x563F, 0x6E9F, 0x76BF, 0x76DF,
  0x7EDF, 0x7EFF, 0x7F1F, 0x873F, 0x873F, 0x873F, 0x873F, 0x873F, 0x873F, 0x873F, 0x873F, 0x873F,
  0x873F, 0x871F, 0x86FF, 0x7EFF, 0x86FF, 0x7EDF, 0x7EDF, 0x7EBF, 0x7E9F, 0x7E9F, 0x769F, 0x767F,
  0x765F, 0x6E3F, 0x661F, 0x55DF, 0x2D9F, 0x0D7F, 0x055E, 0x053D, 0x053D, 0x051D, 0x04FC, 0x04DC,
  0x0CBB, 0x0C7A, 0x147A, 0x1418, 0x13AC, 0x250A, 0x250A, 0x250A, 0x250A, 0x250A, 0x250A, 0x250A,
  0x250A, 0x250A, 0x250A, 0x250A, 0x250A, 0x250A, 0x250A, 0x250A, 0x250A, 0x250A, 0x250A, 0x250A,
  0x250A, 0x250A, 0x250A, 0x250A, 0x250A, 0x250A, 0x250A, 0x250A, 0x250A, 0x250A, 0x250A, 0x250A,
  0x250A, 0x250A, 0x250A, 0x250A, 0x250A, 0x250A, 0x250A, 0x1C0A, 0x1416, 0x149B, 0x149B, 0x0CDC,
  0x0CFC, 0x0D1D, 0x0D3E, 0x155E, 0x157F, 0x1D9F, 0x1DBF, 0x2DDF, 0x461F, 0x5E5F, 0x667F, 0x6EBF,
  0x76BF, 0x76DF, 0x76FF, 0x7F1F, 0x7F1F, 0x7F1F, 0x7F1F, 0x7F3F, 0x7F1F, 0x7F1F, 0x7F1F, 0x7F1F,
  0x7EFF, 0x7EFF, 0x7EFF, 0x76DF, 0x76DF, 0x76BF, 0x76BF, 0x769F, 0x769F, 0x6E7F, 0x6E7F, 0x6E5F,
  0x661F, 0x5E1F, 0x4DDF, 0x3DBF, 0x1D7F, 0x0D7E, 0x055E, 0x053D, 0x053D, 0x051D, 0x04FC, 0x0CFC,
  0x0CDC, 0x14BB, 0x149A, 0x1C59, 0x1BCD, 0x250A, 0x250A, 0x250A, 0x250A, 0x250A, 0x250A, 0x250A,
  0x250A, 0x250A, 0x250A, 0x250A, 0x250A, 0x250A, 0x250A, 0x250A, 0x250A, 0x250A, 0x250A, 0x250A,
  0x250A, 0x250A, 0x250A, 0x250A, 0x250A, 0x250A, 0x250A, 0x250A, 0x250A, 0x250A, 0x250A, 0x250A,
  0x250A, 0x250A, 0x250A, 0x250A, 0x250A, 0x250A, 0x250A, 0x1C0A, 0x1C37, 0x14DC, 0x14BB, 0x14FC,
  0x0CFC, 0x0D1D, 0x0D1D, 0x155E, 0x1D7F, 0x1D9F, 0x25BF, 0x25DF, 0x35FF, 0x463F, 0x565F, 0x5E7F,
  0x669F, 0x66BF, 0x6EDF, 0x6EDF, 0x6EFF, 0x6EFF, 0x6EFF, 0x6EFF, 0x76FF, 0x76FF, 0x76FF, 0x76FF,
  0x6EDF, 0x76DF, 0x6EDF, 0x6EDF, 0x6E9F, 0x6E9F, 0x6E9F, 0x667F, 0x667F, 0x5E5F, 0x5E3F, 0x561F,
  0x4DFF, 0x45DF, 0x35BF, 0x1D9F, 0x0D7F, 0x0D5E, 0x055E, 0x053D, 0x051D, 0x053D, 0x0D1D, 0x0CFC,
  0x14DC, 0x14DC, 0x14BB, 0x1C9A, 0x1BEE, 0x250A, 0x250A, 0x250A, 0x250A, 0x250A, 0x250A, 0x250A,
  0x250A, 0x250A, 0x250A, 0x250A, 0x250A, 0x250A, 0x250A, 0x250A, 0x250A, 0x250A, 0x250A, 0x250A,
  0x250A, 0x250A, 0x250A, 0x250A, 0x250A, 0x250A, 0x250A, 0x250A, 0x250A, 0x250A, 0x250A, 0x250A,
  0x250A, 0x250A, 0x250A, 0x250A, 0x250A, 0x250A, 0x250A, 0x1C0A, 0x1C57, 0x1CFC, 0x1CDB, 0x14FC,
  0x14FC, 0x151D, 0x0D3E, 0x155E, 0x1D7F, 0x1D9F, 0x25BF, 0x25DF, 0x2DFF, 0x361F, 0x3E3F, 0x4E7F,
  0x4E7F, 0x569F, 0x5E9F, 0x5EBF, 0x5EBF, 0x66DF, 0x66DF, 0x66DF, 0x66DF, 0x66FF, 0x66DF, 0x66DF,
  0x66DF, 0x66BF, 0x66BF, 0x669F, 0x5E9F, 0x5E7F, 0x5E7F, 0x565F, 0x563F, 0x4E3F, 0x461F, 0x45FF,
  0x3DDF, 0x2DBF, 0x1DBF, 0x159F, 0x0D7F, 0x0D5E, 0x055E, 0x053D, 0x051D, 0x0D1D, 0x0D1D, 0x151D,
  0x14FC, 0x1CFC, 0x1CDC, 0x1CBB, 0x1BEE, 0x250A, 0x250A, 0x250A, 0x250A, 0x250A, 0x250A, 0x250A,
  0x250A, 0x250A, 0x250A, 0x250A, 0x250A, 0x250A, 0x250A, 0x250A, 0x250A, 0x250A, 0x250A, 0x250A,
  0x250A, 0x250A, 0x250A, 0x250A, 0x250A, 0x250A, 0x250A, 0x250A, 0x250A, 0x250A, 0x250A, 0x250A,
  0x250A, 0x250A, 0x250A, 0x250A, 0x250A, 0x250A, 0x250A, 0x1C0A, 0x1C78, 0x1D1D, 0x1CFC, 0x151D,
  0x151D, 0x153D, 0x153E, 0x153E, 0x155F, 0x1D7F, 0x259F, 0x25BF, 0x25FF, 0x2E1F, 0x361F, 0x363F,
  0x3E5F, 0x467F, 0x469F, 0x4E9F, 0x4E9F, 0x4EBF, 0x56BF, 0x56BF, 0x56BF, 0x56BF, 0x56BF, 0x56BF,
  0x569F, 0x4E9F, 0x4E7F, 0x4E7F, 0x4E5F, 0x465F, 0x465F, 0x3E3F, 0x3E1F, 0x35FF, 0x2DFF, 0x2DDF,
  0x25BF, 0x1D9F, 0x159F, 0x0D7F, 0x0D7E, 0x055E, 0x055E, 0x053D, 0x0D3D, 0x0D3D, 0x0D1D, 0x151D,
  0x151D, 0x1D1D, 0x1CFC, 0x24DB, 0x1C0E, 0x250A, 0x250A, 0x250A, 0x250A, 0x250A, 0x250A, 0x250A,
  0x250A, 0x250A, 0x250A, 0x250A, 0x250A, 0x250A, 0x250A, 0x250A, 0x250A, 0x250A, 0x250A, 0x250A,
  0x250A, 0x250A, 0x250A, 0x250A, 0x250A, 0x250A, 0x250A, 0x250A, 0x250A, 0x250A, 0x250A, 0x250A,
  0x250A, 0x250A, 0x250A, 0x250A, 0x250A, 0x250A, 0x250A, 0x1C29, 0x1C98, 0x253D, 0x1D1C, 0x1D1D,
  0x153D, 0x153D, 0x153E, 0x155E, 0x155F, 0x1D7F, 0x1D9F, 0x25DF, 0x25FF, 0x2E1F, 0x2E1F, 0x2E3F,
  0x363F, 0x365F, 0x365F, 0x3E7F, 0x3E7F, 0x3E9F, 0x3E7F, 0x3E7F, 0x3E9F, 0x3E7F, 0x3E7F, 0x3E7F,
  0x3E7F, 0x3E7F, 0x3E5F, 0x365F, 0x363F, 0x363F, 0x2E1F, 0x2E1F, 0x25FF, 0x25DF, 0x25DF, 0x1DBF,
  0x1DBF, 0x159F, 0x159F, 0x0D7F, 0x0D5E, 0x0D5E, 0x053D, 0x053D, 0x0D3D, 0x0D3D, 0x153D, 0x153D,
  0x1D1D, 0x1D1D, 0x1D1D, 0x24DA, 0x1C0D, 0x250A, 0x250A, 0x250A, 0x250A, 0x250A, 0x250A, 0x250A,
  0x250A, 0x250A, 0x250A, 0x250A, 0x250A, 0x250A, 0x250A, 0x250A, 0x250A, 0x250A, 0x250A, 0x250A,
  0x250A, 0x250A, 0x250A, 0x250A, 0x250A, 0x250A, 0x250A, 0x250A, 0x250A, 0x250A, 0x250A, 0x250A,
  0x250A, 0x250A, 0x250A, 0x250A, 0x250A, 0x250A, 0x250A, 0x1C69, 0x1CB7, 0x255E, 0x253D, 0x1D3D,
  0x1D3D, 0x153D, 0x153E, 0x155E, 0x155F, 0x1D7F, 0x1D9F, 0x25BF, 0x25DF, 0x2DFF, 0x2E1F, 0x2E1F,
  0x363F, 0x363F, 0x365F, 0x365F, 0x365F, 0x3E7F, 0x3E7F, 0x3E7F, 0x367F, 0x3E7F, 0x367F, 0x365F,
  0x365F, 0x365F, 0x365F, 0x2E3F, 0x2E3F, 0x2E3F, 0x2E1F, 0x25FF, 0x25FF, 0x1DDF, 0x1DDF, 0x1DBF,
  0x159F, 0x159F, 0x157F, 0x0D7F, 0x0D5E, 0x0D5E, 0x053D, 0x0D3D, 0x0D3D, 0x0D3D, 0x153D, 0x1D3D,
  0x1D3D, 0x1D3D, 0x253D, 0x24DA, 0x1C0B, 0x250A, 0x250A, 0x250A, 0x250A, 0x250A, 0x250A, 0x250A,
  0x250A, 0x250A, 0x250A, 0x250A, 0x250A, 0x250A, 0x250A, 0x250A, 0x250A, 0x250A, 0x250A, 0x250A,
  0x250A, 0x250A, 0x250A, 0x250A, 0x250A, 0x250A, 0x250A, 0x250A, 0x250A, 0x250A, 0x250A, 0x250A,
  0x250A, 0x250A, 0x250A, 0x250A, 0x250A, 0x250A, 0x250A, 0x1CA9, 0x24D6, 0x259F, 0x253D, 0x1D5E,
  0x1D5E, 0x153D, 0x155E, 0x155E, 0x155E, 0x1D7F, 0x1D7F, 0x259F, 0x25BF, 0x25DF, 0x2DFF, 0x2DFF,
  0x2E1F, 0x363F, 0x363F, 0x363F, 0x365F, 0x365F, 0x365F, 0x365F, 0x365F, 0x365F, 0x367F, 0x365F,
  0x365F, 0x365F, 0x363F, 0x2E3F, 0x2E1F, 0x2E1F, 0x25FF, 0x25FF, 0x25DF, 0x1DDF, 0x1DBF, 0x1DBF,
  0x159F, 0x157F, 0x157F, 0x0D5E, 0x0D5E, 0x053D, 0x0D3D, 0x0D3D, 0x0D3D, 0x153D, 0x153E, 0x1D5E,
  0x1D5E, 0x253D, 0x257E, 0x24D9, 0x1C2A, 0x250A, 0x250A, 0x250A, 0x250A, 0x250A, 0x250A, 0x250A,
  0x250A, 0x250A, 0x250A, 0x250A, 0x250A, 0x250A, 0x250A, 0x250A, 0x250A, 0x250A, 0x250A, 0x250A,
  0x250A, 0x250A, 0x250A, 0x250A, 0x250A, 0x250A, 0x250A, 0x250A, 0x250A, 0x250A, 0x250A, 0x250A,
  0x250A, 0x250A, 0x250A, 0x250A, 0x250A, 0x250A, 0x250A, 0x24E9, 0x2493, 0x2D9F, 0x255D, 0x257E,
  0x1D5E, 0x1D3E, 0x155E, 0x155E, 0x155E, 0x1D5F, 0x1D7F, 0x1D9F, 0x25BF, 0x25BF, 0x2DDF, 0x2DFF,
  0x2DFF, 0x2E1F, 0x361F, 0x363F, 0x363F, 0x363F, 0x365F, 0x365F, 0x365F, 0x365F, 0x365F, 0x363F,
  0x363F, 0x2E3F, 0x2E1F, 0x2E1F, 0x2DFF, 0x2DFF, 0x25FF, 0x25DF, 0x25DF, 0x1DBF, 0x1D9F, 0x1D9F,
  0x157F, 0x157F, 0x0D5E, 0x0D5E, 0x0D5E, 0x0D3D, 0x0D3D, 0x0D3D, 0x0D3D, 0x153D, 0x1D3D, 0x1D5E,
  0x1D5E, 0x255D, 0x2D9F, 0x24D8, 0x1C69, 0x250A, 0x250A, 0x250A, 0x250A, 0x250A, 0x250A, 0x250A,
  0x250A, 0x250A, 0x250A, 0x250A, 0x250A, 0x250A, 0x250A, 0x250A, 0x250A, 0x250A, 0x250A, 0x250A,
  0x250A, 0x250A, 0x250A, 0x250A, 0x250A, 0x250A, 0x250A, 0x250A, 0x250A, 0x250A, 0x250A, 0x250A,
  0x250A, 0x250A, 0x250A, 0x250A, 0x250A, 0x250A, 0x250A, 0x250A, 0x2470, 0x2D9E, 0x257E, 0x255E,
  0x1D5E, 0x1D5E, 0x1D5E, 0x153E, 0x155E, 0x1D5F, 0x1D5F, 0x1D7F, 0x1D9F, 0x259F, 0x25BF, 0x2DDF,
  0x2DFF, 0x2DFF, 0x2DFF, 0x2E1F, 0x363F, 0x363F, 0x363F, 0x363F, 0x363F, 0x363F, 0x363F, 0x2E1F,
  0x2E1F, 0x2E1F, 0x2E1F, 0x2DFF, 0x2DFF, 0x25FF, 0x25DF, 0x25DF, 0x1DBF, 0x1D9F, 0x1D9F, 0x159F,
  0x157F, 0x157F, 0x0D5E, 0x0D5E, 0x0D3E, 0x0D3D, 0x0D3D, 0x0D3D, 0x153D, 0x153D, 0x1D5E, 0x1D5E,
  0x257E, 0x255E, 0x2DBF, 0x24B5, 0x24C9, 0x250A, 0x250A, 0x250A, 0x250A, 0x250A, 0x250A, 0x250A,
  0x250A, 0x250A, 0x250A, 0x250A, 0x250A, 0x250A, 0x250A, 0x250A, 0x250A, 0x250A, 0x250A, 0x250A,
  0x250A, 0x250A, 0x250A, 0x250A, 0x250A, 0x250A, 0x250A, 0x250A, 0x250A, 0x250A, 0x250A, 0x250A,
  0x250A, 0x250A, 0x250A, 0x250A, 0x250A, 0x250A, 0x250A, 0x250A, 0x1C4D, 0x2D7E, 0x2D7E, 0x257E,
  0x257E, 0x1D5E, 0x1D5E, 0x153E, 0x155E, 0x155E, 0x1D5F, 0x1D7F, 0x1D7F, 0x259F, 0x25BF, 0x25BF,
  0x2DDF, 0x2DDF, 0x2DFF, 0x2DFF, 0x2E1F, 0x2E1F, 0x2E1F, 0x2E1F, 0x2E1F, 0x2E1F, 0x2E1F, 0x2DFF,
  0x2E1F, 0x2E1F, 0x2DFF, 0x2DFF, 0x25DF, 0x25DF, 0x25BF, 0x25BF, 0x1DBF, 0x1D9F, 0x1D7F, 0x157F,
  0x155F, 0x0D5E, 0x0D5E, 0x0D3E, 0x0D3D, 0x0D3D, 0x0D3D, 0x0D3D, 0x153D, 0x1D3D, 0x1D5E, 0x257E,
  0x257E, 0x257E, 0x2DBF, 0x2491, 0x250A, 0x250A, 0x250A, 0x250A, 0x250A, 0x250A, 0x250A, 0x250A,
  0x250A, 0x250A, 0x250A, 0x250A, 0x250A, 0x250A, 0x250A, 0x250A, 0x250A, 0x250A, 0x250A, 0x250A,
  0x250A, 0x250A, 0x250A, 0x250A, 0x250A, 0x250A, 0x250A, 0x250A, 0x250A, 0x250A, 0x250A, 0x250A,
  0x250A, 0x250A, 0x250A, 0x250A, 0x250A, 0x250A, 0x250A, 0x250A, 0x1C6A, 0x251A, 0x2D9F, 0x257E,
  0x257E, 0x257E, 0x1D5E, 0x1D5E, 0x1D5E, 0x153E, 0x155E, 0x1D5F, 0x1D7F, 0x1D9F, 0x259F, 0x25BF,
  0x25BF, 0x25DF, 0x2DDF, 0x2DDF, 0x2DFF, 0x2DFF, 0x2DFF, 0x2DFF, 0x2DFF, 0x2DFF, 0x2DFF, 0x2DFF,
  0x2DFF, 0x2DFF, 0x25DF, 0x25BF, 0x25DF, 0x25BF, 0x1D9F, 0x1D9F, 0x1D9F, 0x1D7F, 0x157F, 0x157F,
  0x155E, 0x0D5E, 0x0D3E, 0x0D3D, 0x0D3D, 0x0D1D, 0x0D3D, 0x153D, 0x153D, 0x1D5E, 0x1D7E, 0x257E,
  0x257E, 0x2D7E, 0x2DBE, 0x1C4C, 0x250A, 0x250A, 0x250A, 0x250A, 0x250A, 0x250A, 0x250A, 0x250A,
  0x250A, 0x250A, 0x250A, 0x250A, 0x250A, 0x250A, 0x250A, 0x250A, 0x250A, 0x250A, 0x250A, 0x250A,
  0x250A, 0x250A, 0x250A, 0x250A, 0x250A, 0x250A, 0x250A, 0x250A, 0x250A, 0x250A, 0x250A, 0x250A,
  0x250A, 0x250A, 0x250A, 0x250A, 0x250A, 0x250A, 0x250A, 0x250A, 0x24E9, 0x24B5, 0x2DFF, 0x257E,
  0x257E, 0x257E, 0x1D5E, 0x1D5E, 0x1D3E, 0x153E, 0x153E, 0x153E, 0x1D5F, 0x1D7F, 0x1D7F, 0x259F,
  0x259F, 0x25BF, 0x25BF, 0x25DF, 0x25DF, 0x2DDF, 0x2DDF, 0x2DDF, 0x2DDF, 0x2DDF, 0x2DDF, 0x2DDF,
  0x25DF, 0x25DF, 0x25BF, 0x25BF, 0x25BF, 0x1D9F, 0x1D9F, 0x1D9F, 0x1D7F, 0x155F, 0x155F, 0x155E,
  0x0D3E, 0x0D3E, 0x0D3D, 0x0D3D, 0x0D1D, 0x0D1D, 0x153D, 0x153D, 0x1D5E, 0x1D5E, 0x257E, 0x257E,
  0x257E, 0x2DBF, 0x2D1A, 0x1C8A, 0x250A, 0x250A, 0x250A, 0x250A, 0x250A, 0x250A, 0x250A, 0x250A,
  0x250A, 0x250A, 0x250A, 0x250A, 0x250A, 0x250A, 0x250A, 0x250A, 0x250A, 0x250A, 0x250A, 0x250A,
  0x250A, 0x250A, 0x250A, 0x250A, 0x250A, 0x250A, 0x250A, 0x250A, 0x250A, 0x250A, 0x250A, 0x250A,
  0x250A, 0x250A, 0x250A, 0x250A, 0x250A, 0x250A, 0x250A, 0x250A, 0x250A, 0x1C8F, 0x2DBF, 0x2D9E,
  0x259F, 0x257F, 0x257E, 0x1D5E, 0x1D5E, 0x153E, 0x153E, 0x153E, 0x153E, 0x1D5F, 0x1D7F, 0x1D7F,
  0x257F, 0x259F, 0x259F, 0x25BF, 0x25BF, 0x25BF, 0x25BF, 0x25BF, 0x25BF, 0x25BF, 0x25BF, 0x25BF,
  0x25BF, 0x25BF, 0x25BF, 0x259F, 0x1D9F, 0x1D9F, 0x1D7F, 0x1D7F, 0x157F, 0x155F, 0x155E, 0x0D3E,
  0x0D3E, 0x0D3D, 0x0D1D, 0x0D1D, 0x0D1D, 0x0D1D, 0x153D, 0x153D, 0x1D5E, 0x257E, 0x257E, 0x259F,
  0x2D9E, 0x2DFF, 0x24B3, 0x24E9, 0x250A, 0x250A, 0x250A, 0x250A, 0x250A, 0x250A, 0x250A, 0x250A,
  0x250A, 0x250A, 0x250A, 0x250A, 0x250A, 0x250A, 0x250A, 0x250A, 0x250A, 0x250A, 0x250A, 0x250A,
  0x250A, 0x250A, 0x250A, 0x250A, 0x250A, 0x250A, 0x250A, 0x250A, 0x250A, 0x250A, 0x250A, 0x250A,
  0x250A, 0x250A, 0x250A, 0x250A, 0x250A, 0x250A, 0x250A, 0x24EA, 0x250A, 0x1C6A, 0x2D3A, 0x2DDF,
  0x2D9F, 0x259F, 0x257F, 0x1D7E, 0x1D5E, 0x1D3D, 0x153D, 0x153E, 0x153E, 0x153E, 0x1D5F, 0x1D5F,
  0x1D5F, 0x1D7F, 0x1D9F, 0x257F, 0x259F, 0x259F, 0x259F, 0x259F, 0x259F, 0x259F, 0x259F, 0x259F,
  0x259F, 0x259F, 0x1D9F, 0x1D7F, 0x1D7F, 0x1D7F, 0x1D7F, 0x155F, 0x155E, 0x155E, 0x153E, 0x0D3D,
  0x0D1D, 0x0D1D, 0x0D1D, 0x0D1D, 0x0D1D, 0x151D, 0x153D, 0x1D3D, 0x1D5E, 0x257E, 0x259F, 0x2D9F,
  0x2DBF, 0x2D9D, 0x1C6D, 0x250A, 0x250A, 0x250A, 0x250A, 0x250A, 0x250A, 0x250A, 0x250A, 0x250A,
  0x250A, 0x250A, 0x250A, 0x250A, 0x250A, 0x250A, 0x250A, 0x250A, 0x250A, 0x250A, 0x250A, 0x250A,
  0x250A, 0x250A, 0x250A, 0x250A, 0x250A, 0x250A, 0x250A, 0x250A, 0x250A, 0x250A, 0x250A, 0x250A,
  0x250A, 0x250A, 0x250A, 0x250A, 0x250A, 0x250A, 0x250A, 0x250A, 0x250A, 0x24E9, 0x2492, 0x35FF,
  0x2DBF, 0x2D9F, 0x259F, 0x257E, 0x1D5E, 0x1D3D, 0x153D, 0x153D, 0x153D, 0x153E, 0x153E, 0x1D5E,
  0x1D5F, 0x1D5F, 0x1D7F, 0x1D7F, 0x1D7F, 0x1D7F, 0x1D7F, 0x257F, 0x1D7F, 0x1D7F, 0x1D7F, 0x1D7F,
  0x1D7F, 0x1D7F, 0x1D7F, 0x1D7F, 0x1D5F, 0x155F, 0x155F, 0x155E, 0x153E, 0x0D3E, 0x0D1D, 0x0D1D,
  0x0D1D, 0x0D1D, 0x0D1D, 0x0D1D, 0x151D, 0x151D, 0x1D3D, 0x1D5E, 0x257E, 0x259F, 0x2D9F, 0x2DBF,
  0x35FF, 0x24F8, 0x1CA9, 0x250A, 0x24EA, 0x250A, 0x250A, 0x250A, 0x250A, 0x250A, 0x250A, 0x250A,
  0x250A, 0x250A, 0x250A, 0x250A, 0x250A, 0x250A, 0x250A, 0x250A, 0x250A, 0x250A, 0x250A, 0x250A,
  0x250A, 0x250A, 0x250A, 0x250A, 0x250A, 0x250A, 0x250A, 0x250A, 0x250A, 0x250A, 0x250A, 0x250A,
  0x250A, 0x250A, 0x250A, 0x250A, 0x250A, 0x250A, 0x250A, 0x250A, 0x250A, 0x250A, 0x1C6B, 0x2D7D,
  0x2DDF, 0x2D9F, 0x2D9F, 0x259F, 0x257E, 0x1D5E, 0x1D5E, 0x1D3E, 0x153D, 0x153D, 0x153E, 0x153E,
  0x153E, 0x153E, 0x1D5F, 0x1D5F, 0x1D5F, 0x1D5F, 0x1D7F, 0x1D7F, 0x1D7F, 0x1D7F, 0x1D7F, 0x1D7F,
  0x1D7F, 0x1D5F, 0x1D5F, 0x155F, 0x155E, 0x155E, 0x153E, 0x153E, 0x153E, 0x0D1D, 0x0D1D, 0x0D1D,
  0x0D1D, 0x0D1D, 0x0D1D, 0x151D, 0x151D, 0x1D3D, 0x1D5E, 0x257E, 0x257F, 0x2D9F, 0x2DBF, 0x2DDF,
  0x35FF, 0x246E, 0x250A, 0x250A, 0x250A, 0x250A, 0x250A, 0x250A, 0x250A, 0x250A, 0x250A, 0x250A,
  0x250A, 0x250A, 0x250A, 0x250A, 0x250A, 0x250A, 0x250A, 0x250A, 0x250A, 0x250A, 0x250A, 0x250A,
  0x250A, 0x250A, 0x250A, 0x250A, 0x250A, 0x250A, 0x250A, 0x250A, 0x250A, 0x250A, 0x250A, 0x250A,
  0x250A, 0x250A, 0x250A, 0x250A, 0x250A, 0x250A, 0x250A, 0x250A, 0x24EA, 0x250A, 0x24E9, 0x24B3,
  0x361F, 0x2DBF, 0x2DBF, 0x259F, 0x259F, 0x257E, 0x1D5E, 0x1D3D, 0x153D, 0x153D, 0x153D, 0x153D,
  0x151E, 0x153E, 0x153E, 0x1D3E, 0x1D5F, 0x1D5F, 0x1D5F, 0x1D5F, 0x1D5F, 0x1D5F, 0x1D5F, 0x1D5F,
  0x1D5F, 0x155E, 0x155E, 0x153E, 0x153E, 0x153E, 0x153E, 0x153E, 0x0D1D, 0x0D1D, 0x0D1D, 0x0D1D,
  0x0D1D, 0x0D1C, 0x151D, 0x153D, 0x1D3D, 0x1D5E, 0x257E, 0x259F, 0x259F, 0x2DBF, 0x2DBF, 0x361F,
  0x2CF8, 0x24A9, 0x250A, 0x250A, 0x250A, 0x250A, 0x250A, 0x250A, 0x250A, 0x250A, 0x250A, 0x250A,
  0x250A, 0x250A, 0x250A, 0x250A, 0x250A, 0x250A, 0x250A, 0x250A, 0x250A, 0x250A, 0x250A, 0x250A,
  0x250A, 0x250A, 0x250A, 0x250A, 0x250A, 0x250A, 0x250A, 0x250A, 0x250A, 0x250A, 0x250A, 0x250A,
  0x250A, 0x250A, 0x250A, 0x250A, 0x250A, 0x250A, 0x250A, 0x250A, 0x250A, 0x250A, 0x250A, 0x1C6A,
  0x2D5B, 0x35FF, 0x2DBF, 0x2DBF, 0x25BF, 0x259F, 0x257E, 0x1D5E, 0x1D3D, 0x1D3D, 0x151D, 0x153D,
  0x151D, 0x151D, 0x151D, 0x153E, 0x153E, 0x153E, 0x153E, 0x153E, 0x153E, 0x153E, 0x153E, 0x153E,
  0x153E, 0x153E, 0x153E, 0x153E, 0x153D, 0x0D1D, 0x151D, 0x0D1D, 0x0D1D, 0x0D1D, 0x0D1D, 0x0D1C,
  0x151D, 0x151D, 0x151D, 0x1D3D, 0x1D5E, 0x257E, 0x259F, 0x2DBF, 0x2DBF, 0x2DDF, 0x35FF, 0x35DE,
  0x248D, 0x250A, 0x250A, 0x250A, 0x250A, 0x250A, 0x250A, 0x250A, 0x250A, 0x250A, 0x250A, 0x250A,
  0x250A, 0x250A, 0x250A, 0x250A, 0x250A, 0x250A, 0x250A, 0x250A, 0x250A, 0x250A, 0x250A, 0x250A,
  0x250A, 0x250A, 0x250A, 0x250A, 0x250A, 0x250A, 0x250A, 0x250A, 0x250A, 0x250A, 0x250A, 0x250A,
  0x250A, 0x250A, 0x250A, 0x250A, 0x250A, 0x250A, 0x250A, 0x250A, 0x250A, 0x250A, 0x250A, 0x250A,
  0x248F, 0x361F, 0x35FF, 0x2DDF, 0x2DBF, 0x2DBF, 0x259F, 0x257E, 0x1D5E, 0x1D5E, 0x1D3D, 0x153D,
  0x151D, 0x151D, 0x151D, 0x151D, 0x151D, 0x151D, 0x151E, 0x153E, 0x153E, 0x153E, 0x153E, 0x153E,
  0x151E, 0x153E, 0x151D, 0x151D, 0x151D, 0x151D, 0x151D, 0x0D1D, 0x151D, 0x0D1D, 0x151D, 0x151D,
  0x151D, 0x153D, 0x1D3D, 0x1D5E, 0x257E, 0x259F, 0x2DBF, 0x2DBF, 0x2DDF, 0x2DDF, 0x365F, 0x24B4,
  0x24E9, 0x250A, 0x24EA, 0x250A, 0x250A, 0x250A, 0x250A, 0x250A, 0x250A, 0x250A, 0x250A, 0x250A,
  0x250A, 0x250A, 0x250A, 0x250A, 0x250A, 0x250A, 0x250A, 0x250A, 0x250A, 0x250A, 0x250A, 0x250A,
  0x250A, 0x250A, 0x250A, 0x250A, 0x250A, 0x250A, 0x250A, 0x250A, 0x250A, 0x250A, 0x250A, 0x250A,
  0x250A, 0x250A, 0x250A, 0x250A, 0x250A, 0x250A, 0x250A, 0x250A, 0x250A, 0x250A, 0x24EA, 0x250A,
  0x24C9, 0x24D5, 0x365F, 0x35FF, 0x2DDF, 0x2DDF, 0x2DBF, 0x259F, 0x257E, 0x1D7E, 0x1D3E, 0x1D3D,
  0x153D, 0x151D, 0x153D, 0x151D, 0x151D, 0x151D, 0x151D, 0x151D, 0x151D, 0x151D, 0x151D, 0x151D,
  0x151D, 0x151D, 0x151D, 0x151D, 0x151D, 0x151D, 0x151D, 0x151D, 0x151D, 0x151D, 0x151D, 0x151D,
  0x1D3D, 0x1D5D, 0x1D5E, 0x257E, 0x259F, 0x2DBF, 0x2DDF, 0x2DFF, 0x35FF, 0x363F, 0x2D5A, 0x1C8A,
  0x250A, 0x250A, 0x250A, 0x250A, 0x250A, 0x250A, 0x250A, 0x250A, 0x250A, 0x250A, 0x250A, 0x250A,
  0x250A, 0x250A, 0x250A, 0x250A, 0x250A, 0x250A, 0x250A, 0x250A, 0x250A, 0x250A, 0x250A, 0x250A,
  0x250A, 0x250A, 0x250A, 0x250A, 0x250A, 0x250A, 0x250A, 0x250A, 0x250A, 0x250A, 0x250A, 0x250A,
  0x250A, 0x250A, 0x250A, 0x250A, 0x250A, 0x250A, 0x250A, 0x250A, 0x250A, 0x250A, 0x250A, 0x250A,
  0x250A, 0x248A, 0x2D7A, 0x365F, 0x35DF, 0x2DFF, 0x2DDF, 0x2DBF, 0x25BF, 0x259F, 0x255E, 0x1D5E,
  0x1D3D, 0x1D3D, 0x1D3D, 0x151D, 0x151D, 0x151D, 0x153D, 0x151D, 0x151D, 0x151D, 0x151D, 0x151D,
  0x151D, 0x151D, 0x151D, 0x151D, 0x151D, 0x151D, 0x151D, 0x151D, 0x151D, 0x151D, 0x1D3D, 0x1D3D,
  0x1D5E, 0x257E, 0x259F, 0x259F, 0x2DBF, 0x2DDF, 0x35FF, 0x35FF, 0x363F, 0x35DD, 0x246C, 0x250A,
  0x250A, 0x250A, 0x250A, 0x250A, 0x250A, 0x250A, 0x250A, 0x250A, 0x250A, 0x250A, 0x250A, 0x250A,
  0x250A, 0x250A, 0x250A, 0x250A, 0x250A, 0x250A, 0x250A, 0x250A, 0x250A, 0x250A, 0x250A, 0x250A,
  0x250A, 0x250A, 0x250A, 0x250A, 0x250A, 0x250A, 0x250A, 0x250A, 0x250A, 0x250A, 0x250A, 0x250A,
  0x250A, 0x250A, 0x250A, 0x250A, 0x250A, 0x250A, 0x250A, 0x250A, 0x250A, 0x250A, 0x250A, 0x250A,
  0x250A, 0x250A, 0x246C, 0x35BC, 0x365F, 0x35FF, 0x35FF, 0x2DFF, 0x2DDF, 0x2DBF, 0x259F, 0x257E,
  0x257E, 0x1D5E, 0x1D3D, 0x1D3D, 0x1D3D, 0x151D, 0x151D, 0x151D, 0x151D, 0x151D, 0x151D, 0x151D,
  0x151D, 0x151D, 0x151D, 0x151D, 0x151D, 0x151D, 0x151D, 0x151D, 0x151D, 0x1D3D, 0x1D5D, 0x1D5E,
  0x257E, 0x259F, 0x2DBF, 0x2DDF, 0x2DFF, 0x361F, 0x35FF, 0x363F, 0x363F, 0x248F, 0x250A, 0x250A,
  0x250A, 0x250A, 0x250A, 0x250A, 0x250A, 0x250A, 0x250A, 0x250A, 0x250A, 0x250A, 0x250A, 0x250A,
  0x250A, 0x250A, 0x250A, 0x250A, 0x250A, 0x250A, 0x250A, 0x250A, 0x250A, 0x250A, 0x250A, 0x250A,
  0x250A, 0x250A, 0x250A, 0x250A, 0x250A, 0x250A, 0x250A, 0x250A, 0x250A, 0x250A, 0x250A, 0x250A,
  0x250A, 0x250A, 0x250A, 0x250A, 0x250A, 0x250A, 0x250A, 0x250A, 0x250A, 0x250A, 0x250A, 0x250A,
  0x24EA, 0x250A, 0x250A, 0x246D, 0x35FD, 0x365F, 0x361F, 0x361F, 0x2DFF, 0x2DDF, 0x2DBF, 0x259F,
  0x257F, 0x257E, 0x255E, 0x1D5E, 0x1D3D, 0x1D3D, 0x1D3D, 0x1D1D, 0x1D3D, 0x1D3D, 0x153D, 0x151D,
  0x1D1D, 0x151D, 0x151D, 0x151D, 0x1D3D, 0x1D3D, 0x1D3D, 0x1D3D, 0x1D5D, 0x1D5E, 0x257E, 0x259F,
  0x25BF, 0x2DBF, 0x2DFF, 0x2DFF, 0x361F, 0x361F, 0x365F, 0x365F, 0x24B2, 0x24E9, 0x250A, 0x250A,
  0x250A, 0x250A, 0x250A, 0x250A, 0x250A, 0x250A, 0x250A, 0x250A, 0x250A, 0x250A, 0x250A, 0x250A,
  0x250A, 0x250A, 0x250A, 0x250A, 0x250A, 0x250A, 0x250A, 0x250A, 0x250A, 0x250A, 0x250A, 0x250A,
  0x250A, 0x250A, 0x250A, 0x250A, 0x250A, 0x250A, 0x250A, 0x250A, 0x250A, 0x250A, 0x250A, 0x250A,
  0x250A, 0x250A, 0x250A, 0x250A, 0x250A, 0x250A, 0x250A, 0x250A, 0x250A, 0x250A, 0x250A, 0x250A,
  0x250A, 0x250A, 0x250A, 0x250A, 0x248E, 0x35DD, 0x3E7F, 0x363F, 0x361F, 0x361F, 0x2DFF, 0x2DDF,
  0x2DBF, 0x2DBF, 0x259F, 0x257E, 0x257E, 0x1D5E, 0x1D5E, 0x1D3E, 0x1D3D, 0x1D3D, 0x1D3D, 0x1D3D,
  0x1D3D, 0x1D3D, 0x1D3D, 0x1D5D, 0x1D5E, 0x1D5E, 0x1D5E, 0x257E, 0x257E, 0x257E, 0x259F, 0x2DBF,
  0x2DDF, 0x2DFF, 0x361F, 0x361F, 0x363F, 0x365F, 0x365F, 0x24B2, 0x24E9, 0x250A, 0x24EA, 0x250A,
  0x250A, 0x250A, 0x250A, 0x250A, 0x250A, 0x250A, 0x250A, 0x250A, 0x250A, 0x250A, 0x250A, 0x250A,
  0x250A, 0x250A, 0x250A, 0x250A, 0x250A, 0x250A, 0x250A, 0x250A, 0x250A, 0x250A, 0x250A, 0x250A,
  0x250A, 0x250A, 0x250A, 0x250A, 0x250A, 0x250A, 0x250A, 0x250A, 0x250A, 0x250A, 0x250A, 0x250A,
  0x250A, 0x250A, 0x250A, 0x250A, 0x250A, 0x250A, 0x250A, 0x250A, 0x250A, 0x250A, 0x250A, 0x250A,
  0x250A, 0x250A, 0x250A, 0x250A, 0x250A, 0x248D, 0x35BB, 0x3EBF, 0x363F, 0x363F, 0x363F, 0x361F,
  0x361F, 0x2DFF, 0x2DBF, 0x2D9F, 0x259F, 0x257E, 0x257E, 0x257E, 0x255E, 0x255E, 0x255E, 0x255E,
  0x255E, 0x255E, 0x1D5E, 0x255E, 0x255E, 0x257E, 0x257E, 0x259F, 0x2DBF, 0x2DBF, 0x2DDF, 0x2DFF,
  0x361F, 0x363F, 0x363F, 0x363F, 0x3E9F, 0x361E, 0x24B0, 0x24E9, 0x250A, 0x24EA, 0x250A, 0x250A,
  0x250A, 0x250A, 0x250A, 0x250A, 0x250A, 0x250A, 0x250A, 0x250A, 0x250A, 0x250A, 0x250A, 0x250A,
  0x250A, 0x250A, 0x250A, 0x250A, 0x250A, 0x250A, 0x250A, 0x250A, 0x250A, 0x250A, 0x250A, 0x250A,
  0x250A, 0x250A, 0x250A, 0x250A, 0x250A, 0x250A, 0x250A, 0x250A, 0x250A, 0x250A, 0x250A, 0x250A,
  0x250A, 0x250A, 0x250A, 0x250A, 0x250A, 0x250A, 0x250A, 0x250A, 0x250A, 0x250A, 0x250A, 0x250A,
  0x250A, 0x250A, 0x250A, 0x24EA, 0x250A, 0x250A, 0x248B, 0x2D58, 0x3EBF, 0x3E7F, 0x365F, 0x365F,
  0x363F, 0x363F, 0x35FF, 0x2DFF, 0x2DDF, 0x2DBF, 0x2DBF, 0x259F, 0x259F, 0x259F, 0x257E, 0x257E,
  0x257E, 0x257E, 0x257E, 0x259F, 0x259F, 0x259F, 0x2DBF, 0x2DDF, 0x2DFF, 0x35FF, 0x361F, 0x363F,
  0x365F, 0x365F, 0x3E7F, 0x3EDF, 0x35BB, 0x248E, 0x250A, 0x250A, 0x24EA, 0x250A, 0x250A, 0x250A,
  0x250A, 0x250A, 0x250A, 0x250A, 0x250A, 0x250A, 0x250A, 0x250A, 0x250A, 0x250A, 0x250A, 0x250A,
  0x250A, 0x250A, 0x250A, 0x250A, 0x250A, 0x250A, 0x250A, 0x250A, 0x250A, 0x250A, 0x250A, 0x250A,
  0x250A, 0x250A, 0x250A, 0x250A, 0x250A, 0x250A, 0x250A, 0x250A, 0x250A, 0x250A, 0x250A, 0x250A,
  0x250A, 0x250A, 0x250A, 0x250A, 0x250A, 0x250A, 0x250A, 0x250A, 0x250A, 0x250A, 0x250A, 0x250A,
  0x250A, 0x250A, 0x250A, 0x250A, 0x250A, 0x250A, 0x250A, 0x24A9, 0x2CF3, 0x363E, 0x3EDF, 0x3E7F,
  0x3E7F, 0x365F, 0x365F, 0x363F, 0x361F, 0x361F, 0x2DFF, 0x2DDF, 0x2DDF, 0x2DBF, 0x2DBF, 0x2DBF,
  0x2DBF, 0x2DBF, 0x2DBF, 0x2DDF, 0x2DDF, 0x2DDF, 0x35FF, 0x361F, 0x363F, 0x365F, 0x365F, 0x3E7F,
  0x3E7F, 0x3EBF, 0x3E7F, 0x2D56, 0x1C8A, 0x250A, 0x250A, 0x24EA, 0x250A, 0x250A, 0x250A, 0x250A,
  0x250A, 0x250A, 0x250A, 0x250A, 0x250A, 0x250A, 0x250A, 0x250A, 0x250A, 0x250A, 0x250A, 0x250A,
  0x250A, 0x250A, 0x250A, 0x250A, 0x250A, 0x250A, 0x250A, 0x250A, 0x250A, 0x250A, 0x250A, 0x250A,
  0x250A, 0x250A, 0x250A, 0x250A, 0x250A, 0x250A, 0x250A, 0x250A, 0x250A, 0x250A, 0x250A, 0x250A,
  0x250A, 0x250A, 0x250A, 0x250A, 0x250A, 0x250A, 0x250A, 0x250A, 0x250A, 0x250A, 0x250A, 0x250A,
  0x250A, 0x250A, 0x250A, 0x250A, 0x250A, 0x250A, 0x24EA, 0x250A, 0x250A, 0x24AD, 0x2D58, 0x3E9F,
  0x3EDF, 0x3E9F, 0x3E7F, 0x3E7F, 0x3E7F, 0x367F, 0x365F, 0x363F, 0x363F, 0x361F, 0x35FF, 0x35FF,
  0x361F, 0x35FF, 0x363F, 0x363F, 0x363F, 0x365F, 0x367F, 0x3E7F, 0x3E7F, 0x3E7F, 0x3E9F, 0x3EDF,
  0x3EDF, 0x35BA, 0x24AF, 0x24C9, 0x250A, 0x250A, 0x250A, 0x250A, 0x250A, 0x250A, 0x250A, 0x250A,
  0x250A, 0x250A, 0x250A, 0x250A, 0x250A, 0x250A, 0x250A, 0x250A, 0x250A, 0x250A, 0x250A, 0x250A,
  0x250A, 0x250A, 0x250A, 0x250A, 0x250A, 0x250A, 0x250A, 0x250A, 0x250A, 0x250A, 0x250A, 0x250A,
  0x250A, 0x250A, 0x250A, 0x250A, 0x250A, 0x250A, 0x250A, 0x250A, 0x250A, 0x250A, 0x250A, 0x250A,
  0x250A, 0x250A, 0x250A, 0x250A, 0x250A, 0x250A, 0x250A, 0x250A, 0x250A, 0x250A, 0x250A, 0x250A,
  0x250A, 0x250A, 0x250A, 0x250A, 0x250A, 0x250A, 0x250A, 0x250A, 0x250A, 0x250A, 0x24A9, 0x24AF,
  0x2D99, 0x3E5F, 0x3EFF, 0x3EDF, 0x3EBF, 0x3EBF, 0x3EBF, 0x3EBF, 0x3EBF, 0x3EBF, 0x3E9F, 0x3E9F,
  0x3EBF, 0x3EBF, 0x3EBF, 0x3EBF, 0x3E9F, 0x3EBF, 0x3EBF, 0x3EBF, 0x3EBF, 0x3EFF, 0x3E9F, 0x35BB,
  0x24D1, 0x1C8A, 0x250A, 0x250A, 0x250A, 0x250A, 0x250A, 0x250A, 0x250A, 0x250A, 0x250A, 0x250A,
  0x250A, 0x250A, 0x250A, 0x250A, 0x250A, 0x250A, 0x250A, 0x250A, 0x250A, 0x250A, 0x250A, 0x250A,
  0x250A, 0x250A, 0x250A, 0x250A, 0x250A, 0x250A, 0x250A, 0x250A, 0x250A, 0x250A, 0x250A, 0x250A,
  0x250A, 0x250A, 0x250A, 0x250A, 0x250A, 0x250A, 0x250A, 0x250A, 0x250A, 0x250A, 0x250A, 0x250A,
  0x250A, 0x250A, 0x250A, 0x250A, 0x250A, 0x250A, 0x250A, 0x250A, 0x250A, 0x250A, 0x250A, 0x250A,
  0x250A, 0x250A, 0x250A, 0x250A, 0x250A, 0x250A, 0x250A, 0x250A, 0x250A, 0x250A, 0x250A, 0x250A,
  0x1C89, 0x248E, 0x2D15, 0x35DC, 0x3E9F, 0x3EDF, 0x3EFF, 0x3EFF, 0x3EFF, 0x3EFF, 0x3EFF, 0x3EFF,
  0x3EFF, 0x3EFF, 0x3EFF, 0x3EFF, 0x3EFF, 0x3EFF, 0x3EDF, 0x3EBF, 0x361D, 0x2D36, 0x24D0, 0x1C69,
  0x250A, 0x250A, 0x250A, 0x24EA, 0x250A, 0x250A, 0x250A, 0x250A, 0x250A, 0x250A, 0x250A, 0x250A,
  0x250A, 0x250A, 0x250A, 0x250A, 0x250A, 0x250A, 0x250A, 0x250A, 0x250A, 0x250A, 0x250A, 0x250A,
  0x250A, 0x250A, 0x250A, 0x250A, 0x250A, 0x250A, 0x250A, 0x250A, 0x250A, 0x250A, 0x250A, 0x250A,
  0x250A, 0x250A, 0x250A, 0x250A, 0x250A, 0x250A, 0x250A, 0x250A, 0x250A, 0x250A, 0x250A, 0x250A,
  0x250A, 0x250A, 0x250A, 0x250A, 0x250A, 0x250A, 0x250A, 0x250A, 0x250A, 0x250A, 0x250A, 0x250A,
  0x250A, 0x250A, 0x250A, 0x250A, 0x250A, 0x250A, 0x250A, 0x250A, 0x250A, 0x250A, 0x250A, 0x250A,
  0x250A, 0x250A, 0x24E9, 0x248A, 0x248D, 0x24F2, 0x2D36, 0x2D9A, 0x35DB, 0x35FC, 0x35FC, 0x35FD,
  0x35FD, 0x35FC, 0x35DC, 0x35DB, 0x359A, 0x2D57, 0x2CF3, 0x24AF, 0x248B, 0x24C9, 0x250A, 0x250A,
  0x250A, 0x250A, 0x250A, 0x250A, 0x250A, 0x250A, 0x250A, 0x250A, 0x250A, 0x250A, 0x250A, 0x250A,
  0x250A, 0x250A, 0x250A, 0x250A, 0x250A, 0x250A, 0x250A, 0x250A, 0x250A, 0x250A, 0x250A, 0x250A,
  0x250A, 0x250A, 0x250A, 0x250A, 0x250A, 0x250A, 0x250A, 0x250A, 0x250A, 0x250A, 0x250A, 0x250A,
  0x250A, 0x250A, 0x250A, 0x250A, 0x250A, 0x250A, 0x250A, 0x250A, 0x250A, 0x250A, 0x250A, 0x250A,
  0x250A, 0x250A, 0x250A, 0x250A, 0x250A, 0x250A, 0x250A, 0x250A, 0x250A, 0x250A, 0x250A, 0x250A,
  0x250A, 0x250A, 0x250A, 0x250A, 0x250A, 0x250A, 0x250A, 0x250A, 0x250A, 0x250A, 0x250A, 0x250A,
  0x24EA, 0x250A, 0x250A, 0x250A, 0x250A, 0x250A, 0x24C9, 0x1C69, 0x1C49, 0x1C4B, 0x1C4B, 0x1C2C,
  0x1C2C, 0x1C4B, 0x1C4A, 0x1C4A, 0x1C69, 0x24C9, 0x250A, 0x250A, 0x250A, 0x250A, 0x250A, 0x250A,
  0x250A, 0x250A, 0x250A, 0x250A, 0x250A, 0x250A, 0x250A, 0x250A, 0x250A, 0x250A, 0x250A, 0x250A,
  0x250A, 0x250A, 0x250A, 0x250A, 0x250A, 0x250A, 0x250A, 0x250A, 0x250A, 0x250A, 0x250A, 0x250A,
  0x250A, 0x250A, 0x250A, 0x250A, 0x250A, 0x250A, 0x250A, 0x250A, 0x250A, 0x250A, 0x250A, 0x250A,
};

static const uint16_t ICON_POO_BIG[9216] PROGMEM = {
  0x250A, 0x250A, 0x250A, 0x250A, 0x250A, 0x250A, 0x250A, 0x250A, 0x250A, 0x250A, 0x250A, 0x250A,
  0x250A, 0x250A, 0x250A, 0x250A, 0x250A, 0x250A, 0x250A, 0x250A, 0x250A, 0x250A, 0x250A, 0x250A,
  0x250A, 0x250A, 0x250A, 0x250A, 0x250A, 0x250A, 0x250A, 0x250A, 0x250A, 0x250A, 0x250A, 0x250A,
  0x250A, 0x250A, 0x250A, 0x250A, 0x250A, 0x250A, 0x250A, 0x250A, 0x250A, 0x250A, 0x250A, 0x250A,
  0x250A, 0x250A, 0x250A, 0x250A, 0x250A, 0x250A, 0x250A, 0x250A, 0x250A, 0x250A, 0x250A, 0x250A,
  0x250A, 0x250A, 0x250A, 0x250A, 0x250A, 0x250A, 0x250A, 0x250A, 0x250A, 0x250A, 0x250A, 0x250A,
  0x250A, 0x250A, 0x250A, 0x250A, 0x250A, 0x250A, 0x250A, 0x250A, 0x250A, 0x250A, 0x250A, 0x250A,
  0x250A, 0x250A, 0x250A, 0x250A, 0x250A, 0x250A, 0x250A, 0x250A, 0x250A, 0x24EA, 0x250A, 0x24C9,
  0x250A, 0x250A, 0x250A, 0x250A, 0x250A, 0x250A, 0x250A, 0x250A, 0x250A, 0x250A, 0x250A, 0x250A,
  0x250A, 0x250A, 0x250A, 0x250A, 0x250A, 0x250A, 0x250A, 0x250A, 0x250A, 0x250A, 0x250A, 0x250A,
  0x250A, 0x250A, 0x250A, 0x250A, 0x250A, 0x250A, 0x250A, 0x250A, 0x250A, 0x250A, 0x250A, 0x250A,
  0x250A, 0x250A, 0x250A, 0x250A, 0x250A, 0x250A, 0x250A, 0x250A, 0x250A, 0x250A, 0x250A, 0x250A,
  0x250A, 0x250A, 0x250A, 0x250A, 0x250A, 0x250A, 0x250A, 0x250A, 0x250A, 0x250A, 0x250A, 0x250A,
  0x250A, 0x250A, 0x250A, 0x250A, 0x250A, 0x250A, 0x250A, 0x250A, 0x250A, 0x250A, 0x250A, 0x250A,
  0x250A, 0x250A, 0x250A, 0x250A, 0x250A, 0x250A, 0x250A, 0x250A, 0x250A, 0x250A, 0x250A, 0x250A,
  0x250A, 0x250A, 0x250A, 0x250A, 0x250A, 0x250A, 0x250A, 0x250A, 0x250A, 0x250A, 0x250A, 0x250A,
  0x250A, 0x250A, 0x250A, 0x250A, 0x250A, 0x250A, 0x250A, 0x250A, 0x250A, 0x250A, 0x250A, 0x250A,
  0x250A, 0x250A, 0x250A, 0x250A, 0x250A, 0x250A, 0x250A, 0x250A, 0x250A, 0x250A, 0x250A, 0x250A,
  0x250A, 0x250A, 0x250A, 0x250A, 0x250A, 0x250A, 0x250A, 0x250A, 0x250A, 0x250A, 0x250A, 0x250A,
  0x250A, 0x250A, 0x250A, 0x250A, 0x250A, 0x250A, 0x250A, 0x250A, 0x250A, 0x250A, 0x250A, 0x250A,
  0x250A, 0x250A, 0x250A, 0x250A, 0x250A, 0x250A, 0x250A, 0x250A, 0x250A, 0x250A, 0x250A, 0x250A,
  0x250A, 0x250A, 0x250A, 0x250A, 0x250A, 0x250A, 0x250A, 0x250A, 0x250A, 0x250A, 0x250A, 0x250A,
  0x250A, 0x250A, 0x250A, 0x250A, 0x250A, 0x250A, 0x250A, 0x250A, 0x250A, 0x250A, 0x250A, 0x250A,
  0x250A, 0x250A, 0x250A, 0x250A, 0x250A, 0x250A, 0x250A, 0x250A, 0x250A, 0x250A, 0x250A, 0x250A,
  0x250A, 0x250A, 0x250A, 0x250A, 0x250A, 0x250A, 0x250A, 0x250A, 0x250A, 0x250A, 0x250A, 0x250A,
  0x250A, 0x250A, 0x250A, 0x250A, 0x250A, 0x250A, 0x250A, 0x250A, 0x250A, 0x250A, 0x250A, 0x250A,
  0x250A, 0x250A, 0x250A, 0x250A, 0x250A, 0x250A, 0x250A, 0x250A, 0x250A, 0x250A, 0x250A, 0x250A,
  0x250A, 0x250A, 0x250A, 0x250A, 0x250A, 0x250A, 0x250A, 0x250A, 0x250A, 0x250A, 0x250A, 0x250A,
  0x250A, 0x250A, 0x250A, 0x250A, 0x250A, 0x250A, 0x250A, 0x250A, 0x250A, 0x250A, 0x250A, 0x250A,
  0x250A, 0x250A, 0x250A, 0x250A, 0x250A, 0x250A, 0x250A, 0x250A, 0x250A, 0x250A, 0x250A, 0x250A,
  0x250A, 0x250A, 0x250A, 0x250A, 0x250A, 0x250A, 0x250A, 0x250A, 0x250A, 0x250A, 0x250A, 0x250A,
  0x250A, 0x250A, 0x250A, 0x250A, 0x250A, 0x250A, 0x250A, 0x250A, 0x250A, 0x250A, 0x250A, 0x250A,
  0x250A, 0x250A, 0x250A, 0x250A, 0x250A, 0x250A, 0x250A, 0x250A, 0x250A, 0x250A, 0x250A, 0x250A,
  0x250A, 0x250A, 0x250A, 0x250A, 0x250A, 0x250A, 0x250A, 0x250A, 0x250A, 0x250A, 0x250A, 0x250A,
  0x250A, 0x250A, 0x250A, 0x250A, 0x250A, 0x250A, 0x250A, 0x250A, 0x250A, 0x250A, 0x250A, 0x250A,
  0x250A, 0x250A, 0x250A, 0x250A, 0x250A, 0x250A, 0x250A, 0x250A, 0x250A, 0x250A, 0x250A, 0x250A,
  0x250A, 0x250A, 0x250A, 0x250A, 0x250A, 0x250A, 0x250A, 0x250A, 0x250A, 0x250A, 0x250A, 0x250A,
  0x250A, 0x250A, 0x250A, 0x250A, 0x250A, 0x250A, 0x250A, 0x250A, 0x250A, 0x250A, 0x250A, 0x250A,
  0x250A, 0x250A, 0x250A, 0x250A, 0x250A, 0x250A, 0x250A, 0x250A, 0x250A, 0x250A, 0x250A, 0x250A,
  0x250A, 0x250A, 0x250A, 0x250A, 0x250A, 0x250A, 0x250A, 0x250A, 0x250A, 0x250A, 0x250A, 0x250A,
  0x250A, 0x250A, 0x250A, 0x250A, 0x250A, 0x250A, 0x250A, 0x250A, 0x250A, 0x250A, 0x250A, 0x250A,
  0x250A, 0x250A, 0x250A, 0x250A, 0x250A, 0x250A, 0x250A, 0x250A, 0x250A, 0x250A, 0x250A, 0x250A,
  0x250A, 0x250A, 0x250A, 0x250A, 0x250A, 0x250A, 0x250A, 0x250A, 0x250A, 0x250A, 0x250A, 0x250A,
  0x250A, 0x250A, 0x250A, 0x250A, 0x250A, 0x250A, 0x250A, 0x250A, 0x250A, 0x250A, 0x250A, 0x250A,
  0x250A, 0x250A, 0x250A, 0x250A, 0x250A, 0x250A, 0x250A, 0x250A, 0x250A, 0x250A, 0x250A, 0x250A,
  0x250A, 0x250A, 0x250A, 0x250A, 0x250A, 0x250A, 0x250A, 0x250A, 0x250A, 0x250A, 0x250A, 0x250A,
  0x250A, 0x250A, 0x250A, 0x250A, 0x250A, 0x250A, 0x250A, 0x250A, 0x250A, 0x250A, 0x250A, 0x250A,
  0x250A, 0x250A, 0x250A, 0x250A, 0x250A, 0x250A, 0x250A, 0x250A, 0x250A, 0x250A, 0x250A, 0x250A,
  0x250A, 0x250A, 0x250A, 0x250A, 0x250A, 0x250A, 0x250A, 0x250A, 0x250A, 0x250A, 0x250A, 0x250A,
  0x250A, 0x250A, 0x250A, 0x250A, 0x250A, 0x250A, 0x250A, 0x250A, 0x250A, 0x250A, 0x250A, 0x250A,
  0x250A, 0x250A, 0x250A, 0x250A, 0x250A, 0x250A, 0x250A, 0x250A, 0x250A, 0x250A, 0x250A, 0x250A,
  0x250A, 0x250A, 0x250A, 0x250A, 0x250A, 0x250A, 0x250A, 0x250A, 0x250A, 0x250A, 0x250A, 0x250A,
  0x250A, 0x250A, 0x250A, 0x250A, 0x250A, 0x250A, 0x250A, 0x250A, 0x250A, 0x250A, 0x250A, 0x250A,
  0x250A, 0x250A, 0x250A, 0x250A, 0x250A, 0x250A, 0x250A, 0x250A, 0x250A, 0x250A, 0x250A, 0x250A,
  0x250A, 0x250A, 0x250A, 0x250A, 0x250A, 0x250A, 0x250A, 0x250A, 0x250A, 0x250A, 0x250A, 0x250A,
  0x250A, 0x250A, 0x250A, 0x250A, 0x250A, 0x250A, 0x250A, 0x250A, 0x250A, 0x250A, 0x250A, 0x250A,
  0x250A, 0x250A, 0x250A, 0x250A, 0x250A, 0x250A, 0x250A, 0x250A, 0x250A, 0x250A, 0x250A, 0x250A,
  0x250A, 0x250A, 0x250A, 0x250A, 0x250A, 0x250A, 0x250A, 0x250A, 0x250A, 0x250A, 0x250A, 0x250A,
  0x250A, 0x250A, 0x250A, 0x250A, 0x250A, 0x250A, 0x250A, 0x250A, 0x250A, 0x250A, 0x250A, 0x250A,
  0x250A, 0x250A, 0x24EA, 0x24EA, 0x24EA, 0x250A, 0x250A, 0x250A, 0x250A, 0x250A, 0x250A, 0x250A,
  0x250A, 0x250A, 0x250A, 0x250A, 0x250A, 0x250A, 0x250A, 0x250A, 0x250A, 0x250A, 0x250A, 0x250A,
  0x250A, 0x250A, 0x250A, 0x250A, 0x250A, 0x250A, 0x250A, 0x250A, 0x250A, 0x250A, 0x250A, 0x250A,
  0x250A, 0x250A, 0x250A, 0x250A, 0x250A, 0x250A, 0x250A, 0x250A, 0x250A, 0x250A, 0x250A, 0x250A,
  0x250A, 0x250A, 0x250A, 0x250A, 0x250A, 0x250A, 0x250A, 0x250A, 0x250A, 0x250A, 0x250A, 0x250A,
  0x250A, 0x250A, 0x250A, 0x250A, 0x250A, 0x250A, 0x250A, 0x250A, 0x250A, 0x250A, 0x250A, 0x250A,
  0x250A, 0x250A, 0x250A, 0x250A, 0x250A, 0x250A, 0x250A, 0x250A, 0x250A, 0x250A, 0x250A, 0x250A,
  0x250A, 0x250A, 0x250A, 0x250A, 0x250A, 0x250A, 0x250A, 0x250A, 0x250A, 0x250A, 0x250A, 0x250A,
  0x250A, 0x250A, 0x250A, 0x250A, 0x250A, 0x250A, 0x2509, 0x24EA, 0x250A, 0x250A, 0x250A, 0x250A,
  0x250A, 0x250A, 0x250A, 0x250A, 0x250A, 0x250A, 0x250A, 0x250A, 0x250A, 0x250A, 0x250A, 0x250A,
  0x250A, 0x250A, 0x250A, 0x250A, 0x250A, 0x250A, 0x250A, 0x250A, 0x250A, 0x250A, 0x250A, 0x250A,
  0x250A, 0x250A, 0x250A, 0x250A, 0x250A, 0x250A, 0x250A, 0x250A, 0x250A, 0x250A, 0x250A, 0x250A,
  0x250A, 0x250A, 0x250A, 0x250A, 0x250A, 0x250A, 0x250A, 0x250A, 0x250A, 0x250A, 0x250A, 0x250A,
  0x250A, 0x250A, 0x250A, 0x250A, 0x250A, 0x250A, 0x250A, 0x250A, 0x250A, 0x250A, 0x250A, 0x250A,
  0x250A, 0x250A, 0x250A, 0x250A, 0x250A, 0x250A, 0x250A, 0x250A, 0x250A, 0x250A, 0x250A, 0x250A,
  0x250A, 0x250A, 0x250A, 0x250A, 0x250A, 0x250A, 0x250A, 0x250A, 0x250A, 0x250A, 0x250A, 0x250A,
  0x250A, 0x24E9, 0x3469, 0x3449, 0x1CA9, 0x250A, 0x250A, 0x250A, 0x24EA, 0x24EA, 0x250A, 0x250A,
  0x250A, 0x250A, 0x250A, 0x250A, 0x250A, 0x250A, 0x250A, 0x250A, 0x250A, 0x250A, 0x250A, 0x250A,
  0x250A, 0x250A, 0x250A, 0x250A, 0x250A, 0x250A, 0x250A, 0x250A, 0x250A, 0x250A, 0x250A, 0x250A,
  0x250A, 0x250A, 0x250A, 0x250A, 0x250A, 0x250A, 0x250A, 0x250A, 0x250A, 0x250A, 0x250A, 0x250A,
  0x250A, 0x250A, 0x250A, 0x250A, 0x250A, 0x250A, 0x250A, 0x250A, 0x250A, 0x250A, 0x250A, 0x250A,
  0x250A, 0x250A, 0x250A, 0x250A, 0x250A, 0x250A, 0x250A, 0x250A, 0x250A, 0x250A, 0x250A, 0x250A,
  0x250A, 0x250A, 0x250A, 0x250A, 0x250A, 0x250A, 0x250A, 0x250A, 0x250A, 0x250A, 0x250A, 0x250A,
  0x250A, 0x250A, 0x250A, 0x250A, 0x250A, 0x250A, 0x250A, 0x250A, 0x250A, 0x250A, 0x250A, 0x24EA,
  0x250A, 0x24C9, 0x62E6, 0xA388, 0x8347, 0x5347, 0x3428, 0x24C9, 0x250A, 0x250A, 0x24EA, 0x24EA,
  0x250A, 0x250A, 0x250A, 0x250A, 0x250A, 0x250A, 0x250A, 0x250A, 0x250A, 0x250A, 0x250A, 0x250A,
  0x250A, 0x250A, 0x250A, 0x250A, 0x250A, 0x250A, 0x250A, 0x250A, 0x250A, 0x250A, 0x250A, 0x250A,
  0x250A, 0x250A, 0x250A, 0x250A, 0x250A, 0x250A, 0x250A, 0x250A, 0x250A, 0x250A, 0x250A, 0x250A,
  0x250A, 0x250A, 0x250A, 0x250A, 0x250A, 0x250A, 0x250A, 0x250A, 0x250A, 0x250A, 0x250A, 0x250A,
  0x250A, 0x250A, 0x250A, 0x250A, 0x250A, 0x250A, 0x250A, 0x250A, 0x250A, 0x250A, 0x250A, 0x250A,
  0x250A, 0x250A, 0x250A, 0x250A, 0x250A, 0x250A, 0x250A, 0x250A, 0x250A, 0x250A, 0x250A, 0x250A,
  0x250A, 0x250A, 0x250A, 0x250A, 0x250A, 0x250A, 0x250A, 0x250A, 0x250A, 0x250A, 0x250A, 0x250A,
  0x24EA, 0x250A, 0x3B87, 0x92E6, 0xBC4A, 0xAB88, 0x8AC6, 0x6B06, 0x43C7, 0x24A9, 0x250A, 0x250A,
  0x24E9, 0x250A, 0x250A, 0x250A, 0x250A, 0x250A, 0x250A, 0x250A, 0x250A, 0x250A, 0x250A, 0x250A,
  0x250A, 0x250A, 0x250A, 0x250A, 0x250A, 0x250A, 0x250A, 0x250A, 0x250A, 0x250A, 0x250A, 0x250A,
  0x250A, 0x250A, 0x250A, 0x250A, 0x250A, 0x250A, 0x250A, 0x250A, 0x250A, 0x250A, 0x250A, 0x250A,
  0x250A, 0x250A, 0x250A, 0x250A, 0x250A, 0x250A, 0x250A, 0x250A, 0x250A, 0x250A, 0x250A, 0x250A,
  0x250A, 0x250A, 0x250A, 0x250A, 0x250A, 0x250A, 0x250A, 0x250A, 0x250A, 0x250A, 0x250A, 0x250A,
  0x250A, 0x250A, 0x250A, 0x250A, 0x250A, 0x250A, 0x250A, 0x250A, 0x250A, 0x250A, 0x250A, 0x250A,
  0x250A, 0x250A, 0x250A, 0x250A, 0x250A, 0x250A, 0x250A, 0x250A, 0x250A, 0x250A, 0x250A, 0x250A,
  0x24E9, 0x250A, 0x2469, 0x7A65, 0xABA8, 0xBC6B, 0xA348, 0x9B07, 0x92E6, 0x72E6, 0x3BA7, 0x24C9,
  0x250A, 0x250A, 0x24EA, 0x250A, 0x250A, 0x250A, 0x250A, 0x250A, 0x250A, 0x250A, 0x250A, 0x250A,
  0x250A, 0x250A, 0x250A, 0x250A, 0x250A, 0x250A, 0x250A, 0x250A, 0x250A, 0x250A, 0x250A, 0x250A,
  0x250A, 0x250A, 0x250A, 0x250A, 0x250A, 0x250A, 0x250A, 0x250A, 0x250A, 0x250A, 0x250A, 0x250A,
  0x250A, 0x250A, 0x250A, 0x250A, 0x250A, 0x250A, 0x250A, 0x250A, 0x250A, 0x250A, 0x250A, 0x250A,
  0x250A, 0x250A, 0x250A, 0x250A, 0x250A, 0x250A, 0x250A, 0x250A, 0x250A, 0x250A, 0x250A, 0x250A,
  0x250A, 0x250A, 0x250A, 0x250A, 0x250A, 0x250A, 0x250A, 0x250A, 0x250A, 0x250A, 0x250A, 0x250A,
  0x250A, 0x250A, 0x250A, 0x250A, 0x250A, 0x250A, 0x250A, 0x250A, 0x250A, 0x250A, 0x250A, 0x250A,
  0x24EA, 0x250A, 0x24C9, 0x6AE6, 0xA388, 0xBC4A, 0xABE9, 0x9B27, 0x9307, 0x92E6, 0x92C6, 0x6AE6,
  0x3408, 0x250A, 0x250A, 0x24E9, 0x250A, 0x250A, 0x250A, 0x250A, 0x250A, 0x250A, 0x250A, 0x250A,
  0x250A, 0x250A, 0x250A, 0x250A, 0x250A, 0x250A, 0x250A, 0x250A, 0x250A, 0x250A, 0x250A, 0x250A,
  0x250A, 0x250A, 0x250A, 0x250A, 0x250A, 0x250A, 0x250A, 0x250A, 0x250A, 0x250A, 0x250A, 0x250A,
  0x250A, 0x250A, 0x250A, 0x250A, 0x250A, 0x250A, 0x250A, 0x250A, 0x250A, 0x250A, 0x250A, 0x250A,
  0x250A, 0x250A, 0x250A, 0x250A, 0x250A, 0x250A, 0x250A, 0x250A, 0x250A, 0x250A, 0x250A, 0x250A,
  0x250A, 0x250A, 0x250A, 0x250A, 0x250A, 0x250A, 0x250A, 0x250A, 0x250A, 0x250A, 0x250A, 0x250A,
  0x250A, 0x250A, 0x250A, 0x250A, 0x250A, 0x250A, 0x250A, 0x250A, 0x250A, 0x250A, 0x250A, 0x250A,
  0x24EA, 0x250A, 0x24C9, 0x6B06, 0xAB88, 0xB42A, 0xB3E9, 0xA388, 0x9B27, 0x8AE6, 0x8AC6, 0x92C6,
  0x8285, 0x5347, 0x2489, 0x250A, 0x24E9, 0x24EA, 0x250A, 0x250A, 0x250A, 0x250A, 0x250A, 0x250A,
  0x250A, 0x250A, 0x250A, 0x250A, 0x250A, 0x250A, 0x250A, 0x250A, 0x250A, 0x250A, 0x250A, 0x250A,
  0x250A, 0x250A, 0x250A, 0x250A, 0x250A, 0x250A, 0x250A, 0x250A, 0x250A, 0x250A, 0x250A, 0x250A,
  0x250A, 0x250A, 0x250A, 0x250A, 0x250A, 0x250A, 0x250A, 0x250A, 0x250A, 0x250A, 0x250A, 0x250A,
  0x250A, 0x250A, 0x250A, 0x250A, 0x250A, 0x250A, 0x250A, 0x250A, 0x250A, 0x250A, 0x250A, 0x250A,
  0x250A, 0x250A, 0x250A, 0x250A, 0x250A, 0x250A, 0x250A, 0x250A, 0x250A, 0x250A, 0x250A, 0x250A,
  0x250A, 0x250A, 0x250A, 0x250A, 0x250A, 0x250A, 0x250A, 0x250A, 0x250A, 0x250A, 0x250A, 0x250A,
  0x24EA, 0x24EA, 0x2489, 0x8306, 0xABA9, 0xB40A, 0xABE9, 0xA388, 0x9B47, 0x9307, 0x8AC6, 0x8AA6,
  0x8AA6, 0x92C6, 0x6AC6, 0x2C08, 0x250A, 0x250A, 0x24EA, 0x250A, 0x250A, 0x250A, 0x250A, 0x250A,
  0x250A, 0x250A, 0x250A, 0x250A, 0x250A, 0x250A, 0x250A, 0x250A, 0x250A, 0x250A, 0x250A, 0x250A,
  0x250A, 0x250A, 0x250A, 0x250A, 0x250A, 0x250A, 0x250A, 0x250A, 0x250A, 0x250A, 0x250A, 0x250A,
  0x250A, 0x250A, 0x250A, 0x250A, 0x250A, 0x250A, 0x250A, 0x250A, 0x250A, 0x250A, 0x250A, 0x250A,
  0x250A, 0x250A, 0x250A, 0x250A, 0x250A, 0x250A, 0x250A, 0x250A, 0x250A, 0x250A, 0x250A, 0x250A,
  0x250A, 0x250A, 0x250A, 0x250A, 0x250A, 0x250A, 0x250A, 0x250A, 0x250A, 0x250A, 0x250A, 0x250A,
  0x250A, 0x250A, 0x250A, 0x250A, 0x250A, 0x250A, 0x250A, 0x250A, 0x250A, 0x250A, 0x250A, 0x250A,
  0x24EA, 0x250A, 0x3BE8, 0x9B27, 0xABE9, 0xB3EA, 0xABC9, 0xA388, 0x9B48, 0x9327, 0x92E6, 0x8AC6,
  0x8AA6, 0x8AA6, 0x8AC6, 0x7A85, 0x43A7, 0x250A, 0x250A, 0x24E9, 0x250A, 0x250A, 0x250A, 0x250A,
  0x250A, 0x250A, 0x250A, 0x250A, 0x250A, 0x250A, 0x250A, 0x250A, 0x250A, 0x250A, 0x250A, 0x250A,
  0x250A, 0x250A, 0x250A, 0x250A, 0x250A, 0x250A, 0x250A, 0x250A, 0x250A, 0x250A, 0x250A, 0x250A,
  0x250A, 0x250A, 0x250A, 0x250A, 0x250A, 0x250A, 0x250A, 0x250A, 0x250A, 0x250A, 0x250A, 0x250A,
  0x250A, 0x250A, 0x250A, 0x250A, 0x250A, 0x250A, 0x250A, 0x250A, 0x250A, 0x250A, 0x250A, 0x250A,
  0x250A, 0x250A, 0x250A, 0x250A, 0x250A, 0x250A, 0x250A, 0x250A, 0x250A, 0x250A, 0x250A, 0x250A,
  0x250A, 0x250A, 0x250A, 0x250A, 0x250A, 0x250A, 0x250A, 0x250A, 0x250A, 0x250A, 0x250A, 0x24EA,
  0x250A, 0x24C9, 0x6B27, 0xABA8, 0xABE9, 0xABC9, 0xA3A9, 0xA388, 0x9B48, 0x9B27, 0x9307, 0x8AE6,
  0x8AC6, 0x8AA6, 0x8AA6, 0x8AA6, 0x8A85, 0x4B26, 0x24C9, 0x250A, 0x24E9, 0x250A, 0x250A, 0x250A,
  0x250A, 0x250A, 0x250A, 0x250A, 0x250A, 0x250A, 0x250A, 0x250A, 0x250A, 0x250A, 0x250A, 0x250A,
  0x250A, 0x250A, 0x250A, 0x250A, 0x250A, 0x250A, 0x250A, 0x250A, 0x250A, 0x250A, 0x250A, 0x250A,
  0x250A, 0x250A, 0x250A, 0x250A, 0x250A, 0x250A, 0x250A, 0x250A, 0x250A, 0x250A, 0x250A, 0x250A,
  0x250A, 0x250A, 0x250A, 0x250A, 0x250A, 0x250A, 0x250A, 0x250A, 0x250A, 0x250A, 0x250A, 0x250A,
  0x250A, 0x250A, 0x250A, 0x250A, 0x250A, 0x250A, 0x250A, 0x250A, 0x250A, 0x250A, 0x250A, 0x250A,
  0x250A, 0x250A, 0x250A, 0x250A, 0x250A, 0x250A, 0x250A, 0x250A, 0x250A, 0x250A, 0x250A, 0x24EA,
  0x250A, 0x3BE8, 0x9B27, 0xABA9, 0xABC9, 0xABA9, 0xA388, 0x9B68, 0x9B48, 0x9B27, 0x9307, 0x92E7,
  0x8AC6, 0x8AC6, 0x8AA6, 0x8AA6, 0x8AC6, 0x8AA5, 0x52E6, 0x24A9, 0x250A, 0x2509, 0x250A, 0x250A,
  0x250A, 0x250A, 0x250A, 0x250A, 0x250A, 0x250A, 0x250A, 0x250A, 0x250A, 0x250A, 0x250A, 0x250A,
  0x250A, 0x250A, 0x250A, 0x250A, 0x250A, 0x250A, 0x250A, 0x250A, 0x250A, 0x250A, 0x250A, 0x250A,
  0x250A, 0x250A, 0x250A, 0x250A, 0x250A, 0x250A, 0x250A, 0x250A, 0x250A, 0x250A, 0x250A, 0x250A,
  0x250A, 0x250A, 0x250A, 0x250A, 0x250A, 0x250A, 0x250A, 0x250A, 0x250A, 0x250A, 0x250A, 0x250A,
  0x250A, 0x250A, 0x250A, 0x250A, 0x250A, 0x250A, 0x250A, 0x250A, 0x250A, 0x250A, 0x250A, 0x250A,
  0x250A, 0x250A, 0x250A, 0x250A, 0x250A, 0x250A, 0x250A, 0x250A, 0x250A, 0x250A, 0x24EA, 0x24EA,
  0x24A9, 0x7B06, 0xA388, 0xA3A8, 0xA3A9, 0xA388, 0xA368, 0x9B48, 0x9B27, 0x9B27, 0x9307, 0x9307,
  0x9307, 0x92E6, 0x8AC6, 0x8AA6, 0x8AA6, 0x82A6, 0x8AA5, 0x5AC6, 0x2489, 0x250A, 0x24E9, 0x250A,
  0x250A, 0x250A, 0x250A, 0x250A, 0x250A, 0x250A, 0x250A, 0x250A, 0x250A, 0x250A, 0x250A, 0x250A,
  0x250A, 0x250A, 0x250A, 0x250A, 0x250A, 0x250A, 0x250A, 0x250A, 0x250A, 0x250A, 0x250A, 0x250A,
  0x250A, 0x250A, 0x250A, 0x250A, 0x250A, 0x250A, 0x250A, 0x250A, 0x250A, 0x250A, 0x250A, 0x250A,
  0x250A, 0x250A, 0x250A, 0x250A, 0x250A, 0x250A, 0x250A, 0x250A, 0x250A, 0x250A, 0x250A, 0x250A,
  0x250A, 0x250A, 0x250A, 0x250A, 0x250A, 0x250A, 0x250A, 0x250A, 0x250A, 0x250A, 0x250A, 0x250A,
  0x250A, 0x250A, 0x250A, 0x250A, 0x250A, 0x250A, 0x250A, 0x250A, 0x250A, 0x250A, 0x2509, 0x250A,
  0x43A8, 0x9B27, 0xA368, 0xA388, 0xA388, 0xA368, 0x9B68, 0x9B47, 0x9327, 0x9327, 0x9B27, 0x9B27,
  0x9B27, 0x9307, 0x92E7, 0x8AC6, 0x8AC6, 0x8AA6, 0x82A6, 0x8AA5, 0x5AA5, 0x2489, 0x250A, 0x24E9,
  0x250A, 0x250A, 0x250A, 0x250A, 0x250A, 0x250A, 0x250A, 0x250A, 0x250A, 0x250A, 0x250A, 0x250A,
  0x250A, 0x250A, 0x250A, 0x250A, 0x250A, 0x250A, 0x250A, 0x250A, 0x250A, 0x250A, 0x250A, 0x250A,
  0x250A, 0x250A, 0x250A, 0x250A, 0x250A, 0x250A, 0x250A, 0x250A, 0x250A, 0x250A, 0x250A, 0x250A,
  0x250A, 0x250A, 0x250A, 0x250A, 0x250A, 0x250A, 0x250A, 0x250A, 0x250A, 0x250A, 0x250A, 0x250A,
  0x250A, 0x250A, 0x250A, 0x250A, 0x250A, 0x250A, 0x250A, 0x250A, 0x250A, 0x250A, 0x250A, 0x250A,
  0x250A, 0x250A, 0x250A, 0x250A, 0x250A, 0x250A, 0x250A, 0x250A, 0x250A, 0x24EA, 0x250A, 0x24C9,
  0x7306, 0x9B27, 0x9B48, 0x9B68, 0x9B68, 0x9B48, 0x9B48, 0x9B47, 0x9327, 0x9327, 0x9B47, 0x9B48,
  0x9B48, 0xA368, 0x9B27, 0x92E6, 0x8AC6, 0x8AA6, 0x8AA6, 0x82A6, 0x8A85, 0x52A5, 0x24EA, 0x250A,
  0x24EA, 0x250A, 0x250A, 0x250A, 0x250A, 0x250A, 0x250A, 0x250A, 0x250A, 0x250A, 0x250A, 0x250A,
  0x250A, 0x250A, 0x250A, 0x250A, 0x250A, 0x250A, 0x250A, 0x250A, 0x250A, 0x250A, 0x250A, 0x250A,
  0x250A, 0x250A, 0x250A, 0x250A, 0x250A, 0x250A, 0x250A, 0x250A, 0x250A, 0x250A, 0x250A, 0x250A,
  0x250A, 0x250A, 0x250A, 0x250A, 0x250A, 0x250A, 0x250A, 0x250A, 0x250A, 0x250A, 0x250A, 0x250A,
  0x250A, 0x250A, 0x250A, 0x250A, 0x250A, 0x250A, 0x250A, 0x250A, 0x250A, 0x250A, 0x250A, 0x250A,
  0x250A, 0x250A, 0x250A, 0x250A, 0x250A, 0x250A, 0x250A, 0x250A, 0x250A, 0x24E9, 0x250A, 0x3408,
  0x8AC6, 0x9307, 0x9B27, 0x9B27, 0x9B27, 0x9327, 0x9327, 0x9B27, 0x9B27, 0x9B27, 0x9B48, 0x9B68,
  0xABA9, 0xABC9, 0xA368, 0x9307, 0x8AC6, 0x8AC6, 0x8AA6, 0x8285, 0x8285, 0x8265, 0x4346, 0x250A,
  0x24E9, 0x250A, 0x250A, 0x250A, 0x250A, 0x250A, 0x250A, 0x250A, 0x250A, 0x250A, 0x250A, 0x250A,
  0x250A, 0x250A, 0x250A, 0x250A, 0x250A, 0x250A, 0x250A, 0x250A, 0x250A, 0x250A, 0x250A, 0x250A,
  0x250A, 0x250A, 0x250A, 0x250A, 0x250A, 0x250A, 0x250A, 0x250A, 0x250A, 0x250A, 0x250A, 0x250A,
  0x250A, 0x250A, 0x250A, 0x250A, 0x250A, 0x250A, 0x250A, 0x250A, 0x250A, 0x250A, 0x250A, 0x250A,
  0x250A, 0x250A, 0x250A, 0x250A, 0x250A, 0x250A, 0x250A, 0x250A, 0x250A, 0x250A, 0x250A, 0x250A,
  0x250A, 0x250A, 0x250A, 0x250A, 0x250A, 0x250A, 0x250A, 0x250A, 0x250A, 0x250A, 0x250A, 0x5367,
  0x92C6, 0x8AC6, 0x8AE6, 0x92E7, 0x92E7, 0x8AE7, 0x92E7, 0x9307, 0x9327, 0x9B27, 0xA388, 0xB3E9,
  0xB3E9, 0xABA9, 0xA368, 0x9B07, 0x92E6, 0x8AC6, 0x8AA6, 0x8285, 0x7A65, 0x7A65, 0x7204, 0x2C28,
  0x250A, 0x24EA, 0x250A, 0x250A, 0x250A, 0x250A, 0x250A, 0x250A, 0x250A, 0x250A, 0x250A, 0x250A,
  0x250A, 0x250A, 0x250A, 0x250A, 0x250A, 0x250A, 0x250A, 0x250A, 0x250A, 0x250A, 0x250A, 0x250A,
  0x250A, 0x250A, 0x250A, 0x250A, 0x250A, 0x250A, 0x250A, 0x250A, 0x250A, 0x250A, 0x250A, 0x250A,
  0x250A, 0x250A, 0x250A, 0x250A, 0x250A, 0x250A, 0x250A, 0x250A, 0x250A, 0x250A, 0x250A, 0x250A,
  0x250A, 0x250A, 0x250A, 0x250A, 0x250A, 0x250A, 0x250A, 0x250A, 0x250A, 0x250A, 0x250A, 0x250A,
  0x250A, 0x250A, 0x250A, 0x250A, 0x250A, 0x250A, 0x250A, 0x250A, 0x24EA, 0x250A, 0x24E9, 0x62E6,
  0x92C6, 0x8286, 0x82A6, 0x82A6, 0x82A6, 0x8AC6, 0x8AC6, 0x8AE6, 0x9307, 0xA3A9, 0xB3E9, 0xABC9,
  0xABC9, 0xA388, 0x9B47, 0x9B07, 0x92E6, 0x8AA6, 0x82A6, 0x8285, 0x7A65, 0x7A45, 0x7A24, 0x5265,
  0x24C9, 0x250A, 0x250A, 0x250A, 0x250A, 0x250A, 0x250A, 0x250A, 0x250A, 0x250A, 0x250A, 0x250A,
  0x250A, 0x250A, 0x250A, 0x250A, 0x250A, 0x250A, 0x250A, 0x250A, 0x250A, 0x250A, 0x250A, 0x250A,
  0x250A, 0x250A, 0x250A, 0x250A, 0x250A, 0x250A, 0x250A, 0x250A, 0x250A, 0x250A, 0x250A, 0x250A,
  0x250A, 0x250A, 0x250A, 0x250A, 0x250A, 0x250A, 0x250A, 0x250A, 0x250A, 0x250A, 0x250A, 0x250A,
  0x250A, 0x250A, 0x250A, 0x250A, 0x250A, 0x250A, 0x250A, 0x250A, 0x250A, 0x250A, 0x250A, 0x250A,
  0x250A, 0x250A, 0x250A, 0x250A, 0x250A, 0x250A, 0x250A, 0x250A, 0x24EA, 0x250A, 0x24C9, 0x62A6,
  0x8285, 0x7A65, 0x7A65, 0x7A65, 0x8265, 0x8285, 0x8286, 0x8AC6, 0xA388, 0xABA8, 0xA388, 0xABA8,
  0xA388, 0xA368, 0x9B27, 0x9307, 0x8AC6, 0x8AA6, 0x8285, 0x8265, 0x7A65, 0x7A45, 0x7224, 0x69C3,
  0x33E8, 0x250A, 0x24E9, 0x250A, 0x250A, 0x250A, 0x250A, 0x250A, 0x250A, 0x250A, 0x250A, 0x250A,
  0x250A, 0x250A, 0x250A, 0x250A, 0x250A, 0x250A, 0x250A, 0x250A, 0x250A, 0x250A, 0x250A, 0x250A,
  0x250A, 0x250A, 0x250A, 0x250A, 0x250A, 0x250A, 0x250A, 0x250A, 0x250A, 0x250A, 0x250A, 0x250A,
  0x250A, 0x250A, 0x250A, 0x250A, 0x250A, 0x250A, 0x250A, 0x250A, 0x250A, 0x250A, 0x250A, 0x250A,
  0x250A, 0x250A, 0x250A, 0x250A, 0x250A, 0x250A, 0x250A, 0x250A, 0x250A, 0x250A, 0x250A, 0x250A,
  0x250A, 0x250A, 0x250A, 0x250A, 0x250A, 0x250A, 0x250A, 0x250A, 0x24E9, 0x250A, 0x24CA, 0x6285,
  0x8265, 0x7245, 0x7A45, 0x7A45, 0x7A45, 0x7A45, 0x8286, 0x9327, 0xA347, 0xA347, 0xA388, 0xA388,
  0xA388, 0x9B47, 0x9307, 0x92C6, 0x8AA6, 0x82A6, 0x8285, 0x8265, 0x7A45, 0x7A25, 0x7204, 0x71E4,
  0x4AA5, 0x24EA, 0x24EA, 0x24EA, 0x250A, 0x250A, 0x250A, 0x250A, 0x250A, 0x250A, 0x250A, 0x250A,
  0x250A, 0x250A, 0x250A, 0x250A, 0x250A, 0x250A, 0x250A, 0x250A, 0x250A, 0x250A, 0x250A, 0x250A,
  0x250A, 0x250A, 0x250A, 0x250A, 0x250A, 0x250A, 0x250A, 0x250A, 0x250A, 0x250A, 0x250A, 0x250A,
  0x250A, 0x250A, 0x250A, 0x250A, 0x250A, 0x250A, 0x250A, 0x250A, 0x250A, 0x250A, 0x250A, 0x250A,
  0x250A, 0x250A, 0x250A, 0x250A, 0x250A, 0x250A, 0x250A, 0x250A, 0x250A, 0x250A, 0x250A, 0x250A,
  0x250A, 0x250A, 0x250A, 0x250A, 0x250A, 0x250A, 0x250A, 0x250A, 0x24EA, 0x2509, 0x24E9, 0x5285,
  0x7204, 0x6A04, 0x6A04, 0x7204, 0x7224, 0x8285, 0x9307, 0x9B47, 0xA368, 0xAB88, 0xABA9, 0xA388,
  0x9B48, 0x9307, 0x92E6, 0x8AC6, 0x8AA6, 0x8286, 0x8285, 0x8265, 0x7A45, 0x7224, 0x7204, 0x71E4,
  0x51E3, 0x24A9, 0x250A, 0x24E9, 0x250A, 0x250A, 0x250A, 0x250A, 0x250A, 0x250A, 0x250A, 0x250A,
  0x250A, 0x250A, 0x250A, 0x250A, 0x250A, 0x250A, 0x250A, 0x250A, 0x250A, 0x250A, 0x250A, 0x250A,
  0x250A, 0x250A, 0x250A, 0x250A, 0x250A, 0x250A, 0x250A, 0x250A, 0x250A, 0x250A, 0x250A, 0x250A,
  0x250A, 0x250A, 0x250A, 0x250A, 0x250A, 0x250A, 0x250A, 0x250A, 0x250A, 0x250A, 0x250A, 0x250A,
  0x250A, 0x250A, 0x250A, 0x250A, 0x250A, 0x250A, 0x250A, 0x250A, 0x250A, 0x250A, 0x250A, 0x250A,
  0x250A, 0x250A, 0x250A, 0x250A, 0x250A, 0x250A, 0x24EA, 0x24EA, 0x250A, 0x250A, 0x250A, 0x33C8,
  0x7A24, 0x8265, 0x8285, 0x8AA6, 0x92E7, 0x9B47, 0xA368, 0xABA9, 0xABC9, 0xABE9, 0xABC9, 0xA368,
  0x9B27, 0x92E6, 0x8AC6, 0x8AA6, 0x8286, 0x8285, 0x8265, 0x7A65, 0x7A45, 0x7224, 0x7204, 0x69C3,
  0x61A3, 0x2BE8, 0x250A, 0x2509, 0x250A, 0x250A, 0x250A, 0x250A, 0x250A, 0x250A, 0x250A, 0x250A,
  0x250A, 0x250A, 0x250A, 0x250A, 0x250A, 0x250A, 0x250A, 0x250A, 0x250A, 0x250A, 0x250A, 0x250A,
  0x250A, 0x250A, 0x250A, 0x250A, 0x250A, 0x250A, 0x250A, 0x250A, 0x250A, 0x250A, 0x250A, 0x250A,
  0x250A, 0x250A, 0x250A, 0x250A, 0x250A, 0x250A, 0x250A, 0x250A, 0x250A, 0x250A, 0x250A, 0x250A,
  0x250A, 0x250A, 0x250A, 0x250A, 0x250A, 0x250A, 0x250A, 0x250A, 0x250A, 0x250A, 0x250A, 0x250A,
  0x250A, 0x250A, 0x250A, 0x250A, 0x250A, 0x2509, 0x250A, 0x250A, 0x250A, 0x2469, 0x3C08, 0x6B67,
  0x9B07, 0x9B27, 0xA347, 0xA368, 0xAB88, 0xABC9, 0xB3E9, 0xB40A, 0xB409, 0xABE9, 0xA388, 0x9B47,
  0x9307, 0x8AC6, 0x8AA6, 0x8286, 0x8285, 0x8265, 0x7A65, 0x7A45, 0x7A24, 0x7204, 0x69E4, 0x69C3,
  0x6183, 0x2B46, 0x250A, 0x24E9, 0x250A, 0x250A, 0x250A, 0x250A, 0x250A, 0x250A, 0x250A, 0x250A,
  0x250A, 0x250A, 0x250A, 0x250A, 0x250A, 0x250A, 0x250A, 0x250A, 0x250A, 0x250A, 0x250A, 0x250A,
  0x250A, 0x250A, 0x250A, 0x250A, 0x250A, 0x250A, 0x250A, 0x250A, 0x250A, 0x250A, 0x250A, 0x250A,
  0x250A, 0x250A, 0x250A, 0x250A, 0x250A, 0x250A, 0x250A, 0x250A, 0x250A, 0x250A, 0x250A, 0x250A,
  0x250A, 0x250A, 0x250A, 0x250A, 0x250A, 0x250A, 0x250A, 0x250A, 0x250A, 0x250A, 0x250A, 0x250A,
  0x250A, 0x250A, 0x250A, 0x250A, 0x2509, 0x250A, 0x24C9, 0x3BE8, 0x6B47, 0x8B27, 0xA327, 0xAB88,
  0xAB88, 0xABA8, 0xABC9, 0xB3E9, 0xB40A, 0xB40A, 0xB40A, 0xB40A, 0xABC9, 0xA3A9, 0x9B48, 0x9307,
  0x8AC6, 0x8AA6, 0x8285, 0x8265, 0x7A65, 0x7A45, 0x7A45, 0x7A25, 0x7224, 0x71E4, 0x69E4, 0x61C4,
  0x6183, 0x2B06, 0x250A, 0x24E9, 0x250A, 0x250A, 0x250A, 0x250A, 0x250A, 0x250A, 0x250A, 0x250A,
  0x250A, 0x250A, 0x250A, 0x250A, 0x250A, 0x250A, 0x250A, 0x250A, 0x250A, 0x250A, 0x250A, 0x250A,
  0x250A, 0x250A, 0x250A, 0x250A, 0x250A, 0x250A, 0x250A, 0x250A, 0x250A, 0x250A, 0x250A, 0x250A,
  0x250A, 0x250A, 0x250A, 0x250A, 0x250A, 0x250A, 0x250A, 0x250A, 0x250A, 0x250A, 0x250A, 0x250A,
  0x250A, 0x250A, 0x250A, 0x250A, 0x250A, 0x250A, 0x250A, 0x250A, 0x250A, 0x250A, 0x250A, 0x250A,
  0x250A, 0x250A, 0x250A, 0x2509, 0x250A, 0x3428, 0x7347, 0xA367, 0xB3C9, 0xB409, 0xBC2A, 0xBC4A,
  0xBC4A, 0xBC4A, 0xBC4A, 0xBC2A, 0xB42A, 0xB40A, 0xB3E9, 0xABC9, 0xA388, 0x9B48, 0x9307, 0x8AC6,
  0x8AA6, 0x8285, 0x8265, 0x7A65, 0x7A45, 0x7A45, 0x7224, 0x7204, 0x71E4, 0x69C4, 0x69C3, 0x61A3,
  0x5962, 0x2B06, 0x250A, 0x24E9, 0x250A, 0x250A, 0x250A, 0x250A, 0x250A, 0x250A, 0x250A, 0x250A,
  0x250A, 0x250A, 0x250A, 0x250A, 0x250A, 0x250A, 0x250A, 0x250A, 0x250A, 0x250A, 0x250A, 0x250A,
  0x250A, 0x250A, 0x250A, 0x250A, 0x250A, 0x250A, 0x250A, 0x250A, 0x250A, 0x250A, 0x250A, 0x250A,
  0x250A, 0x250A, 0x250A, 0x250A, 0x250A, 0x250A, 0x250A, 0x250A, 0x250A, 0x250A, 0x250A, 0x250A,
  0x250A, 0x250A, 0x250A, 0x250A, 0x250A, 0x250A, 0x250A, 0x250A, 0x250A, 0x250A, 0x250A, 0x250A,
  0x250A, 0x250A, 0x24EA, 0x250A, 0x3BE8, 0x9327, 0xB3A8, 0xB3E9, 0xBC4A, 0xC48B, 0xC48B, 0xC48B,
  0xC48B, 0xBC6B, 0xBC4A, 0xB42A, 0xB40A, 0xABC9, 0xA3A9, 0xA368, 0x9B47, 0x9307, 0x8AC6, 0x82A6,
  0x8285, 0x8265, 0x7A45, 0x7A45, 0x7A25, 0x7224, 0x7204, 0x69E4, 0x69C4, 0x61A3, 0x61A3, 0x5963,
  0x5942, 0x2B26, 0x24E9, 0x24E9, 0x2509, 0x24EA, 0x250A, 0x250A, 0x250A, 0x250A, 0x250A, 0x250A,
  0x250A, 0x250A, 0x250A, 0x250A, 0x250A, 0x250A, 0x250A, 0x250A, 0x250A, 0x250A, 0x250A, 0x250A,
  0x250A, 0x250A, 0x250A, 0x250A, 0x250A, 0x250A, 0x250A, 0x250A, 0x250A, 0x250A, 0x250A, 0x250A,
  0x250A, 0x250A, 0x250A, 0x250A, 0x250A, 0x250A, 0x250A, 0x250A, 0x250A, 0x250A, 0x250A, 0x250A,
  0x250A, 0x250A, 0x250A, 0x250A, 0x250A, 0x250A, 0x250A, 0x250A, 0x250A, 0x250A, 0x250A, 0x250A,
  0x250A, 0x2509, 0x250A, 0x3BE8, 0x9B06, 0xA368, 0xABA8, 0xB40A, 0xBC6B, 0xC48B, 0xC46B, 0xBC6B,
  0xBC4A, 0xB42A, 0xB40A, 0xABC9, 0xA3A9, 0xA368, 0x9B47, 0x9307, 0x8AE6, 0x8AA6, 0x8286, 0x8265,
  0x7A65, 0x7A45, 0x7A25, 0x7224, 0x7204, 0x71E4, 0x69E4, 0x69C3, 0x61A3, 0x6183, 0x5963, 0x5942,
  0x48E2, 0x23C7, 0x250A, 0x250A, 0x250A, 0x250A, 0x24EA, 0x24EA, 0x250A, 0x250A, 0x250A, 0x250A,
  0x250A, 0x250A, 0x250A, 0x250A, 0x250A, 0x250A, 0x250A, 0x250A, 0x250A, 0x250A, 0x250A, 0x250A,
  0x250A, 0x250A, 0x250A, 0x250A, 0x250A, 0x250A, 0x250A, 0x250A, 0x250A, 0x250A, 0x250A, 0x250A,
  0x250A, 0x250A, 0x250A, 0x250A, 0x250A, 0x250A, 0x250A, 0x250A, 0x250A, 0x250A, 0x250A, 0x250A,
  0x250A, 0x250A, 0x250A, 0x250A, 0x250A, 0x250A, 0x250A, 0x250A, 0x250A, 0x250A, 0x250A, 0x250A,
  0x24E9, 0x250A, 0x2C69, 0x8AE6, 0xA327, 0x9B47, 0xA388, 0xABE9, 0xB40A, 0xB40A, 0xB40A, 0xB40A,
  0xABC9, 0xABA9, 0xA388, 0x9B48, 0x9B27, 0x9307, 0x8AE6, 0x8AC6, 0x82A6, 0x8285, 0x8265, 0x7A45,
  0x7A45, 0x7224, 0x7224, 0x7204, 0x69E4, 0x69E4, 0x69C3, 0x61A3, 0x6183, 0x5963, 0x5942, 0x48E1,
  0x48E1, 0x5307, 0x43A7, 0x3BC7, 0x2C69, 0x24E9, 0x250A, 0x250A, 0x24E9, 0x250A, 0x250A, 0x250A,
  0x250A, 0x250A, 0x250A, 0x250A, 0x250A, 0x250A, 0x250A, 0x250A, 0x250A, 0x250A, 0x250A, 0x250A,
  0x250A, 0x250A, 0x250A, 0x250A, 0x250A, 0x250A, 0x250A, 0x250A, 0x250A, 0x250A, 0x250A, 0x250A,
  0x250A, 0x250A, 0x250A, 0x250A, 0x250A, 0x250A, 0x250A, 0x250A, 0x250A, 0x250A, 0x250A, 0x250A,
  0x250A, 0x250A, 0x250A, 0x250A, 0x250A, 0x250A, 0x250A, 0x250A, 0x250A, 0x250A, 0x250A, 0x24EA,
  0x24EA, 0x24E9, 0x6327, 0xA327, 0x9307, 0x9B27, 0x9B47, 0xA388, 0xA388, 0xA388, 0xA368, 0x9B68,
  0x9B47, 0x9327, 0x9307, 0x8AE6, 0x8AC6, 0x8AA6, 0x8286, 0x8285, 0x8265, 0x7A65, 0x7A45, 0x7A24,
  0x7224, 0x7204, 0x71E4, 0x69E4, 0x69C3, 0x61C3, 0x61A3, 0x6183, 0x5963, 0x5122, 0x48C1, 0x5102,
  0x7A65, 0x92E6, 0x92E6, 0x92E6, 0x82A6, 0x62E6, 0x3BC7, 0x24E9, 0x250A, 0x24E9, 0x250A, 0x250A,
  0x250A, 0x250A, 0x250A, 0x250A, 0x250A, 0x250A, 0x250A, 0x250A, 0x250A, 0x250A, 0x250A, 0x250A,
  0x250A, 0x250A, 0x250A, 0x250A, 0x250A, 0x250A, 0x250A, 0x250A, 0x250A, 0x250A, 0x250A, 0x250A,
  0x250A, 0x250A, 0x250A, 0x250A, 0x250A, 0x250A, 0x250A, 0x250A, 0x250A, 0x250A, 0x250A, 0x250A,
  0x250A, 0x250A, 0x250A, 0x250A, 0x250A, 0x250A, 0x250A, 0x250A, 0x250A, 0x250A, 0x250A, 0x24E9,
  0x250A, 0x3428, 0x92E6, 0x9307, 0x9307, 0x9307, 0x9307, 0x9307, 0x9307, 0x9307, 0x92E6, 0x8AC6,
  0x8AC6, 0x8AA6, 0x8AA6, 0x8286, 0x8285, 0x8265, 0x7A65, 0x7A65, 0x7A45, 0x7A45, 0x7224, 0x7204,
  0x7204, 0x69E4, 0x69C4, 0x69C3, 0x61A3, 0x6183, 0x6183, 0x5963, 0x5122, 0x48C1, 0x6183, 0x82A6,
  0x8AC6, 0x8AC6, 0x8AC6, 0x8AA6, 0x8AA6, 0x92C6, 0x8AA6, 0x62E6, 0x2468, 0x250A, 0x24E9, 0x250A,
  0x250A, 0x250A, 0x250A, 0x250A, 0x250A, 0x250A, 0x250A, 0x250A, 0x250A, 0x250A, 0x250A, 0x250A,
  0x250A, 0x250A, 0x250A, 0x250A, 0x250A, 0x250A, 0x250A, 0x250A, 0x250A, 0x250A, 0x250A, 0x250A,
  0x250A, 0x250A, 0x250A, 0x250A, 0x250A, 0x250A, 0x250A, 0x250A, 0x250A, 0x250A, 0x250A, 0x250A,
  0x250A, 0x250A, 0x250A, 0x250A, 0x250A, 0x250A, 0x250A, 0x250A, 0x250A, 0x250A, 0x250A, 0x2509,
  0x250A, 0x5B67, 0x9B06, 0x92E6, 0x92E6, 0x92C6, 0x8AC6, 0x8AC6, 0x8AA6, 0x8AA6, 0x82A6, 0x8286,
  0x8285, 0x8285, 0x8265, 0x7A65, 0x7A65, 0x7A65, 0x7A45, 0x7A45, 0x7A24, 0x7224, 0x7204, 0x7204,
  0x69E4, 0x69C3, 0x61A3, 0x61A3, 0x6183, 0x6183, 0x5942, 0x5102, 0x5942, 0x7224, 0x8AC6, 0x8AA6,
  0x8AA6, 0x8AA6, 0x8AA6, 0x8AA6, 0x82A6, 0x82A6, 0x82A6, 0x8AA6, 0x6A85, 0x2C48, 0x250A, 0x24E9,
  0x250A, 0x250A, 0x250A, 0x250A, 0x250A, 0x250A, 0x250A, 0x250A, 0x250A, 0x250A, 0x250A, 0x250A,
  0x250A, 0x250A, 0x250A, 0x250A, 0x250A, 0x250A, 0x250A, 0x250A, 0x250A, 0x250A, 0x250A, 0x250A,
  0x250A, 0x250A, 0x250A, 0x250A, 0x250A, 0x250A, 0x250A, 0x250A, 0x250A, 0x250A, 0x250A, 0x250A,
  0x250A, 0x250A, 0x250A, 0x250A, 0x250A, 0x250A, 0x250A, 0x250A, 0x250A, 0x250A, 0x2509, 0x250A,
  0x2489, 0x7AC6, 0x92E6, 0x8AC6, 0x8AC6, 0x8AA6, 0x8AA6, 0x8286, 0x8285, 0x8285, 0x8265, 0x8265,
  0x8265, 0x7A65, 0x7A65, 0x7A45, 0x7A45, 0x7A45, 0x7A45, 0x7224, 0x7224, 0x7204, 0x69E4, 0x69E4,
  0x61C3, 0x61A3, 0x6183, 0x6183, 0x5963, 0x5122, 0x5142, 0x69E4, 0x82A6, 0x8AC6, 0x8AA6, 0x82A6,
  0x82A6, 0x82A6, 0x82A6, 0x8286, 0x8286, 0x8286, 0x8286, 0x8286, 0x8285, 0x6244, 0x2489, 0x250A,
  0x2509, 0x250A, 0x250A, 0x250A, 0x250A, 0x250A, 0x250A, 0x250A, 0x250A, 0x250A, 0x250A, 0x250A,
  0x250A, 0x250A, 0x250A, 0x250A, 0x250A, 0x250A, 0x250A, 0x250A, 0x250A, 0x250A, 0x250A, 0x250A,
  0x250A, 0x250A, 0x250A, 0x250A, 0x250A, 0x250A, 0x250A, 0x250A, 0x250A, 0x250A, 0x250A, 0x250A,
  0x250A, 0x250A, 0x250A, 0x250A, 0x250A, 0x250A, 0x250A, 0x250A, 0x250A, 0x250A, 0x24EA, 0x250A,
  0x3429, 0x82A5, 0x92C6, 0x8AA6, 0x8AA6, 0x82A6, 0x8285, 0x8265, 0x8265, 0x8265, 0x7A65, 0x7A65,
  0x7A65, 0x7A65, 0x7A65, 0x7A45, 0x7A45, 0x7A25, 0x7A25, 0x7224, 0x7204, 0x69E4, 0x69C4, 0x61A3,
  0x61A3, 0x6183, 0x5963, 0x5122, 0x5122, 0x61A3, 0x8285, 0x8AC6, 0x8AA6, 0x82A6, 0x82A6, 0x8286,
  0x8286, 0x8286, 0x8286, 0x8286, 0x8286, 0x8286, 0x8285, 0x8265, 0x7A65, 0x8244, 0x4AE6, 0x24EA,
  0x2509, 0x250A, 0x250A, 0x250A, 0x250A, 0x250A, 0x250A, 0x250A, 0x250A, 0x250A, 0x250A, 0x250A,
  0x250A, 0x250A, 0x250A, 0x250A, 0x250A, 0x250A, 0x250A, 0x250A, 0x250A, 0x250A, 0x250A, 0x250A,
  0x250A, 0x250A, 0x250A, 0x250A, 0x250A, 0x250A, 0x250A, 0x250A, 0x250A, 0x250A, 0x250A, 0x250A,
  0x250A, 0x250A, 0x250A, 0x250A, 0x250A, 0x250A, 0x250A, 0x250A, 0x250A, 0x250A, 0x24EA, 0x250A,
  0x43C8, 0x92C6, 0x8AC6, 0x8AA6, 0x82A6, 0x8285, 0x8265, 0x7A65, 0x7A65, 0x8265, 0x8265, 0x8265,
  0x8265, 0x7A65, 0x7A65, 0x7A45, 0x7A45, 0x7A25, 0x7224, 0x7204, 0x69E4, 0x69E4, 0x69C3, 0x61A3,
  0x5963, 0x5122, 0x5122, 0x61A3, 0x8265, 0x8AE6, 0x8AC6, 0x8AA6, 0x82A6, 0x82A6, 0x8286, 0x8286,
  0x8286, 0x82A6, 0x8AA6, 0x8AA6, 0x8AA6, 0x8286, 0x8285, 0x8265, 0x7A45, 0x7A45, 0x69E4, 0x2C49,
  0x250A, 0x24E9, 0x250A, 0x250A, 0x250A, 0x250A, 0x250A, 0x250A, 0x250A, 0x250A, 0x250A, 0x250A,
  0x250A, 0x250A, 0x250A, 0x250A, 0x250A, 0x250A, 0x250A, 0x250A, 0x250A, 0x250A, 0x250A, 0x250A,
  0x250A, 0x250A, 0x250A, 0x250A, 0x250A, 0x250A, 0x250A, 0x250A, 0x250A, 0x250A, 0x250A, 0x250A,
  0x250A, 0x250A, 0x250A, 0x250A, 0x250A, 0x250A, 0x250A, 0x250A, 0x250A, 0x250A, 0x250A, 0x250A,
  0x4B67, 0x92C6, 0x82A6, 0x82A6, 0x8286, 0x8285, 0x8285, 0x8AA6, 0x92E7, 0x9B27, 0x9B48, 0x9B47,
  0x9307, 0x8AC6, 0x8285, 0x7A65, 0x7A45, 0x7A25, 0x7224, 0x7204, 0x69E4, 0x61C3, 0x6183, 0x5142,
  0x5962, 0x69E4, 0x82A6, 0x9307, 0x92E7, 0x8AC6, 0x8AA6, 0x8AA6, 0x82A6, 0x82A6, 0x8AA6, 0x8AC6,
  0x92E6, 0x92E6, 0x8AC6, 0x8AC6, 0x8AA6, 0x8286, 0x8285, 0x8265, 0x7A45, 0x7225, 0x7204, 0x3B46,
  0x250A, 0x24E9, 0x250A, 0x250A, 0x250A, 0x250A, 0x250A, 0x250A, 0x250A, 0x250A, 0x250A, 0x250A,
  0x250A, 0x250A, 0x250A, 0x250A, 0x250A, 0x250A, 0x250A, 0x250A, 0x250A, 0x250A, 0x250A, 0x250A,
  0x250A, 0x250A, 0x250A, 0x250A, 0x250A, 0x250A, 0x250A, 0x250A, 0x250A, 0x250A, 0x250A, 0x250A,
  0x250A, 0x250A, 0x250A, 0x250A, 0x250A, 0x250A, 0x250A, 0x250A, 0x250A, 0x250A, 0x2509, 0x250A,
  0x4B47, 0x92C6, 0x82A6, 0x82A6, 0x82A6, 0x8AA6, 0x9307, 0xA368, 0x9B47, 0x8AC6, 0x8285, 0x8285,
  0x8AC6, 0x8AE6, 0x8AC6, 0x82A6, 0x7A65, 0x7A45, 0x7225, 0x69E4, 0x61A3, 0x5983, 0x61A3, 0x7A45,
  0x92E7, 0x9B47, 0x9327, 0x92E6, 0x8AC6, 0x8AC6, 0x8AA6, 0x8AA6, 0x8AC6, 0x92E6, 0x9307, 0x8AC6,
  0x7A45, 0x69C3, 0x69A3, 0x69C3, 0x7204, 0x7245, 0x7A45, 0x7A45, 0x7A45, 0x7224, 0x71E3, 0x4285,
  0x250A, 0x24EA, 0x250A, 0x250A, 0x250A, 0x250A, 0x250A, 0x250A, 0x250A, 0x250A, 0x250A, 0x250A,
  0x250A, 0x250A, 0x250A, 0x250A, 0x250A, 0x250A, 0x250A, 0x250A, 0x250A, 0x250A, 0x250A, 0x250A,
  0x250A, 0x250A, 0x250A, 0x250A, 0x250A, 0x250A, 0x250A, 0x250A, 0x250A, 0x250A, 0x250A, 0x250A,
  0x250A, 0x250A, 0x250A, 0x250A, 0x250A, 0x250A, 0x250A, 0x250A, 0x250A, 0x250A, 0x250A, 0x250A,
  0x4B26, 0x8AA6, 0x8285, 0x8286, 0x8AA6, 0x9B27, 0x92E6, 0x6183, 0x4080, 0x40A1, 0x48E2, 0x4903,
  0x5102, 0x5921, 0x69C3, 0x7A65, 0x8265, 0x7A45, 0x69E4, 0x69E4, 0x7204, 0x82A6, 0x9B27, 0xA368,
  0x9B47, 0x9307, 0x8AE6, 0x8AC6, 0x8AA6, 0x8AA6, 0x8AA6, 0x92E6, 0x9307, 0x8AC6, 0x69C3, 0x48A0,
  0x3861, 0x3882, 0x3881, 0x3841, 0x3800, 0x48A0, 0x6183, 0x6A04, 0x7204, 0x7204, 0x69E3, 0x4245,
  0x250A, 0x250A, 0x250A, 0x250A, 0x250A, 0x250A, 0x250A, 0x250A, 0x250A, 0x250A, 0x250A, 0x250A,
  0x250A, 0x250A, 0x250A, 0x250A, 0x250A, 0x250A, 0x250A, 0x250A, 0x250A, 0x250A, 0x250A, 0x250A,
  0x250A, 0x250A, 0x250A, 0x250A, 0x250A, 0x250A, 0x250A, 0x250A, 0x250A, 0x250A, 0x250A, 0x250A,
  0x250A, 0x250A, 0x250A, 0x250A, 0x250A, 0x250A, 0x250A, 0x250A, 0x250A, 0x250A, 0x250A, 0x250A,
  0x4B46, 0x8A85, 0x7A65, 0x8AA6, 0x9B27, 0x7A45, 0x3860, 0x4125, 0x732C, 0x9492, 0xA534, 0xAD34,
  0xA4D3, 0x8BEF, 0x6A47, 0x5121, 0x69A3, 0x7A65, 0x82A6, 0x9307, 0x9B68, 0xA368, 0x9B48, 0x9B27,
  0x9307, 0x92E6, 0x8AC6, 0x82A6, 0x82A6, 0x82A6, 0x8AC6, 0x92E7, 0x8265, 0x50E1, 0x4924, 0x732C,
  0x9C92, 0xAD34, 0xAD34, 0x9C71, 0x7B2C, 0x5165, 0x4060, 0x5922, 0x69E4, 0x6A04, 0x69C3, 0x4265,
  0x250A, 0x24EA, 0x250A, 0x250A, 0x250A, 0x250A, 0x250A, 0x250A, 0x250A, 0x250A, 0x250A, 0x250A,
  0x250A, 0x250A, 0x250A, 0x250A, 0x250A, 0x250A, 0x250A, 0x250A, 0x250A, 0x250A, 0x250A, 0x250A,
  0x250A, 0x250A, 0x250A, 0x250A, 0x250A, 0x250A, 0x250A, 0x250A, 0x250A, 0x250A, 0x250A, 0x250A,
  0x250A, 0x250A, 0x250A, 0x250A, 0x250A, 0x250A, 0x250A, 0x250A, 0x250A, 0x250A, 0x24EA, 0x250A,
  0x43A7, 0x7A45, 0x7A45, 0x9B27, 0x7A24, 0x3082, 0x734D, 0xB595, 0xCE58, 0xD699, 0xD699, 0xCE79,
  0xCE99, 0xCE79, 0xC618, 0x940F, 0x69E4, 0x92E6, 0xA3A9, 0xA368, 0x9B47, 0x9B27, 0x9327, 0x9307,
  0x8AE6, 0x8AA6, 0x82A6, 0x8286, 0x8286, 0x8AA6, 0x8AC6, 0x7A45, 0x48C1, 0x6ACB, 0xB5D7, 0xCE79,
  0xCE99, 0xD679, 0xCE99, 0xD699, 0xC658, 0xB595, 0x8BCE, 0x5963, 0x5921, 0x69E4, 0x69C3, 0x32A5,
  0x250A, 0x24E9, 0x250A, 0x250A, 0x250A, 0x250A, 0x250A, 0x250A, 0x250A, 0x250A, 0x250A, 0x250A,
  0x250A, 0x250A, 0x250A, 0x250A, 0x250A, 0x250A, 0x250A, 0x250A, 0x250A, 0x250A, 0x250A, 0x250A,
  0x250A, 0x250A, 0x250A, 0x250A, 0x250A, 0x250A, 0x250A, 0x250A, 0x250A, 0x250A, 0x250A, 0x250A,
  0x250A, 0x250A, 0x250A, 0x250A, 0x250A, 0x250A, 0x250A, 0x250A, 0x250A, 0x250A, 0x24EA, 0x2509,
  0x2C28, 0x61E4, 0x8AA6, 0x8AA5, 0x40C2, 0x8C51, 0xC638, 0xCE79, 0xD69A, 0xDEDA, 0xE71C, 0xDEFB,
  0xD699, 0xD699, 0xD679, 0xCE79, 0xAD13, 0x7204, 0x8265, 0x92E7, 0x9307, 0x9307, 0x92E7, 0x8AE6,
  0x8AA6, 0x82A6, 0x8285, 0x8265, 0x8285, 0x8AA6, 0x8285, 0x50E1, 0x836D, 0xCE99, 0xCE79, 0xD679,
  0xD699, 0xDEDB, 0xE71C, 0xDEDA, 0xD699, 0xCE79, 0xBE18, 0x9CF3, 0x6A05, 0x6182, 0x69A3, 0x3367,
  0x24EA, 0x24E9, 0x250A, 0x250A, 0x250A, 0x250A, 0x250A, 0x250A, 0x250A, 0x250A, 0x250A, 0x250A,
  0x250A, 0x250A, 0x250A, 0x250A, 0x250A, 0x250A, 0x250A, 0x250A, 0x250A, 0x250A, 0x250A, 0x250A,
  0x250A, 0x250A, 0x250A, 0x250A, 0x250A, 0x250A, 0x250A, 0x250A, 0x250A, 0x250A, 0x250A, 0x250A,
  0x250A, 0x250A, 0x250A, 0x250A, 0x250A, 0x250A, 0x250A, 0x250A, 0x250A, 0x2509, 0x24EA, 0x250A,
  0x250A, 0x62A6, 0x9B06, 0x5122, 0x8C10, 0xCE58, 0xD699, 0xDEDA, 0xEF5D, 0xEF5C, 0xCE59, 0xDEDA,
  0xF79D, 0xDEFB, 0xDEDA, 0xD699, 0xCE9A, 0xA491, 0x71E3, 0x82A6, 0x8AC6, 0x8AE6, 0x8AE6, 0x8AC6,
  0x8AA6, 0x8285, 0x8265, 0x8265, 0x8285, 0x82A6, 0x5941, 0x72AA, 0xD6BA, 0xD699, 0xDEDA, 0xDEDB,
  0xF79D, 0xDEFB, 0xCE59, 0xE73C, 0xEF7D, 0xDEBA, 0xD699, 0xBE17, 0x9CB2, 0x69C4, 0x5962, 0x2C29,
  0x250A, 0x2509, 0x24E9, 0x24EA, 0x250A, 0x250A, 0x250A, 0x250A, 0x250A, 0x250A, 0x250A, 0x250A,
  0x250A, 0x250A, 0x250A, 0x250A, 0x250A, 0x250A, 0x250A, 0x250A, 0x250A, 0x250A, 0x250A, 0x250A,
  0x250A, 0x250A, 0x250A, 0x250A, 0x250A, 0x250A, 0x250A, 0x250A, 0x250A, 0x250A, 0x250A, 0x250A,
  0x250A, 0x250A, 0x250A, 0x250A, 0x250A, 0x250A, 0x250A, 0x24EA, 0x250A, 0x250A, 0x250A, 0x2C89,
  0x5387, 0x9B47, 0x71C3, 0x72CB, 0xC638, 0xD699, 0xDEDB, 0xF79D, 0xBDF7, 0x4208, 0x0861, 0x18E3,
  0x8410, 0xF79E, 0xE71C, 0xDEFB, 0xDEBA, 0xCE9A, 0x8B6B, 0x7A24, 0x8AA6, 0x8AC6, 0x8AC6, 0x8AA6,
  0x82A6, 0x8285, 0x8265, 0x8265, 0x8285, 0x7204, 0x5943, 0xC5F7, 0xDEDB, 0xDEFB, 0xE71B, 0xF79D,
  0x9491, 0x2124, 0x0861, 0x39C7, 0xB595, 0xF79D, 0xDEDA, 0xD699, 0xBDF7, 0x8BEE, 0x6182, 0x4AE6,
  0x3448, 0x24C9, 0x250A, 0x250A, 0x2509, 0x250A, 0x250A, 0x250A, 0x250A, 0x250A, 0x250A, 0x250A,
  0x250A, 0x250A, 0x250A, 0x250A, 0x250A, 0x250A, 0x250A, 0x250A, 0x250A, 0x250A, 0x250A, 0x250A,
  0x250A, 0x250A, 0x250A, 0x250A, 0x250A, 0x250A, 0x250A, 0x250A, 0x250A, 0x250A, 0x250A, 0x250A,
  0x250A, 0x250A, 0x250A, 0x250A, 0x250A, 0x250A, 0x2509, 0x250A, 0x250A, 0x2C69, 0x53A8, 0x82E6,
  0xA347, 0x92C6, 0x61A4, 0xAD35, 0xD699, 0xDEDB, 0xEF7D, 0xC617, 0x1082, 0x0000, 0x0841, 0x0020,
  0x0000, 0x73AE, 0xFFDE, 0xE71B, 0xE6FB, 0xDEDB, 0xB554, 0x7A44, 0x8286, 0x8AA6, 0x8AA6, 0x8AA6,
  0x8286, 0x8265, 0x8265, 0x7A65, 0x8285, 0x5921, 0x8B8E, 0xDF1B, 0xDEDB, 0xE71B, 0xFFDE, 0x8430,
  0x0000, 0x0000, 0x0000, 0x0000, 0x0020, 0xB575, 0xF79D, 0xDEDA, 0xD679, 0xAD75, 0x7A86, 0x71C3,
  0x7A65, 0x62C6, 0x3BC8, 0x24C9, 0x250A, 0x2509, 0x250A, 0x250A, 0x250A, 0x250A, 0x250A, 0x250A,
  0x250A, 0x250A, 0x250A, 0x250A, 0x250A, 0x250A, 0x250A, 0x250A, 0x250A, 0x250A, 0x250A, 0x250A,
  0x250A, 0x250A, 0x250A, 0x250A, 0x250A, 0x250A, 0x250A, 0x250A, 0x250A, 0x250A, 0x250A, 0x250A,
  0x250A, 0x250A, 0x250A, 0x250A, 0x250A, 0x24E9, 0x250A, 0x1CA9, 0x5387, 0x8B06, 0xA347, 0xA347,
  0x9B27, 0x71E3, 0x7B0B, 0xCE59, 0xDEDA, 0xE71B, 0xEF5D, 0x31A6, 0x0000, 0x1082, 0x0861, 0x0861,
  0x0861, 0x0000, 0xBDD7, 0xF7BE, 0xE71B, 0xDEFB, 0xCE79, 0x8B29, 0x8264, 0x8AA6, 0x8AA6, 0x82A6,
  0x8285, 0x8265, 0x7A65, 0x7A65, 0x7204, 0x5123, 0xBDB6, 0xE71B, 0xDEFB, 0xF79D, 0xCE79, 0x0841,
  0x0020, 0x0841, 0x0020, 0x0841, 0x0000, 0x2104, 0xE71B, 0xE73C, 0xDEDA, 0xC638, 0x93EE, 0x69A3,
  0x7225, 0x8285, 0x8285, 0x62C6, 0x2C28, 0x250A, 0x2509, 0x250A, 0x250A, 0x250A, 0x250A, 0x250A,
  0x250A, 0x250A, 0x250A, 0x250A, 0x250A, 0x250A, 0x250A, 0x250A, 0x250A, 0x250A, 0x250A, 0x250A,
  0x250A, 0x250A, 0x250A, 0x250A, 0x250A, 0x250A, 0x250A, 0x250A, 0x250A, 0x250A, 0x250A, 0x250A,
  0x250A, 0x250A, 0x250A, 0x250A, 0x24E9, 0x250A, 0x2C89, 0x7327, 0xA347, 0xA347, 0x9B47, 0x9B27,
  0x8AC6, 0x69C3, 0x9CB2, 0xD69A, 0xDEDB, 0xF79E, 0xA534, 0x0000, 0x1082, 0x0861, 0x0861, 0x0861,
  0x1082, 0x0000, 0x5ACA, 0xFFFF, 0xE73C, 0xE71B, 0xDEFB, 0xA42E, 0x8244, 0x8AC6, 0x8AA6, 0x82A6,
  0x8285, 0x8265, 0x7A65, 0x7A65, 0x6162, 0x6A27, 0xD6DA, 0xE71B, 0xE71B, 0xFFFF, 0x6B6D, 0x0000,
  0x0861, 0x0020, 0x0020, 0x0020, 0x0841, 0x0000, 0x9471, 0xF7BE, 0xDEDB, 0xD679, 0xAD13, 0x7225,
  0x69C3, 0x7245, 0x7A65, 0x8AA5, 0x7A65, 0x3BA7, 0x250A, 0x2509, 0x250A, 0x250A, 0x250A, 0x250A,
  0x250A, 0x250A, 0x250A, 0x250A, 0x250A, 0x250A, 0x250A, 0x250A, 0x250A, 0x250A, 0x250A, 0x250A,
  0x250A, 0x250A, 0x250A, 0x250A, 0x250A, 0x250A, 0x250A, 0x250A, 0x250A, 0x250A, 0x250A, 0x250A,
  0x250A, 0x250A, 0x250A, 0x24EA, 0x250A, 0x24A9, 0x7B26, 0xAB47, 0x9B47, 0x9B47, 0x9B47, 0x9307,
  0x8265, 0x7226, 0xAD75, 0xD6BA, 0xE6FB, 0xF7BE, 0x5AEB, 0x0000, 0x10A2, 0x1082, 0x1082, 0x0861,
  0x1082, 0x0841, 0x18E3, 0xE71C, 0xEF7D, 0xE71B, 0xDF1C, 0xACF2, 0x8244, 0x8AA6, 0x8AA6, 0x8286,
  0x8265, 0x7A65, 0x7A45, 0x7A45, 0x5901, 0x832C, 0xE73C, 0xE71B, 0xEF5D, 0xEF7D, 0x2965, 0x0000,
  0x0841, 0x0841, 0x0841, 0x0841, 0x0841, 0x0000, 0x4228, 0xF79E, 0xE71B, 0xD6BA, 0xB5B6, 0x82E8,
  0x69C3, 0x7204, 0x7A25, 0x7A45, 0x8265, 0x7A44, 0x3BA7, 0x250A, 0x250A, 0x250A, 0x250A, 0x250A,
  0x250A, 0x250A, 0x250A, 0x250A, 0x250A, 0x250A, 0x250A, 0x250A, 0x250A, 0x250A, 0x250A, 0x250A,
  0x250A, 0x250A, 0x250A, 0x250A, 0x250A, 0x250A, 0x250A, 0x250A, 0x250A, 0x250A, 0x250A, 0x250A,
  0x250A, 0x250A, 0x24EA, 0x24E9, 0x24E9, 0x6367, 0xA347, 0x9B27, 0x9B27, 0x9B27, 0x9307, 0x8AE7,
  0x7A24, 0x72A8, 0xBDF7, 0xDEDA, 0xEF5C, 0xEF5D, 0x3186, 0x0841, 0x10A2, 0x1082, 0x1082, 0x1082,
  0x1082, 0x0861, 0x0020, 0xC618, 0xFFDE, 0xE71C, 0xDF1C, 0xB554, 0x8265, 0x8AA6, 0x82A6, 0x8285,
  0x8265, 0x7A45, 0x7A25, 0x7224, 0x50E0, 0x940F, 0xE75D, 0xE71B, 0xF7BE, 0xD69A, 0x1082, 0x0841,
  0x0841, 0x0841, 0x0841, 0x0841, 0x0841, 0x0000, 0x18E3, 0xE6FB, 0xEF5D, 0xDEDA, 0xBDF7, 0x8B6B,
  0x69C3, 0x7204, 0x7224, 0x7A24, 0x7A45, 0x7A45, 0x7204, 0x2C28, 0x250A, 0x2509, 0x250A, 0x250A,
  0x250A, 0x250A, 0x250A, 0x250A, 0x250A, 0x250A, 0x250A, 0x250A, 0x250A, 0x250A, 0x250A, 0x250A,
  0x250A, 0x250A, 0x250A, 0x250A, 0x250A, 0x250A, 0x250A, 0x250A, 0x250A, 0x250A, 0x250A, 0x250A,
  0x250A, 0x250A, 0x24EA, 0x250A, 0x3428, 0x9AE6, 0x9B27, 0x9307, 0x9307, 0x9307, 0x92E6, 0x8AC6,
  0x7A24, 0x7B0A, 0xC638, 0xDEDB, 0xF77D, 0xDEFB, 0x18E3, 0x0861, 0x10A2, 0x1082, 0x1082, 0x1082,
  0x1082, 0x1082, 0x0000, 0xAD55, 0xFFFF, 0xE71C, 0xDF1B, 0xB575, 0x8285, 0x8AA6, 0x82A6, 0x8285,
  0x7A65, 0x7A45, 0x7224, 0x69E4, 0x50E1, 0xA491, 0xE75D, 0xE71B, 0xFFDF, 0xBDD7, 0x0020, 0x0841,
  0x0841, 0x0841, 0x0841, 0x0841, 0x0841, 0x0020, 0x0861, 0xCE79, 0xF79D, 0xDEDB, 0xC638, 0x93CD,
  0x71E3, 0x6A04, 0x7204, 0x7224, 0x7225, 0x7225, 0x7A24, 0x5285, 0x24E9, 0x250A, 0x250A, 0x250A,
  0x250A, 0x250A, 0x250A, 0x250A, 0x250A, 0x250A, 0x250A, 0x250A, 0x250A, 0x250A, 0x250A, 0x250A,
  0x250A, 0x250A, 0x250A, 0x250A, 0x250A, 0x250A, 0x250A, 0x250A, 0x250A, 0x250A, 0x250A, 0x250A,
  0x250A, 0x250A, 0x250A, 0x24E9, 0x6B47, 0x9B27, 0x9307, 0x92E7, 0x92E6, 0x92E6, 0x8AC6, 0x8AA6,
  0x7A03, 0x832A, 0xC659, 0xDEFB, 0xF7BE, 0xD69A, 0x18C3, 0x1082, 0x10A2, 0x10A2, 0x10A2, 0x10A2,
  0x1082, 0x1082, 0x0000, 0xAD55, 0xFFFF, 0xE71C, 0xDF1B, 0xB554, 0x8AA5, 0x8AA6, 0x8286, 0x8265,
  0x7A45, 0x7224, 0x7204, 0x69E4, 0x5101, 0xA4B1, 0xEF5D, 0xE71B, 0xFFDF, 0xBDD7, 0x0020, 0x0861,
  0x0861, 0x0861, 0x0861, 0x0861, 0x0861, 0x0841, 0x0841, 0xCE58, 0xF7BE, 0xDEDB, 0xC659, 0x9C2E,
  0x7203, 0x7204, 0x7204, 0x7204, 0x7224, 0x7224, 0x7204, 0x61C3, 0x2C49, 0x250A, 0x24EA, 0x250A,
  0x250A, 0x250A, 0x250A, 0x250A, 0x250A, 0x250A, 0x250A, 0x250A, 0x250A, 0x250A, 0x250A, 0x250A,
  0x250A, 0x250A, 0x250A, 0x250A, 0x250A, 0x250A, 0x250A, 0x250A, 0x250A, 0x250A, 0x250A, 0x250A,
  0x250A, 0x24EA, 0x250A, 0x2C69, 0x82C6, 0x9B07, 0x92E6, 0x92C6, 0x8AC6, 0x8AC6, 0x8AA6, 0x82A6,
  0x7A24, 0x830A, 0xC659, 0xDEFB, 0xF79D, 0xDEFB, 0x2104, 0x1082, 0x18C3, 0x10A2, 0x10A2, 0x10A2,
  0x10A2, 0x1082, 0x0020, 0xBDF7, 0xFFDF, 0xE71C, 0xDEFC, 0xB533, 0x8A85, 0x82A6, 0x8285, 0x7A45,
  0x7A24, 0x7204, 0x69E4, 0x69E4, 0x5101, 0x9C2F, 0xEF7D, 0xE71B, 0xFFDE, 0xCE59, 0x0861, 0x0841,
  0x0861, 0x0861, 0x0861, 0x0861, 0x0861, 0x0841, 0x1082, 0xD69A, 0xF79E, 0xDEFB, 0xC659, 0x9C0D,
  0x7A03, 0x7204, 0x7204, 0x7204, 0x7204, 0x7204, 0x69E4, 0x69C3, 0x3B47, 0x250A, 0x24E9, 0x250A,
  0x250A, 0x250A, 0x250A, 0x250A, 0x250A, 0x250A, 0x250A, 0x250A, 0x250A, 0x250A, 0x250A, 0x250A,
  0x250A, 0x250A, 0x250A, 0x250A, 0x250A, 0x250A, 0x250A, 0x250A, 0x250A, 0x250A, 0x250A, 0x250A,
  0x250A, 0x24EA, 0x250A, 0x4408, 0x92E6, 0x92E6, 0x8AC6, 0x8AC6, 0x8AC6, 0x8AA6, 0x8AA6, 0x82A6,
  0x7A24, 0x7AC8, 0xC618, 0xDEFB, 0xEF5C, 0xF79D, 0x39C7, 0x0861, 0x18C3, 0x10A2, 0x10A2, 0x10A2,
  0x10A2, 0x0861, 0x18A2, 0xE71B, 0xF7BE, 0xE71C, 0xDEFC, 0xACB0, 0x8264, 0x8286, 0x7A65, 0x7A25,
  0x7204, 0x71E4, 0x69E4, 0x69E4, 0x5921, 0x8B6B, 0xEF5D, 0xE71B, 0xF79D, 0xE73C, 0x2124, 0x0020,
  0x1082, 0x0861, 0x0861, 0x0861, 0x1082, 0x0020, 0x2124, 0xEF3C, 0xEF5D, 0xDEFB, 0xC638, 0x9BCC,
  0x7A24, 0x7204, 0x7204, 0x7204, 0x7204, 0x7204, 0x69E4, 0x69A3, 0x3AA5, 0x250A, 0x24EA, 0x250A,
  0x250A, 0x250A, 0x250A, 0x250A, 0x250A, 0x250A, 0x250A, 0x250A, 0x250A, 0x250A, 0x250A, 0x250A,
  0x250A, 0x250A, 0x250A, 0x250A, 0x250A, 0x250A, 0x250A, 0x250A, 0x250A, 0x250A, 0x250A, 0x250A,
  0x250A, 0x250A, 0x250A, 0x4B87, 0x9B06, 0x8AC6, 0x8AC6, 0x8AA6, 0x8AA6, 0x8AA6, 0x8AA6, 0x8AA6,
  0x8265, 0x7245, 0xB595, 0xDEFB, 0xE71C, 0xFFFF, 0x6B4D, 0x0841, 0x18E3, 0x18C3, 0x18C3, 0x10A2,
  0x18C3, 0x0020, 0x4A49, 0xFFFF, 0xEF7D, 0xE73C, 0xDEDB, 0xA40D, 0x8264, 0x8285, 0x7A45, 0x7224,
  0x7204, 0x69E4, 0x69C4, 0x61C3, 0x5921, 0x7246, 0xE71B, 0xEF5C, 0xEF5C, 0xFFFF, 0x52AA, 0x0000,
  0x10A2, 0x1082, 0x1082, 0x1082, 0x10A2, 0x0000, 0x52AA, 0xFFFF, 0xE71B, 0xDEDB, 0xBDF7, 0x9B69,
  0x7A24, 0x7225, 0x7224, 0x7224, 0x7204, 0x69E4, 0x69C4, 0x6183, 0x4245, 0x250A, 0x250A, 0x250A,
  0x250A, 0x250A, 0x250A, 0x250A, 0x250A, 0x250A, 0x250A, 0x250A, 0x250A, 0x250A, 0x250A, 0x250A,
  0x250A, 0x250A, 0x250A, 0x250A, 0x250A, 0x250A, 0x250A, 0x250A, 0x250A, 0x250A, 0x250A, 0x250A,
  0x250A, 0x250A, 0x250A, 0x5326, 0x92E6, 0x8AA6, 0x8AA6, 0x8AA6, 0x8AA6, 0x8AA6, 0x8AA6, 0x8AA6,
  0x8AA6, 0x7203, 0xA4B1, 0xDEFB, 0xE6FB, 0xFFDE, 0xBDD7, 0x0861, 0x2104, 0x18E3, 0x18C3, 0x18C3,
  0x18E3, 0x0000, 0xA514, 0xFFFF, 0xEF5C, 0xEF5D, 0xD6BA, 0x9328, 0x8265, 0x7A45, 0x7225, 0x7204,
  0x69E4, 0x61A3, 0x5963, 0x5942, 0x5963, 0x6182, 0xCDF6, 0xF79E, 0xE73C, 0xFFFF, 0xAD75, 0x0000,
  0x18C3, 0x1082, 0x1082, 0x1082, 0x18C3, 0x0000, 0xAD75, 0xFFDF, 0xDEFB, 0xDEDB, 0xB574, 0x9307,
  0x7A45, 0x7225, 0x7224, 0x7224, 0x7204, 0x69E4, 0x61A3, 0x6183, 0x4204, 0x24EA, 0x250A, 0x24EA,
  0x250A, 0x250A, 0x250A, 0x250A, 0x250A, 0x250A, 0x250A, 0x250A, 0x250A, 0x250A, 0x250A, 0x250A,
  0x250A, 0x250A, 0x250A, 0x250A, 0x250A, 0x250A, 0x250A, 0x250A, 0x250A, 0x250A, 0x250A, 0x250A,
  0x250A, 0x250A, 0x250A, 0x4B26, 0x92C6, 0x82A6, 0x82A6, 0x82A6, 0x82A6, 0x82A6, 0x82A6, 0x8AA6,
  0x8AC6, 0x7A44, 0x8B4A, 0xD6DB, 0xE71B, 0xEF5C, 0xFFDF, 0x52AA, 0x0841, 0x2925, 0x2104, 0x2104,
  0x0000, 0x4208, 0xF7BE, 0xF79E, 0xEF7D, 0xEF9E, 0xC574, 0x8264, 0x8265, 0x7A25, 0x7204, 0x61A3,
  0x5983, 0x6183, 0x69E4, 0x7A45, 0x82A6, 0x71E3, 0x9BCD, 0xF7BF, 0xEF5C, 0xF79D, 0xFFDF, 0x4A69,
  0x0000, 0x18E3, 0x18C3, 0x18E3, 0x0000, 0x4A49, 0xFFDE, 0xEF5C, 0xE71B, 0xD6BA, 0xAC8F, 0x92C5,
  0x7A65, 0x7A25, 0x7224, 0x7224, 0x71E4, 0x69C3, 0x61A3, 0x6162, 0x4204, 0x250A, 0x250A, 0x250A,
  0x250A, 0x250A, 0x250A, 0x250A, 0x250A, 0x250A, 0x250A, 0x250A, 0x250A, 0x250A, 0x250A, 0x250A,
  0x250A, 0x250A, 0x250A, 0x250A, 0x250A, 0x250A, 0x250A, 0x250A, 0x250A, 0x250A, 0x250A, 0x250A,
  0x250A, 0x250A, 0x250A, 0x4B27, 0x8AA6, 0x8285, 0x8285, 0x8285, 0x8285, 0x8286, 0x8286, 0x8AA6,
  0x8AC6, 0x8AA6, 0x7A24, 0xBDB5, 0xEF7D, 0xEF3C, 0xF7BE, 0xE71C, 0x39C7, 0x0020, 0x0861, 0x0000,
  0x3186, 0xDEFB, 0xFFDF, 0xEF7D, 0xF79D, 0xE73C, 0x9B69, 0x7A44, 0x7204, 0x61A3, 0x61A3, 0x7204,
  0x8285, 0x8AE6, 0x8AE6, 0x8AA6, 0x8285, 0x7A44, 0x69E3, 0xD679, 0xF7BE, 0xEF5C, 0xFFDE, 0xE73C,
  0x39C7, 0x0000, 0x0861, 0x0000, 0x31A6, 0xDEFB, 0xF7BE, 0xE73C, 0xE73C, 0xC638, 0xA389, 0x92C6,
  0x7A65, 0x7A45, 0x7224, 0x7204, 0x69E4, 0x61A3, 0x6183, 0x5922, 0x3A24, 0x250A, 0x250A, 0x250A,
  0x250A, 0x250A, 0x250A, 0x250A, 0x250A, 0x250A, 0x250A, 0x250A, 0x250A, 0x250A, 0x250A, 0x250A,
  0x250A, 0x250A, 0x250A, 0x250A, 0x250A, 0x250A, 0x250A, 0x250A, 0x250A, 0x250A, 0x250A, 0x250A,
  0x250A, 0x250A, 0x250A, 0x4367, 0x8285, 0x7A65, 0x7A65, 0x7A65, 0x8265, 0x8265, 0x8285, 0x8285,
  0x8AA6, 0x8AE6, 0x8264, 0x8B29, 0xE73D, 0xEF7D, 0xEF5C, 0xFFDF, 0xEF5D, 0x8C51, 0x630C, 0x8C51,
  0xEF5D, 0xFFFF, 0xF79D, 0xF77D, 0xF7DF, 0xBCD0, 0x7A03, 0x69E4, 0x69E4, 0x8286, 0x9327, 0xA368,
  0x9B27, 0x8AC6, 0x8285, 0x8265, 0x7A65, 0x7A65, 0x69C3, 0x936A, 0xF7BF, 0xF77D, 0xEF7D, 0xFFDF,
  0xEF7D, 0x9492, 0x6B4D, 0x9491, 0xEF7D, 0xFFDF, 0xEF5D, 0xEF3C, 0xE73D, 0xB4B0, 0xA326, 0x8AC6,
  0x7A65, 0x7A45, 0x7224, 0x7204, 0x69C4, 0x61A3, 0x5963, 0x5922, 0x3285, 0x250A, 0x24E9, 0x250A,
  0x250A, 0x250A, 0x250A, 0x250A, 0x250A, 0x250A, 0x250A, 0x250A, 0x250A, 0x250A, 0x250A, 0x250A,
  0x250A, 0x250A, 0x250A, 0x250A, 0x250A, 0x250A, 0x250A, 0x250A, 0x250A, 0x250A, 0x250A, 0x250A,
  0x250A, 0x24EA, 0x250A, 0x3BE8, 0x7A45, 0x7A45, 0x7A45, 0x7A45, 0x7A45, 0x7A65, 0x7A65, 0x8265,
  0x8286, 0x8AC6, 0x9307, 0x7A24, 0xA42E, 0xEFBE, 0xEF7D, 0xEF3C, 0xF79E, 0xFFFF, 0xFFFF, 0xFFFF,
  0xFFBE, 0xF77D, 0xF79D, 0xFFFF, 0xCDD4, 0x8A85, 0x82A6, 0x9307, 0xA388, 0xABA9, 0xA388, 0x9327,
  0x8AC6, 0x8AA6, 0x8286, 0x8285, 0x7A65, 0x7A65, 0x7A65, 0x69C2, 0xB4B0, 0xFFFF, 0xF79E, 0xEF5D,
  0xF79E, 0xFFFF, 0xFFFF, 0xFFFF, 0xF79E, 0xEF5C, 0xEF5D, 0xEF7E, 0xBD74, 0xA347, 0x9B47, 0x8285,
  0x7A65, 0x7A45, 0x7204, 0x69E4, 0x61A3, 0x6163, 0x5942, 0x50E1, 0x2B67, 0x250A, 0x24E9, 0x250A,
  0x250A, 0x250A, 0x250A, 0x250A, 0x250A, 0x250A, 0x250A, 0x250A, 0x250A, 0x250A, 0x250A, 0x250A,
  0x250A, 0x250A, 0x250A, 0x250A, 0x250A, 0x250A, 0x250A, 0x250A, 0x250A, 0x250A, 0x250A, 0x250A,
  0x250A, 0x24EA, 0x250A, 0x2C69, 0x6A04, 0x7A45, 0x7225, 0x7225, 0x7A25, 0x7A45, 0x7A45, 0x7A65,
  0x8265, 0x8285, 0x8AC6, 0x9307, 0x8244, 0xA42E, 0xEF7D, 0xF7DF, 0xEF7D, 0xEF5D, 0xEF7D, 0xEF5D,
  0xF77D, 0xFFDF, 0xFFFF, 0xCD94, 0x92C5, 0x9B47, 0xA388, 0xA3A8, 0xA388, 0xA368, 0x9B27, 0x92E7,
  0x8AC6, 0x82A6, 0x8285, 0x8265, 0x7A65, 0x7A45, 0x7A45, 0x7A45, 0x71E3, 0xB48F, 0xF7BE, 0xF7FF,
  0xEF7D, 0xEF5C, 0xEF5D, 0xEF5D, 0xEF7D, 0xF7BE, 0xEF9E, 0xC594, 0x9B27, 0xA367, 0x8AC6, 0x8265,
  0x7A45, 0x7224, 0x7204, 0x69C3, 0x6183, 0x5942, 0x5922, 0x40C1, 0x2469, 0x250A, 0x24E9, 0x250A,
  0x250A, 0x250A, 0x250A, 0x250A, 0x250A, 0x250A, 0x250A, 0x250A, 0x250A, 0x250A, 0x250A, 0x250A,
  0x250A, 0x250A, 0x250A, 0x250A, 0x250A, 0x250A, 0x250A, 0x250A, 0x250A, 0x250A, 0x250A, 0x250A,
  0x250A, 0x24E9, 0x24EA, 0x24E9, 0x4AA5, 0x69C3, 0x61C4, 0x61C3, 0x69C3, 0x69C4, 0x69E4, 0x6A04,
  0x7204, 0x7224, 0x7A45, 0x8AA6, 0x9327, 0x8264, 0x9349, 0xCDD5, 0xEF5C, 0xF7DF, 0xFFFF, 0xFFDF,
  0xF7BE, 0xE6B9, 0xB44D, 0x8AA5, 0x9B48, 0xA3A9, 0xA3A8, 0xA3A9, 0xA388, 0x9B48, 0x9307, 0x8AC6,
  0x8AA6, 0x8286, 0x8285, 0x8265, 0x7A65, 0x7A45, 0x7A45, 0x7A65, 0x7A65, 0x71E3, 0x9B69, 0xD616,
  0xEF5D, 0xF7BE, 0xF7DF, 0xF7BE, 0xEF5D, 0xD658, 0xB46E, 0x9AE6, 0x9B47, 0x92E7, 0x8285, 0x8265,
  0x7A45, 0x7224, 0x69E4, 0x61A3, 0x5963, 0x5942, 0x50E1, 0x39E4, 0x24EA, 0x24EA, 0x24EA, 0x24EA,
  0x250A, 0x250A, 0x250A, 0x250A, 0x250A, 0x250A, 0x250A, 0x250A, 0x250A, 0x250A, 0x250A, 0x250A,
  0x250A, 0x250A, 0x250A, 0x250A, 0x250A, 0x250A, 0x250A, 0x250A, 0x250A, 0x250A, 0x250A, 0x24EA,
  0x24EA, 0x250A, 0x250A, 0x250A, 0x33C8, 0x7A25, 0x7A25, 0x7A45, 0x7A45, 0x7A65, 0x8265, 0x8286,
  0x8AA6, 0x8AC6, 0x8AE6, 0x9307, 0x9B48, 0x9B68, 0x8AA5, 0x8244, 0x9328, 0xAC0C, 0xB48F, 0xB44D,
  0xA38A, 0x92C6, 0x92E6, 0xABA9, 0xB3E9, 0xB3E9, 0xABE9, 0xABA9, 0x9B68, 0x9327, 0x8AE6, 0x8AC6,
  0x8AA6, 0x8286, 0x8285, 0x8265, 0x7A65, 0x7A65, 0x7A65, 0x7A65, 0x8265, 0x8286, 0x7A44, 0x8244,
  0x9B48, 0xAC2C, 0xB48E, 0xB44D, 0xA3A9, 0x9AE6, 0x92C5, 0x9B27, 0x92E6, 0x8AA6, 0x8285, 0x7A65,
  0x7225, 0x71E4, 0x69C3, 0x6183, 0x5942, 0x5122, 0x4880, 0x2326, 0x250A, 0x250A, 0x250A, 0x250A,
  0x24EA, 0x24EA, 0x250A, 0x250A, 0x250A, 0x250A, 0x250A, 0x250A, 0x250A, 0x250A, 0x250A, 0x250A,
  0x250A, 0x250A, 0x250A, 0x250A, 0x250A, 0x250A, 0x250A, 0x250A, 0x250A, 0x250A, 0x24EA, 0x250A,
  0x250A, 0x24A9, 0x3BE8, 0x6B47, 0x8B27, 0xA347, 0xA347, 0xA368, 0xA368, 0xA368, 0xA388, 0xA388,
  0xA388, 0xA388, 0xAB88, 0xAB88, 0xA388, 0xA368, 0xA368, 0x9B27, 0x92E6, 0x92C5, 0x92C5, 0x92E5,
  0x9B27, 0xABA9, 0xB40A, 0xB40A, 0xB40A, 0xABE9, 0xA3A9, 0x9B48, 0x9307, 0x92E6, 0x8AC6, 0x8AA6,
  0x82A6, 0x8285, 0x8265, 0x8265, 0x7A65, 0x8265, 0x8265, 0x8265, 0x8285, 0x8285, 0x82A6, 0x8AA6,
  0x8A85, 0x8A84, 0x8A84, 0x8AA5, 0x92C5, 0x92E6, 0x92E7, 0x8AC6, 0x8AA6, 0x8286, 0x8265, 0x7A45,
  0x7204, 0x69E4, 0x61A3, 0x6163, 0x5942, 0x48C1, 0x50E1, 0x7AC6, 0x6B47, 0x4B67, 0x3408, 0x24C9,
  0x250A, 0x250A, 0x24E9, 0x250A, 0x250A, 0x250A, 0x250A, 0x250A, 0x250A, 0x250A, 0x250A, 0x250A,
  0x250A, 0x250A, 0x250A, 0x250A, 0x250A, 0x250A, 0x250A, 0x250A, 0x24EA, 0x24E9, 0x250A, 0x24A9,
  0x4BC8, 0x7B27, 0xA327, 0xA347, 0xA347, 0x9B47, 0xA347, 0xA348, 0xA368, 0xA388, 0xA388, 0xA388,
  0xA388, 0xA388, 0xABA8, 0xABA9, 0xABC9, 0xABC9, 0xABC9, 0xB3E9, 0xB40A, 0xB42A, 0xB42A, 0xBC2A,
  0xBC4A, 0xBC2A, 0xB40A, 0xB3E9, 0xABC9, 0xA368, 0x9B27, 0x9307, 0x8AC6, 0x8AC6, 0x82A6, 0x8286,
  0x8285, 0x8265, 0x8265, 0x8265, 0x7A65, 0x8265, 0x8265, 0x8285, 0x8285, 0x8285, 0x8286, 0x82A6,
  0x8AA6, 0x8AC6, 0x8AC6, 0x8AC6, 0x8AC6, 0x8AA6, 0x8AA6, 0x8AA6, 0x8286, 0x8285, 0x7A45, 0x7224,
  0x7204, 0x69C3, 0x6183, 0x5962, 0x5102, 0x5942, 0x8285, 0x9B27, 0x9B07, 0x9B07, 0x92E6, 0x72E6,
  0x3BC8, 0x24E9, 0x250A, 0x24E9, 0x250A, 0x250A, 0x250A, 0x250A, 0x250A, 0x250A, 0x250A, 0x250A,
  0x250A, 0x250A, 0x250A, 0x250A, 0x250A, 0x250A, 0x250A, 0x24EA, 0x250A, 0x250A, 0x3428, 0x7B47,
  0xA347, 0xA367, 0x9B27, 0x9B47, 0x9B47, 0xA347, 0xA348, 0xA368, 0xA388, 0xABA8, 0xABA8, 0xABA8,
  0xABA8, 0xABA9, 0xABA9, 0xABA9, 0xABA9, 0xA3A8, 0xA388, 0xA388, 0xA3A9, 0xA388, 0xA3A8, 0xABA9,
  0xABC9, 0xABC9, 0xABA9, 0xA388, 0x9B68, 0x9B47, 0x9307, 0x92E6, 0x8AC6, 0x8AC6, 0x8AA6, 0x8286,
  0x8286, 0x8285, 0x8265, 0x8265, 0x8285, 0x8285, 0x8285, 0x8286, 0x8285, 0x8285, 0x8285, 0x8285,
  0x8285, 0x8285, 0x8285, 0x82A6, 0x8285, 0x8285, 0x8285, 0x8285, 0x8265, 0x7A45, 0x7224, 0x7204,
  0x69E4, 0x61A3, 0x6163, 0x5942, 0x69C3, 0x8AA6, 0x92E7, 0x92E7, 0x92E6, 0x92E6, 0x92E6, 0x9AE6,
  0x92C6, 0x5B06, 0x2489, 0x250A, 0x24EA, 0x250A, 0x250A, 0x250A, 0x250A, 0x250A, 0x250A, 0x250A,
  0x250A, 0x250A, 0x250A, 0x250A, 0x250A, 0x250A, 0x250A, 0x250A, 0x250A, 0x43C8, 0x9B07, 0xAB67,
  0x9B47, 0x9B27, 0xA347, 0xA347, 0xA347, 0xA348, 0xA368, 0xA388, 0xAB88, 0xABA9, 0xABA9, 0xABA9,
  0xABA9, 0xABA9, 0xABA9, 0xA3A9, 0xA388, 0xA368, 0x9307, 0x82A6, 0x69A3, 0x6162, 0x69C4, 0x71E3,
  0x71E4, 0x71E4, 0x71E3, 0x71E3, 0x71E3, 0x71E3, 0x71E3, 0x71E3, 0x71E3, 0x71E3, 0x71C3, 0x69C3,
  0x69C3, 0x69A3, 0x69A3, 0x69A2, 0x6982, 0x6182, 0x6182, 0x6162, 0x6162, 0x6162, 0x6183, 0x6183,
  0x5922, 0x5922, 0x5902, 0x5942, 0x7224, 0x7A45, 0x7A45, 0x7A45, 0x7A45, 0x7224, 0x7204, 0x71E4,
  0x69C3, 0x6183, 0x6183, 0x7204, 0x8AC6, 0x92E6, 0x92E6, 0x92E6, 0x92E6, 0x92E6, 0x92C6, 0x8AC6,
  0x8AA6, 0x92C6, 0x6AA5, 0x2468, 0x250A, 0x24EA, 0x250A, 0x250A, 0x250A, 0x250A, 0x250A, 0x250A,
  0x250A, 0x250A, 0x250A, 0x250A, 0x250A, 0x250A, 0x250A, 0x250A, 0x43C7, 0x9B27, 0xA347, 0x9B27,
  0xA347, 0xA347, 0xA347, 0xA347, 0xA347, 0xA348, 0xA368, 0xA388, 0xA388, 0xAB88, 0xABA8, 0xABA8,
  0xA388, 0xA388, 0xA368, 0xA368, 0x9B48, 0x9307, 0x8AC6, 0x69A3, 0x830C, 0xCE18, 0xC5D7, 0xACF3,
  0xA492, 0x9430, 0x8BEF, 0x838D, 0x834C, 0x7B0B, 0x7AEB, 0x7AEB, 0x7ACA, 0x72CA, 0x72CA, 0x72CA,
  0x72AA, 0x72AA, 0x72CA, 0x72CA, 0x72CB, 0x72EB, 0x72EB, 0x7B2C, 0x836D, 0x8BAE, 0x8C10, 0x9451,
  0xA4B2, 0xBDB7, 0xCE39, 0xACD2, 0x7204, 0x7224, 0x7A24, 0x7224, 0x7224, 0x7204, 0x7204, 0x71E4,
  0x69C3, 0x69C4, 0x8265, 0x92E6, 0x92E6, 0x92E6, 0x92E6, 0x92C6, 0x92C6, 0x8AC6, 0x8AC6, 0x8AA6,
  0x8AA6, 0x82A6, 0x8A85, 0x6285, 0x24A9, 0x250A, 0x250A, 0x250A, 0x250A, 0x250A, 0x250A, 0x250A,
  0x250A, 0x250A, 0x250A, 0x250A, 0x250A, 0x2509, 0x250A, 0x2C49, 0x9306, 0xA347, 0x9B27, 0x9B47,
  0x9B47, 0x9B47, 0x9B47, 0x9B47, 0x9B47, 0x9B47, 0xA348, 0xA368, 0xA368, 0xA368, 0xA388, 0xA368,
  0xA368, 0x9B48, 0x9B27, 0x9327, 0x9307, 0x8AC6, 0x8AA6, 0x69C3, 0xDE79, 0xFFFF, 0xF79E, 0xEF7D,
  0xE73C, 0xDEFB, 0xD6BA, 0xCE59, 0xC618, 0xBE18, 0xBE18, 0xBE18, 0xBE18, 0xBDF8, 0xBDF7, 0xBDF7,
  0xBDF7, 0xBDF7, 0xBDF7, 0xBDF7, 0xBDF7, 0xBDF7, 0xBE18, 0xC638, 0xC638, 0xCE79, 0xD6BA, 0xE71C,
  0xF79E, 0xFFDF, 0xFFFF, 0xFFFF, 0xA3CB, 0x71C3, 0x7A25, 0x7224, 0x7204, 0x7224, 0x7204, 0x71E4,
  0x7A24, 0x8AA6, 0x92E6, 0x92E6, 0x92E6, 0x92E6, 0x92E6, 0x8AC6, 0x8AC6, 0x8AA6, 0x8AA6, 0x8286,
  0x8286, 0x8285, 0x8285, 0x8265, 0x4AE6, 0x24EA, 0x2509, 0x250A, 0x250A, 0x250A, 0x250A, 0x250A,
  0x250A, 0x250A, 0x250A, 0x250A, 0x250A, 0x250A, 0x24E9, 0x6B47, 0xA347, 0x9B27, 0x9B27, 0x9B27,
  0x9B27, 0x9B27, 0x9B27, 0x9B27, 0x9B27, 0x9B27, 0x9B47, 0x9B47, 0x9B47, 0x9B47, 0x9B47, 0x9B27,
  0x9B27, 0x9307, 0x9307, 0x92E6, 0x8AC6, 0x8AA6, 0x8AC6, 0x7A44, 0xA3EC, 0xFFFF, 0xF79E, 0xF79E,
  0xF79E, 0xEF7D, 0xE73C, 0xE71C, 0xDEDB, 0xDEBA, 0xD6BA, 0xD69A, 0xD69A, 0xD69A, 0xCE79, 0xCE79,
  0xCE79, 0xCE79, 0xCE79, 0xD679, 0xD69A, 0xD69A, 0xDEBA, 0xDEFB, 0xE71C, 0xEF5D, 0xF79E, 0xF7BE,
  0xF7BE, 0xF77D, 0xFFFF, 0xE6B9, 0x92C6, 0x7204, 0x7224, 0x7224, 0x7224, 0x7224, 0x7A24, 0x8285,
  0x8AC6, 0x92E6, 0x92E6, 0x92E6, 0x92E6, 0x92C6, 0x8AC6, 0x8AA6, 0x8AA6, 0x8AA6, 0x8286, 0x8285,
  0x8285, 0x8265, 0x7A65, 0x7A45, 0x7204, 0x2C28, 0x250A, 0x24EA, 0x250A, 0x250A, 0x250A, 0x250A,
  0x250A, 0x250A, 0x250A, 0x250A, 0x24EA, 0x250A, 0x2C69, 0x8AC6, 0x9B27, 0x9B07, 0x9B07, 0x9B07,
  0x9B07, 0x9B07, 0x9B07, 0x9B07, 0x9B07, 0x9B07, 0x9B07, 0x9B07, 0x9B07, 0x9307, 0x9307, 0x9307,
  0x92E6, 0x92E6, 0x8AC6, 0x8AC6, 0x8AC6, 0x8AA6, 0x8AA6, 0x8AA6, 0x7A23, 0xBD11, 0xFFFF, 0xF7BE,
  0xF79E, 0xF7BE, 0xF7BE, 0xF79E, 0xF79E, 0xEF7D, 0xEF5D, 0xEF5D, 0xE73C, 0xE73C, 0xE71C, 0xE71C,
  0xE71C, 0xE71C, 0xE73C, 0xE73C, 0xEF5D, 0xEF7D, 0xEF7D, 0xF79E, 0xF79E, 0xF7BE, 0xF7BE, 0xF79E,
  0xF79E, 0xFFFF, 0xEF1A, 0xA348, 0x7A24, 0x7A25, 0x7A24, 0x7A24, 0x7A24, 0x7A45, 0x8AA5, 0x92E6,
  0x92E6, 0x92E6, 0x92E6, 0x92E6, 0x8AC6, 0x8AC6, 0x8AA6, 0x8AA6, 0x8286, 0x8285, 0x8285, 0x8265,
  0x7A65, 0x7A45, 0x7A45, 0x7A45, 0x7A24, 0x4AC6, 0x250A, 0x24EA, 0x250A, 0x250A, 0x250A, 0x250A,
  0x250A, 0x250A, 0x250A, 0x250A, 0x250A, 0x250A, 0x4BA7, 0x9B07, 0x9307, 0x9307, 0x9307, 0x92E7,
  0x92E7, 0x92E7, 0x92E7, 0x92E6, 0x92E6, 0x92E6, 0x92E7, 0x92E6, 0x92E6, 0x92E6, 0x8AE6, 0x8AC6,
  0x8AC6, 0x8AC6, 0x8AA6, 0x8AA6, 0x8AA6, 0x82A6, 0x82A6, 0x8AA6, 0x8AA6, 0x8244, 0xBCD0, 0xFFDF,
  0xFFFF, 0xF79E, 0xF79E, 0xF7BE, 0xF7BE, 0xF7BE, 0xF7BE, 0xF79E, 0xF79E, 0xF79E, 0xF79E, 0xF79E,
  0xF79E, 0xF79E, 0xF79E, 0xF79E, 0xF79E, 0xF7BE, 0xF7BE, 0xF7BE, 0xF7BE, 0xF7BE, 0xF79E, 0xF7BE,
  0xFFFF, 0xE698, 0x9B27, 0x7A24, 0x7A45, 0x7A24, 0x7A24, 0x7A24, 0x8285, 0x92E6, 0x9306, 0x92E6,
  0x92E6, 0x92E6, 0x92E6, 0x92C6, 0x8AA6, 0x8AA6, 0x82A6, 0x8285, 0x8285, 0x8265, 0x8265, 0x7A65,
  0x7A45, 0x7A45, 0x7A25, 0x7224, 0x7204, 0x6204, 0x2489, 0x250A, 0x24EA, 0x250A, 0x250A, 0x250A,
  0x250A, 0x250A, 0x250A, 0x250A, 0x250A, 0x250A, 0x6327, 0x9B06, 0x92E6, 0x92E6, 0x92E6, 0x92E6,
  0x92E6, 0x92E6, 0x92E6, 0x92E6, 0x92C6, 0x8AC6, 0x8AC6, 0x8AC6, 0x8AC6, 0x8AC6, 0x8AC6, 0x8AA6,
  0x8AA6, 0x8AA6, 0x8AA6, 0x82A6, 0x82A6, 0x8286, 0x8286, 0x8286, 0x82A6, 0x8AC6, 0x8243, 0xA3CB,
  0xEEFA, 0xFFFF, 0xF7BE, 0xF79E, 0xF7BE, 0xF7BE, 0xF7BE, 0xF7BE, 0xF7BE, 0xF7BE, 0xF7BE, 0xF7BE,
  0xF7BE, 0xF7BE, 0xF7BE, 0xF7BE, 0xF7BE, 0xF7BE, 0xF7BE, 0xF7BE, 0xF79E, 0xF79E, 0xFFFF, 0xFFDE,
  0xCD72, 0x8AA5, 0x7A24, 0x7A45, 0x7A44, 0x7A44, 0x8265, 0x8AC6, 0x9306, 0x9306, 0x9306, 0x9306,
  0x92E6, 0x92C6, 0x8AC6, 0x8AC6, 0x8AA6, 0x8286, 0x8285, 0x8265, 0x7A65, 0x7A65, 0x7A65, 0x7A45,
  0x7A45, 0x7A25, 0x7224, 0x7204, 0x7204, 0x61A3, 0x2BE8, 0x250A, 0x24E9, 0x250A, 0x250A, 0x250A,
  0x250A, 0x250A, 0x250A, 0x24EA, 0x250A, 0x24C9, 0x6AE6, 0x92E6, 0x92E6, 0x92C6, 0x92C6, 0x92C6,
  0x92C6, 0x8AC6, 0x8AC6, 0x8AC6, 0x8AC6, 0x8AC6, 0x8AA6, 0x8AA6, 0x8AA6, 0x8AA6, 0x8AA6, 0x8AA6,
  0x82A6, 0x8286, 0x8286, 0x8286, 0x8285, 0x8285, 0x8285, 0x8285, 0x8285, 0x8286, 0x8AA6, 0x8264,
  0x8AC6, 0xC552, 0xF7BE, 0xFFFF, 0xF7DF, 0xF79E, 0xF79E, 0xF7BE, 0xF7BE, 0xF7BE, 0xF7BE, 0xF7BE,
  0xF7BE, 0xF7BE, 0xF7BE, 0xF7BE, 0xF7BE, 0xF79E, 0xF79E, 0xF79E, 0xFFFF, 0xFFFF, 0xEED9, 0xABEB,
  0x8223, 0x7A45, 0x8265, 0x7A45, 0x8265, 0x8AA5, 0x92E6, 0x9B07, 0x9307, 0x9306, 0x9306, 0x92E6,
  0x92E6, 0x8AC6, 0x8AA6, 0x82A6, 0x8285, 0x8285, 0x8265, 0x7A65, 0x7A45, 0x7A45, 0x7A45, 0x7A25,
  0x7224, 0x7224, 0x7204, 0x69E4, 0x69E4, 0x61A3, 0x3B47, 0x250A, 0x24E9, 0x250A, 0x250A, 0x250A,
  0x250A, 0x250A, 0x250A, 0x24EA, 0x250A, 0x24A9, 0x72C6, 0x92E6, 0x8AC6, 0x8AC6, 0x8AC6, 0x8AC6,
  0x8AC6, 0x8AC6, 0x8AA6, 0x8AA6, 0x8AA6, 0x8AA6, 0x8AA6, 0x8AA6, 0x82A6, 0x8286, 0x8286, 0x8286,
  0x8286, 0x8285, 0x8285, 0x8285, 0x8265, 0x8265, 0x8265, 0x8265, 0x8265, 0x8265, 0x8265, 0x82A6,
  0x8285, 0x8243, 0x9B69, 0xD5D5, 0xF79D, 0xFFFF, 0xFFFF, 0xF7DF, 0xF7BE, 0xF79E, 0xF79E, 0xF79E,
  0xF79E, 0xF79E, 0xF79E, 0xF79E, 0xF7BE, 0xFFDF, 0xFFFF, 0xFFFF, 0xEF1A, 0xC4CF, 0x8AA5, 0x7A23,
  0x8265, 0x8265, 0x8265, 0x8285, 0x92E6, 0x9B06, 0x9B06, 0x9306, 0x9306, 0x92E6, 0x92E6, 0x92C6,
  0x8AC6, 0x8AA6, 0x82A5, 0x8285, 0x8265, 0x7A65, 0x7A65, 0x7A45, 0x7A45, 0x7A25, 0x7225, 0x7224,
  0x7204, 0x71E4, 0x69E4, 0x69C4, 0x69C4, 0x69A3, 0x3AE5, 0x250A, 0x24E9, 0x250A, 0x250A, 0x250A,
  0x250A, 0x250A, 0x250A, 0x24EA, 0x250A, 0x24A9, 0x72C6, 0x92C6, 0x8AC6, 0x8AA6, 0x8AA6, 0x8AA6,
  0x8AA6, 0x8AA6, 0x8AA6, 0x8AA6, 0x82A6, 0x8286, 0x8286, 0x8286, 0x8285, 0x8285, 0x8285, 0x8265,
  0x8265, 0x8265, 0x8265, 0x8265, 0x8265, 0x8265, 0x8265, 0x8265, 0x8265, 0x8265, 0x8265, 0x8265,
  0x8285, 0x8286, 0x8264, 0x8244, 0x9B48, 0xC4F0, 0xE698, 0xF79D, 0xFFFF, 0xFFFF, 0xFFFF, 0xFFFF,
  0xFFFF, 0xFFFF, 0xFFFF, 0xFFFF, 0xFFDF, 0xF75C, 0xDE36, 0xBC8E, 0x92C6, 0x7A23, 0x8265, 0x8285,
  0x8265, 0x8A85, 0x92C6, 0x9306, 0x9306, 0x9306, 0x9306, 0x9306, 0x92E6, 0x92E6, 0x8AC6, 0x8AA6,
  0x8AA6, 0x82A5, 0x8285, 0x8265, 0x7A65, 0x7A45, 0x7A45, 0x7A25, 0x7224, 0x7224, 0x7204, 0x7204,
  0x71E4, 0x69E4, 0x69C4, 0x69A3, 0x61A3, 0x6163, 0x3AC5, 0x250A, 0x24E9, 0x250A, 0x250A, 0x250A,
  0x250A, 0x250A, 0x250A, 0x24EA, 0x250A, 0x24C9, 0x62C6, 0x8AC6, 0x8AA6, 0x8AA6, 0x8AA6, 0x8AA6,
  0x82A6, 0x82A6, 0x8286, 0x8286, 0x8285, 0x8285, 0x8285, 0x8265, 0x8265, 0x8265, 0x8265, 0x7A65,
  0x7A65, 0x7A65, 0x7A65, 0x7A65, 0x7A65, 0x7A65, 0x7A65, 0x7A65, 0x7A65, 0x7A65, 0x7A65, 0x7A65,
  0x7A65, 0x7A65, 0x8265, 0x8285, 0x8244, 0x8243, 0x8A85, 0x9B48, 0xAC0C, 0xBCF0, 0xCD72, 0xCD93,
  0xCDB4, 0xCD93, 0xCD72, 0xBCCF, 0xAC0B, 0x9B27, 0x8264, 0x7A23, 0x8264, 0x8265, 0x8265, 0x8A85,
  0x92C6, 0x9306, 0x9306, 0x9306, 0x9306, 0x92E6, 0x92E6, 0x92E6, 0x92C6, 0x8AC6, 0x8AA6, 0x8AA5,
  0x8285, 0x8285, 0x8265, 0x7A65, 0x7A45, 0x7A24, 0x7224, 0x7224, 0x7204, 0x7204, 0x71E4, 0x69E4,
  0x69C4, 0x69C3, 0x61A3, 0x61A3, 0x6183, 0x5942, 0x3306, 0x250A, 0x24E9, 0x250A, 0x250A, 0x250A,
  0x250A, 0x250A, 0x250A, 0x250A, 0x250A, 0x250A, 0x5306, 0x8AA6, 0x82A6, 0x82A6, 0x8286, 0x8286,
  0x8286, 0x8285, 0x8285, 0x8265, 0x8265, 0x8265, 0x8265, 0x7A65, 0x7A65, 0x7A65, 0x7A45, 0x7A45,
  0x7A45, 0x7A45, 0x7A45, 0x7A45, 0x7A45, 0x7A45, 0x7A45, 0x7A45, 0x7A45, 0x7A45, 0x7A45, 0x7A45,
  0x7A45, 0x7A45, 0x7A45, 0x7A45, 0x7A65, 0x8265, 0x8265, 0x8244, 0x8244, 0x8244, 0x8244, 0x8264,
  0x8264, 0x8244, 0x8243, 0x8243, 0x8244, 0x8264, 0x8265, 0x8285, 0x8285, 0x8AA5, 0x92C6, 0x9306,
  0x9306, 0x92E6, 0x92E6, 0x92E6, 0x92E6, 0x92E6, 0x92C6, 0x8AC6, 0x8AA6, 0x8AA6, 0x82A5, 0x8285,
  0x8265, 0x7A65, 0x7A45, 0x7A45, 0x7224, 0x7224, 0x7204, 0x7204, 0x69E4, 0x69E4, 0x69C4, 0x69C3,
  0x69A3, 0x61A3, 0x6183, 0x5963, 0x5942, 0x50E1, 0x2BC8, 0x250A, 0x24E9, 0x250A, 0x250A, 0x250A,
  0x250A, 0x250A, 0x250A, 0x250A, 0x250A, 0x250A, 0x4367, 0x8A85, 0x8285, 0x8285, 0x8285, 0x8265,
  0x8265, 0x8265, 0x8265, 0x8265, 0x7A65, 0x7A65, 0x7A45, 0x7A45, 0x7A45, 0x7A45, 0x7A45, 0x7A45,
  0x7A45, 0x7A25, 0x7A25, 0x7A25, 0x7A25, 0x7A25, 0x7A24, 0x7A24, 0x7224, 0x7224, 0x7A25, 0x7A24,
  0x7A24, 0x7A25, 0x7A45, 0x7A45, 0x7A45, 0x7A45, 0x7A65, 0x8265, 0x8285, 0x8285, 0x8285, 0x8285,
  0x8285, 0x8285, 0x8285, 0x8285, 0x8285, 0x8285, 0x8285, 0x8AA5, 0x92E6, 0x92E6, 0x92E6, 0x92E6,
  0x9306, 0x92E6, 0x92E6, 0x92E6, 0x92E6, 0x8AC6, 0x8AC6, 0x8AA5, 0x82A5, 0x8285, 0x8285, 0x8265,
  0x7A65, 0x7A45, 0x7A25, 0x7224, 0x7204, 0x7204, 0x69E4, 0x69E4, 0x69C4, 0x69C3, 0x69A3, 0x61A3,
  0x6183, 0x6163, 0x5962, 0x5942, 0x5101, 0x4122, 0x24A9, 0x250A, 0x24EA, 0x250A, 0x250A, 0x250A,
  0x250A, 0x250A, 0x250A, 0x250A, 0x24E9, 0x250A, 0x2C49, 0x7224, 0x8285, 0x8265, 0x8265, 0x8265,
  0x7A65, 0x7A65, 0x7A65, 0x7A45, 0x7A45, 0x7A45, 0x7A45, 0x7A25, 0x7A25, 0x7A24, 0x7224, 0x7224,
  0x7224, 0x7224, 0x7224, 0x7224, 0x7224, 0x7204, 0x7204, 0x7204, 0x7204, 0x7204, 0x7204, 0x7224,
  0x7224, 0x7A24, 0x7A24, 0x7A44, 0x7A45, 0x7A45, 0x7A65, 0x8265, 0x8265, 0x8265, 0x8265, 0x8265,
  0x8265, 0x8265, 0x8265, 0x8285, 0x8A85, 0x8AC6, 0x92E6, 0x92E6, 0x92E6, 0x92E6, 0x92E6, 0x9306,
  0x92E6, 0x92E6, 0x8AC6, 0x8AC6, 0x8AA6, 0x8AA5, 0x8AA5, 0x8285, 0x8285, 0x8265, 0x7A45, 0x7A45,
  0x7A24, 0x7224, 0x7204, 0x7204, 0x69E4, 0x69E4, 0x69C4, 0x69C3, 0x61A3, 0x61A3, 0x6183, 0x6183,
  0x5963, 0x5942, 0x5122, 0x5102, 0x4880, 0x2AC6, 0x250A, 0x24E9, 0x250A, 0x250A, 0x250A, 0x250A,
  0x250A, 0x250A, 0x250A, 0x250A, 0x24EA, 0x24EA, 0x24E9, 0x52C6, 0x8265, 0x7A65, 0x7A65, 0x7A45,
  0x7A45, 0x7A45, 0x7A45, 0x7A45, 0x7A25, 0x7A25, 0x7225, 0x7224, 0x7224, 0x7224, 0x7204, 0x7204,
  0x7204, 0x7204, 0x7204, 0x7204, 0x7204, 0x71E4, 0x71E4, 0x7204, 0x7204, 0x7204, 0x7204, 0x7224,
  0x7224, 0x7A24, 0x7A24, 0x7A44, 0x7A44, 0x7A45, 0x7A45, 0x8265, 0x8265, 0x8265, 0x8264, 0x8265,
  0x8265, 0x8285, 0x8AA5, 0x8AC6, 0x92C6, 0x92C6, 0x92C6, 0x92C6, 0x92E6, 0x92E6, 0x92E6, 0x92E6,
  0x8AC6, 0x8AA6, 0x8AA5, 0x8AA5, 0x8285, 0x8285, 0x8285, 0x8265, 0x7A45, 0x7A45, 0x7A25, 0x7224,
  0x7204, 0x71E4, 0x69E4, 0x69C3, 0x69C3, 0x69A3, 0x61A3, 0x61A3, 0x6183, 0x6183, 0x5963, 0x5942,
  0x5922, 0x5102, 0x50E1, 0x4860, 0x3143, 0x24C9, 0x24E9, 0x24EA, 0x250A, 0x250A, 0x250A, 0x250A,
  0x250A, 0x250A, 0x250A, 0x250A, 0x250A, 0x2509, 0x250A, 0x2C28, 0x69E4, 0x7A45, 0x7A25, 0x7A25,
  0x7A25, 0x7225, 0x7A24, 0x7224, 0x7224, 0x7204, 0x7224, 0x7204, 0x7204, 0x7204, 0x7204, 0x69E4,
  0x69E4, 0x69E4, 0x69E4, 0x69E4, 0x69E4, 0x69E4, 0x69E4, 0x71E4, 0x71E4, 0x7204, 0x7204, 0x7204,
  0x7224, 0x7A24, 0x7A24, 0x7A24, 0x7A44, 0x7A44, 0x7A44, 0x7A45, 0x7A45, 0x8265, 0x8285, 0x8A85,
  0x8AA5, 0x8AA6, 0x8AA6, 0x8AC6, 0x8AC6, 0x92C6, 0x92C6, 0x92C6, 0x8AC6, 0x8AC6, 0x8AA5, 0x8A85,
  0x8A85, 0x8285, 0x8285, 0x8265, 0x8265, 0x7A45, 0x7A45, 0x7A24, 0x7224, 0x7204, 0x7204, 0x69E4,
  0x69E4, 0x69C3, 0x61A3, 0x61A3, 0x6183, 0x6183, 0x6183, 0x5963, 0x5942, 0x5942, 0x5922, 0x5102,
  0x50E1, 0x48A1, 0x4020, 0x3122, 0x2489, 0x250A, 0x24E9, 0x250A, 0x250A, 0x250A, 0x250A, 0x250A,
  0x250A, 0x250A, 0x250A, 0x250A, 0x250A, 0x250A, 0x250A, 0x250A, 0x3B26, 0x71E4, 0x7225, 0x7224,
  0x7204, 0x7204, 0x7204, 0x7204, 0x7204, 0x7204, 0x71E4, 0x69E4, 0x69E4, 0x69E4, 0x69C4, 0x69C3,
  0x69C3, 0x69C3, 0x69C3, 0x69C3, 0x69C3, 0x69E3, 0x69E4, 0x69E4, 0x71E3, 0x71E4, 0x7204, 0x7204,
  0x7204, 0x7204, 0x7A24, 0x7A24, 0x7A24, 0x7A44, 0x8265, 0x8265, 0x8285, 0x8AA5, 0x8AA5, 0x8AA5,
  0x8AA5, 0x8AA5, 0x8AA5, 0x8AA5, 0x8AA5, 0x8A85, 0x8A85, 0x8285, 0x8265, 0x8265, 0x8265, 0x8245,
  0x7A44, 0x7A44, 0x7A24, 0x7A24, 0x7204, 0x7204, 0x7204, 0x71E4, 0x69E4, 0x69C4, 0x69C3, 0x61A3,
  0x61A3, 0x6183, 0x6183, 0x5963, 0x5962, 0x5942, 0x5942, 0x5922, 0x5102, 0x5101, 0x50C1, 0x48A0,
  0x4820, 0x4020, 0x2983, 0x2489, 0x250A, 0x24E9, 0x250A, 0x250A, 0x250A, 0x250A, 0x250A, 0x250A,
  0x250A, 0x250A, 0x250A, 0x250A, 0x250A, 0x250A, 0x24EA, 0x2509, 0x24EA, 0x42C5, 0x69C3, 0x71E4,
  0x69E4, 0x69E4, 0x69E4, 0x69E4, 0x69E4, 0x69C4, 0x69C3, 0x69C3, 0x69C3, 0x69A3, 0x61A3, 0x61A3,
  0x61A3, 0x61C3, 0x61C3, 0x69C3, 0x69C3, 0x69C3, 0x69E4, 0x69E3, 0x69E3, 0x71E4, 0x71E4, 0x71E4,
  0x71E4, 0x7204, 0x7A04, 0x7A24, 0x8244, 0x8285, 0x8285, 0x8A85, 0x8285, 0x8A85, 0x8285, 0x8285,
  0x8285, 0x8265, 0x8265, 0x8245, 0x7A44, 0x7A24, 0x7A24, 0x7A24, 0x7A04, 0x7A04, 0x7204, 0x71E4,
  0x71E3, 0x71C3, 0x69C3, 0x69C3, 0x69A3, 0x69A3, 0x69A3, 0x61A3, 0x6183, 0x6183, 0x6163, 0x5963,
  0x5942, 0x5942, 0x5922, 0x5122, 0x5102, 0x5101, 0x50E1, 0x48C1, 0x48A1, 0x4840, 0x4020, 0x4000,
  0x30A1, 0x22E6, 0x24EA, 0x250A, 0x24E9, 0x250A, 0x250A, 0x250A, 0x250A, 0x250A, 0x250A, 0x250A,
  0x250A, 0x250A, 0x250A, 0x250A, 0x250A, 0x250A, 0x250A, 0x24EA, 0x250A, 0x24EA, 0x3AE6, 0x5983,
  0x69A3, 0x69A3, 0x69A3, 0x61C3, 0x61A3, 0x61A3, 0x61A3, 0x61A3, 0x61A3, 0x6183, 0x6183, 0x6163,
  0x6162, 0x6183, 0x6182, 0x6982, 0x6983, 0x69A3, 0x6983, 0x6983, 0x6183, 0x6183, 0x6183, 0x6183,
  0x6183, 0x6183, 0x61A3, 0x61E3, 0x69E3, 0x7A04, 0x8224, 0x7A24, 0x7A24, 0x7A24, 0x7A24, 0x7A04,
  0x7A04, 0x7203, 0x71E4, 0x71E3, 0x71C3, 0x71C3, 0x71C3, 0x69C3, 0x69A3, 0x69A3, 0x6983, 0x6183,
  0x6163, 0x6163, 0x6162, 0x6162, 0x5942, 0x5942, 0x5942, 0x5942, 0x5922, 0x5122, 0x5102, 0x5101,
  0x50E1, 0x48C1, 0x48C1, 0x4880, 0x4860, 0x4840, 0x4020, 0x4000, 0x4000, 0x3820, 0x28E2, 0x2AC6,
  0x2489, 0x250A, 0x250A, 0x24E9, 0x250A, 0x250A, 0x250A, 0x250A, 0x250A, 0x250A, 0x250A, 0x250A,
  0x250A, 0x250A, 0x250A, 0x250A, 0x250A, 0x250A, 0x250A, 0x250A, 0x24EA, 0x250A, 0x250A, 0x2BC8,
  0x4224, 0x5142, 0x5922, 0x5922, 0x5942, 0x5942, 0x5922, 0x5102, 0x5101, 0x50E1, 0x50C1, 0x48E2,
  0x4902, 0x4183, 0x41E4, 0x3A24, 0x3A64, 0x32A5, 0x3306, 0x3346, 0x2B87, 0x2BA7, 0x2BA7, 0x2BC7,
  0x2BE8, 0x2C08, 0x2428, 0x2448, 0x2408, 0x3366, 0x42A5, 0x4A44, 0x59E4, 0x61A3, 0x6183, 0x6182,
  0x6162, 0x6962, 0x6162, 0x6162, 0x6962, 0x6142, 0x6142, 0x6142, 0x6122, 0x6121, 0x6101, 0x58E1,
  0x58E1, 0x58C1, 0x58C1, 0x50A1, 0x50A0, 0x50A0, 0x5080, 0x4860, 0x4840, 0x4840, 0x4040, 0x4020,
  0x4020, 0x4020, 0x4000, 0x3800, 0x3800, 0x3800, 0x3081, 0x2963, 0x2244, 0x23A7, 0x24C9, 0x250A,
  0x250A, 0x24E9, 0x24EA, 0x250A, 0x250A, 0x250A, 0x250A, 0x250A, 0x250A, 0x250A, 0x250A, 0x250A,
  0x250A, 0x250A, 0x250A, 0x250A, 0x250A, 0x250A, 0x250A, 0x250A, 0x250A, 0x24EA, 0x2509, 0x250A,
  0x250A, 0x2428, 0x2B67, 0x3306, 0x3285, 0x3224, 0x3265, 0x2AC5, 0x2B06, 0x2B47, 0x23A7, 0x2408,
  0x2469, 0x24C9, 0x24EA, 0x250A, 0x250A, 0x250A, 0x250A, 0x250A, 0x250A, 0x250A, 0x250A, 0x250A,
  0x250A, 0x250A, 0x250A, 0x250A, 0x250A, 0x250A, 0x250A, 0x24EA, 0x24A9, 0x2468, 0x23E8, 0x23C7,
  0x2B87, 0x2B67, 0x3326, 0x32E5, 0x32C5, 0x32C5, 0x32A5, 0x3265, 0x3A44, 0x3A04, 0x39C3, 0x39C3,
  0x39A3, 0x39A3, 0x39A3, 0x39C3, 0x31C4, 0x31A3, 0x3183, 0x31A3, 0x31C4, 0x31E4, 0x3204, 0x3225,
  0x2A04, 0x2A65, 0x2AA5, 0x2B06, 0x2B87, 0x23E7, 0x2469, 0x250A, 0x250A, 0x250A, 0x250A, 0x24E9,
  0x24E9, 0x250A, 0x250A, 0x250A, 0x250A, 0x250A, 0x250A, 0x250A, 0x250A, 0x250A, 0x250A, 0x250A,
  0x250A, 0x250A, 0x250A, 0x250A, 0x250A, 0x250A, 0x250A, 0x250A, 0x250A, 0x250A, 0x250A, 0x24E9,
  0x250A, 0x250A, 0x250A, 0x250A, 0x250A, 0x250A, 0x250A, 0x250A, 0x250A, 0x250A, 0x250A, 0x250A,
  0x250A, 0x250A, 0x250A, 0x250A, 0x24EA, 0x24E9, 0x24E9, 0x24E9, 0x24E9, 0x24E9, 0x24E9, 0x24E9,
  0x24E9, 0x24E9, 0x24E9, 0x24E9, 0x24E9, 0x24E9, 0x24EA, 0x250A, 0x250A, 0x250A, 0x250A, 0x250A,
  0x250A, 0x250A, 0x250A, 0x250A, 0x250A, 0x250A, 0x250A, 0x250A, 0x250A, 0x250A, 0x250A, 0x250A,
  0x250A, 0x250A, 0x250A, 0x250A, 0x250A, 0x250A, 0x250A, 0x250A, 0x250A, 0x250A, 0x250A, 0x250A,
  0x250A, 0x250A, 0x250A, 0x250A, 0x250A, 0x250A, 0x250A, 0x250A, 0x24E9, 0x24E9, 0x24EA, 0x250A,
  0x250A, 0x250A, 0x250A, 0x250A, 0x250A, 0x250A, 0x250A, 0x250A, 0x250A, 0x250A, 0x250A, 0x250A,
  0x250A, 0x250A, 0x250A, 0x250A, 0x250A, 0x250A, 0x250A, 0x250A, 0x250A, 0x250A, 0x250A, 0x250A,
  0x250A, 0x24E9, 0x24E9, 0x24E9, 0x24E9, 0x24E9, 0x24E9, 0x24E9, 0x24E9, 0x24E9, 0x24E9, 0x24E9,
  0x24EA, 0x24EA, 0x250A, 0x250A, 0x250A, 0x250A, 0x250A, 0x250A, 0x250A, 0x250A, 0x250A, 0x250A,
  0x250A, 0x250A, 0x250A, 0x250A, 0x250A, 0x250A, 0x250A, 0x250A, 0x24EA, 0x24EA, 0x24E9, 0x24E9,
  0x24E9, 0x24E9, 0x24E9, 0x24E9, 0x24E9, 0x24E9, 0x24E9, 0x24E9, 0x24E9, 0x24EA, 0x250A, 0x250A,
  0x250A, 0x250A, 0x250A, 0x250A, 0x250A, 0x24EA, 0x24EA, 0x24EA, 0x24EA, 0x24EA, 0x24E9, 0x24E9,
  0x24E9, 0x24E9, 0x24E9, 0x24E9, 0x24E9, 0x24E9, 0x24EA, 0x24EA, 0x250A, 0x250A, 0x250A, 0x250A,
  0x250A, 0x250A, 0x250A, 0x250A, 0x250A, 0x250A, 0x250A, 0x250A, 0x250A, 0x250A, 0x250A, 0x250A,
  0x250A, 0x250A, 0x250A, 0x250A, 0x250A, 0x250A, 0x250A, 0x250A, 0x250A, 0x250A, 0x250A, 0x250A,
  0x250A, 0x250A, 0x250A, 0x250A, 0x250A, 0x250A, 0x250A, 0x250A, 0x250A, 0x250A, 0x250A, 0x250A,
  0x250A, 0x250A, 0x250A, 0x250A, 0x250A, 0x250A, 0x250A, 0x250A, 0x250A, 0x250A, 0x250A, 0x250A,
  0x250A, 0x250A, 0x250A, 0x250A, 0x250A, 0x250A, 0x250A, 0x250A, 0x250A, 0x250A, 0x250A, 0x250A,
  0x250A, 0x250A, 0x250A, 0x250A, 0x250A, 0x250A, 0x250A, 0x250A, 0x250A, 0x24EA, 0x24EA, 0x24EA,
  0x24EA, 0x24EA, 0x24EA, 0x24EA, 0x24EA, 0x24EA, 0x24EA, 0x24EA, 0x24EA, 0x250A, 0x250A, 0x250A,
  0x250A, 0x250A, 0x250A, 0x250A, 0x250A, 0x250A, 0x250A, 0x250A, 0x250A, 0x250A, 0x250A, 0x250A,
  0x250A, 0x250A, 0x250A, 0x250A, 0x250A, 0x250A, 0x250A, 0x250A, 0x250A, 0x250A, 0x250A, 0x250A,
  0x250A, 0x250A, 0x250A, 0x250A, 0x250A, 0x250A, 0x250A, 0x250A, 0x250A, 0x250A, 0x250A, 0x250A,
  0x250A, 0x250A, 0x250A, 0x250A, 0x250A, 0x250A, 0x250A, 0x250A, 0x250A, 0x250A, 0x250A, 0x250A,
  0x250A, 0x250A, 0x250A, 0x250A, 0x250A, 0x250A, 0x250A, 0x250A, 0x250A, 0x250A, 0x250A, 0x250A,
  0x250A, 0x250A, 0x250A, 0x250A, 0x250A, 0x250A, 0x250A, 0x250A, 0x250A, 0x250A, 0x250A, 0x250A,
  0x250A, 0x250A, 0x250A, 0x250A, 0x250A, 0x250A, 0x250A, 0x250A, 0x250A, 0x250A, 0x250A, 0x250A,
  0x250A, 0x250A, 0x250A, 0x250A, 0x250A, 0x250A, 0x250A, 0x250A, 0x250A, 0x250A, 0x250A, 0x250A,
  0x250A, 0x250A, 0x250A, 0x250A, 0x250A, 0x250A, 0x250A, 0x250A, 0x250A, 0x250A, 0x250A, 0x250A,
  0x250A, 0x250A, 0x250A, 0x250A, 0x250A, 0x250A, 0x250A, 0x250A, 0x250A, 0x250A, 0x250A, 0x250A,
  0x24C9, 0x250A, 0x24EA, 0x250A, 0x250A, 0x250A, 0x250A, 0x250A, 0x250A, 0x250A, 0x250A, 0x250A,
  0x250A, 0x250A, 0x250A, 0x250A, 0x250A, 0x250A, 0x250A, 0x250A, 0x250A, 0x250A, 0x250A, 0x250A,
  0x250A, 0x250A, 0x250A, 0x250A, 0x250A, 0x250A, 0x250A, 0x250A, 0x250A, 0x250A, 0x250A, 0x250A,
  0x250A, 0x250A, 0x250A, 0x250A, 0x250A, 0x250A, 0x250A, 0x250A, 0x250A, 0x250A, 0x250A, 0x250A,
  0x250A, 0x250A, 0x250A, 0x250A, 0x250A, 0x250A, 0x250A, 0x250A, 0x250A, 0x250A, 0x250A, 0x250A,
  0x250A, 0x250A, 0x250A, 0x250A, 0x250A, 0x250A, 0x250A, 0x250A, 0x250A, 0x250A, 0x250A, 0x250A,
  0x250A, 0x250A, 0x250A, 0x250A, 0x250A, 0x250A, 0x250A, 0x250A, 0x250A, 0x250A, 0x250A, 0x250A,
  0x250A, 0x250A, 0x250A, 0x250A, 0x250A, 0x250A, 0x250A, 0x250A, 0x250A, 0x250A, 0x250A, 0x250A,
};

static const uint16_t ICON_MIXED_BIG[9216] PROGMEM = {
  0x250A, 0x250A, 0x250A, 0x250A, 0x250A, 0x250A, 0x250A, 0x250A, 0x250A, 0x250A, 0x250A, 0x250A,
  0x250A, 0x250A, 0x250A, 0x250A, 0x250A, 0x250A, 0x250A, 0x250A, 0x250A, 0x250A, 0x250A, 0x250A,
  0x250A, 0x250A, 0x250A, 0x250A, 0x250A, 0x250A, 0x250A, 0x250A, 0x250A, 0x250A, 0x250A, 0x250A,
  0x250A, 0x250A, 0x250A, 0x250A, 0x250A, 0x250A, 0x250A, 0x250A, 0x250A, 0x250A, 0x250A, 0x250A,
  0x250A, 0x250A, 0x250A, 0x250A, 0x250A, 0x250A, 0x250A, 0x250A, 0x250A, 0x250A, 0x250A, 0x250A,
  0x250A, 0x250A, 0x250A, 0x250A, 0x250A, 0x250A, 0x250A, 0x250A, 0x250A, 0x250A, 0x250A, 0x250A,
  0x250A, 0x250A, 0x250A, 0x250A, 0x250A, 0x250A, 0x250A, 0x250A, 0x250A, 0x250A, 0x250A, 0x250A,
  0x250A, 0x250A, 0x250A, 0x250A, 0x250A, 0x250A, 0x250A, 0x250A, 0x250A, 0x250A, 0x250A, 0x250A,
  0x250A, 0x250A, 0x250A, 0x250A, 0x250A, 0x250A, 0x250A, 0x250A, 0x250A, 0x250A, 0x250A, 0x250A,
  0x250A, 0x250A, 0x250A, 0x250A, 0x250A, 0x250A, 0x250A, 0x250A, 0x250A, 0x250A, 0x250A, 0x250A,
  0x250A, 0x250A, 0x250A, 0x250A, 0x250A, 0x250A, 0x250A, 0x250A, 0x250A, 0x250A, 0x250A, 0x250A,
  0x250A, 0x250A, 0x250A, 0x250A, 0x250A, 0x250A, 0x250A, 0x250A, 0x250A, 0x250A, 0x250A, 0x250A,
  0x250A, 0x250A, 0x250A, 0x250A, 0x250A, 0x250A, 0x250A, 0x250A, 0x250A, 0x250A, 0x250A, 0x250A,
  0x250A, 0x250A, 0x250A, 0x250A, 0x250A, 0x250A, 0x250A, 0x250A, 0x250A, 0x250A, 0x250A, 0x250A,
  0x250A, 0x250A, 0x250A, 0x250A, 0x250A, 0x250A, 0x250A, 0x250A, 0x250A, 0x250A, 0x250A, 0x250A,
  0x250A, 0x250A, 0x250A, 0x250A, 0x250A, 0x250A, 0x250A, 0x250A, 0x250A, 0x250A, 0x250A, 0x250A,
  0x250A, 0x250A, 0x250A, 0x250A, 0x250A, 0x250A, 0x250A, 0x250A, 0x250A, 0x250A, 0x250A, 0x250A,
  0x250A, 0x250A, 0x250A, 0x250A, 0x250A, 0x250A, 0x250A, 0x250A, 0x250A, 0x250A, 0x250A, 0x250A,
  0x250A, 0x250A, 0x250A, 0x250A, 0x250A, 0x250A, 0x250A, 0x250A, 0x250A, 0x250A, 0x250A, 0x250A,
  0x250A, 0x250A, 0x250A, 0x250A, 0x250A, 0x250A, 0x250A, 0x250A, 0x250A, 0x250A, 0x250A, 0x250A,
  0x250A, 0x250A, 0x250A, 0x250A, 0x250A, 0x250A, 0x250A, 0x250A, 0x250A, 0x250A, 0x250A, 0x250A,
  0x250A, 0x250A, 0x250A, 0x250A, 0x250A, 0x250A, 0x250A, 0x250A, 0x250A, 0x250A, 0x250A, 0x250A,
  0x250A, 0x250A, 0x250A, 0x250A, 0x250A, 0x250A, 0x250A, 0x250A, 0x250A, 0x250A, 0x250A, 0x250A,
  0x250A, 0x250A, 0x250A, 0x250A, 0x250A, 0x250A, 0x250A, 0x250A, 0x250A, 0x250A, 0x250A, 0x250A,
  0x250A, 0x250A, 0x250A, 0x250A, 0x250A, 0x250A, 0x250A, 0x250A, 0x250A, 0x250A, 0x250A, 0x250A,
  0x250A, 0x250A, 0x250A, 0x250A, 0x250A, 0x250A, 0x250A, 0x250A, 0x250A, 0x250A, 0x250A, 0x250A,
  0x250A, 0x250A, 0x250A, 0x250A, 0x250A, 0x250A, 0x250A, 0x250A, 0x250A, 0x250A, 0x250A, 0x250A,
  0x250A, 0x250A, 0x250A, 0x250A, 0x250A, 0x250A, 0x250A, 0x250A, 0x250A, 0x250A, 0x250A, 0x250A,
  0x250A, 0x250A, 0x250A, 0x250A, 0x250A, 0x250A, 0x250A, 0x250A, 0x250A, 0x250A, 0x250A, 0x250A,
  0x250A, 0x250A, 0x250A, 0x250A, 0x250A, 0x250A, 0x250A, 0x250A, 0x250A, 0x250A, 0x250A, 0x250A,
  0x250A, 0x250A, 0x250A, 0x250A, 0x250A, 0x250A, 0x250A, 0x250A, 0x250A, 0x250A, 0x250A, 0x250A,
  0x250A, 0x250A, 0x250A, 0x250A, 0x250A, 0x250A, 0x250A, 0x250A, 0x250A, 0x250A, 0x250A, 0x250A,
  0x250A, 0x250A, 0x250A, 0x250A, 0x250A, 0x250A, 0x250A, 0x250A, 0x250A, 0x250A, 0x250A, 0x250A,
  0x250A, 0x250A, 0x250A, 0x250A, 0x250A, 0x250A, 0x250A, 0x250A, 0x250A, 0x250A, 0x250A, 0x250A,
  0x250A, 0x250A, 0x250A, 0x250A, 0x250A, 0x250A, 0x250A, 0x250A, 0x250A, 0x250A, 0x250A, 0x250A,
  0x250A, 0x250A, 0x250A, 0x250A, 0x250A, 0x250A, 0x250A, 0x250A, 0x250A, 0x250A, 0x250A, 0x250A,
  0x250A, 0x250A, 0x250A, 0x250A, 0x250A, 0x250A, 0x250A, 0x250A, 0x250A, 0x250A, 0x250A, 0x250A,
  0x250A, 0x250A, 0x250A, 0x250A, 0x250A, 0x250A, 0x250A, 0x250A, 0x250A, 0x250A, 0x250A, 0x250A,
  0x250A, 0x250A, 0x250A, 0x250A, 0x250A, 0x250A, 0x250A, 0x250A, 0x250A, 0x250A, 0x250A, 0x250A,
  0x250A, 0x250A, 0x250A, 0x250A, 0x250A, 0x250A, 0x250A, 0x250A, 0x250A, 0x250A, 0x250A, 0x250A,
  0x250A, 0x250A, 0x250A, 0x250A, 0x250A, 0x250A, 0x250A, 0x250A, 0x250A, 0x250A, 0x250A, 0x250A,
  0x250A, 0x250A, 0x250A, 0x250A, 0x250A, 0x250A, 0x250A, 0x250A, 0x250A, 0x250A, 0x250A, 0x250A,
  0x250A, 0x250A, 0x250A, 0x250A, 0x250A, 0x250A, 0x250A, 0x250A, 0x250A, 0x250A, 0x250A, 0x250A,
  0x250A, 0x250A, 0x250A, 0x250A, 0x250A, 0x250A, 0x250A, 0x250A, 0x250A, 0x250A, 0x250A, 0x250A,
  0x250A, 0x250A, 0x250A, 0x250A, 0x250A, 0x250A, 0x250A, 0x250A, 0x250A, 0x250A, 0x250A, 0x250A,
  0x250A, 0x250A, 0x250A, 0x250A, 0x250A, 0x250A, 0x250A, 0x250A, 0x250A, 0x250A, 0x250A, 0x250A,
  0x250A, 0x250A, 0x250A, 0x250A, 0x250A, 0x250A, 0x250A, 0x250A, 0x250A, 0x250A, 0x250A, 0x250A,
  0x250A, 0x250A, 0x250A, 0x250A, 0x250A, 0x250A, 0x250A, 0x250A, 0x250A, 0x250A, 0x250A, 0x250A,
  0x250A, 0x250A, 0x250A, 0x250A, 0x250A, 0x250A, 0x250A, 0x250A, 0x250A, 0x250A, 0x250A, 0x250A,
  0x250A, 0x250A, 0x250A, 0x250A, 0x250A, 0x250A, 0x250A, 0x250A, 0x250A, 0x250A, 0x250A, 0x250A,
  0x250A, 0x1C8B, 0x14D5, 0x14B4, 0x1C89, 0x250A, 0x250A, 0x250A, 0x250A, 0x250A, 0x250A, 0x250A,
  0x250A, 0x250A, 0x250A, 0x250A, 0x250A, 0x250A, 0x250A, 0x250A, 0x250A, 0x250A, 0x250A, 0x250A,
  0x250A, 0x250A, 0x250A, 0x250A, 0x250A, 0x250A, 0x250A, 0x250A, 0x250A, 0x250A, 0x250A, 0x250A,
  0x250A, 0x250A, 0x250A, 0x250A, 0x250A, 0x250A, 0x250A, 0x250A, 0x250A, 0x250A, 0x250A, 0x250A,
  0x250A, 0x250A, 0x250A, 0x250A, 0x250A, 0x250A, 0x250A, 0x250A, 0x250A, 0x250A, 0x250A, 0x250A,
  0x250A, 0x250A, 0x250A, 0x250A, 0x250A, 0x250A, 0x250A, 0x250A, 0x250A, 0x250A, 0x250A, 0x250A,
  0x250A, 0x250A, 0x250A, 0x250A, 0x250A, 0x250A, 0x250A, 0x250A, 0x250A, 0x250A, 0x250A, 0x250A,
  0x250A, 0x250A, 0x250A, 0x250A, 0x250A, 0x250A, 0x250A, 0x250A, 0x250A, 0x250A, 0x250A, 0x250A,
  0x1CAA, 0x0CB8, 0xB7BF, 0x975F, 0x0C54, 0x24C9, 0x250A, 0x24EA, 0x250A, 0x250A, 0x250A, 0x250A,
  0x250A, 0x250A, 0x250A, 0x250A, 0x250A, 0x250A, 0x250A, 0x250A, 0x250A, 0x250A, 0x250A, 0x250A,
  0x250A, 0x250A, 0x250A, 0x250A, 0x250A, 0x250A, 0x250A, 0x250A, 0x250A, 0x250A, 0x250A, 0x250A,
  0x250A, 0x250A, 0x250A, 0x250A, 0x250A, 0x250A, 0x250A, 0x250A, 0x250A, 0x250A, 0x250A, 0x250A,
  0x250A, 0x250A, 0x250A, 0x250A, 0x250A, 0x250A, 0x250A, 0x250A, 0x250A, 0x250A, 0x250A, 0x250A,
  0x250A, 0x250A, 0x250A, 0x250A, 0x250A, 0x250A, 0x250A, 0x250A, 0x250A, 0x250A, 0x250A, 0x250A,
  0x250A, 0x250A, 0x250A, 0x250A, 0x250A, 0x250A, 0x250A, 0x250A, 0x250A, 0x250A, 0x250A, 0x250A,
  0x250A, 0x250A, 0x250A, 0x250A, 0x250A, 0x250A, 0x250A, 0x250A, 0x250A, 0x250A, 0x250A, 0x250A,
  0x0C11, 0x66BF, 0xF7FF, 0xEFFF, 0x461F, 0x140E, 0x250A, 0x250A, 0x250A, 0x250A, 0x250A, 0x250A,
  0x250A, 0x250A, 0x250A, 0x250A, 0x250A, 0x250A, 0x250A, 0x250A, 0x250A, 0x250A, 0x250A, 0x250A,
  0x250A, 0x250A, 0x250A, 0x250A, 0x250A, 0x250A, 0x250A, 0x250A, 0x250A, 0x250A, 0x250A, 0x250A,
  0x250A, 0x250A, 0x250A, 0x250A, 0x250A, 0x250A, 0x250A, 0x250A, 0x250A, 0x250A, 0x250A, 0x250A,
  0x250A, 0x250A, 0x250A, 0x250A, 0x250A, 0x250A, 0x250A, 0x250A, 0x250A, 0x250A, 0x250A, 0x250A,
  0x250A, 0x250A, 0x250A, 0x250A, 0x250A, 0x250A, 0x250A, 0x250A, 0x250A, 0x250A, 0x250A, 0x250A,
  0x250A, 0x250A, 0x250A, 0x250A, 0x250A, 0x250A, 0x250A, 0x250A, 0x250A, 0x250A, 0x250A, 0x250A,
  0x250A, 0x250A, 0x250A, 0x250A, 0x250A, 0x250A, 0x250A, 0x250A, 0x250A, 0x250A, 0x250A, 0x1C6A,
  0x04BB, 0xB75F, 0xE7FF, 0xEFFF, 0x96FF, 0x0437, 0x2489, 0x250A, 0x24EA, 0x250A, 0x250A, 0x250A,
  0x250A, 0x250A, 0x250A, 0x250A, 0x250A, 0x250A, 0x250A, 0x250A, 0x250A, 0x250A, 0x250A, 0x250A,
  0x250A, 0x250A, 0x250A, 0x250A, 0x250A, 0x250A, 0x250A, 0x250A, 0x250A, 0x250A, 0x250A, 0x250A,
  0x250A, 0x250A, 0x250A, 0x250A, 0x250A, 0x250A, 0x250A, 0x250A, 0x250A, 0x250A, 0x250A, 0x250A,
  0x250A, 0x250A, 0x250A, 0x250A, 0x250A, 0x250A, 0x250A, 0x250A, 0x250A, 0x250A, 0x250A, 0x250A,
  0x250A, 0x250A, 0x250A, 0x250A, 0x250A, 0x250A, 0x250A, 0x250A, 0x250A, 0x250A, 0x250A, 0x250A,
  0x250A, 0x250A, 0x250A, 0x250A, 0x250A, 0x250A, 0x250A, 0x250A, 0x250A, 0x250A, 0x250A, 0x250A,
  0x250A, 0x250A, 0x250A, 0x250A, 0x250A, 0x250A, 0x250A, 0x250A, 0x250A, 0x250A, 0x250A, 0x0BF1,
  0x25BF, 0xDFBF, 0xDFDF, 0xE7FF, 0xC77F, 0x0D5E, 0x0C0F, 0x250A, 0x250A, 0x250A, 0x250A, 0x250A,
  0x250A, 0x250A, 0x250A, 0x250A, 0x250A, 0x250A, 0x250A, 0x250A, 0x250A, 0x250A, 0x250A, 0x250A,
  0x250A, 0x250A, 0x250A, 0x250A, 0x250A, 0x250A, 0x250A, 0x250A, 0x250A, 0x250A, 0x250A, 0x250A,
  0x250A, 0x250A, 0x250A, 0x250A, 0x250A, 0x250A, 0x250A, 0x250A, 0x250A, 0x250A, 0x250A, 0x250A,
  0x250A, 0x250A, 0x250A, 0x250A, 0x250A, 0x250A, 0x250A, 0x250A, 0x250A, 0x250A, 0x250A, 0x250A,
  0x250A, 0x250A, 0x250A, 0x250A, 0x250A, 0x250A, 0x250A, 0x250A, 0x250A, 0x250A, 0x250A, 0x250A,
  0x250A, 0x250A, 0x250A, 0x250A, 0x250A, 0x250A, 0x250A, 0x250A, 0x250A, 0x250A, 0x250A, 0x250A,
  0x250A, 0x250A, 0x250A, 0x250A, 0x250A, 0x250A, 0x250A, 0x250A, 0x250A, 0x250A, 0x1C6A, 0x0459,
  0x5E3F, 0xE7FF, 0xD7DF, 0xD7DF, 0xE7DF, 0x3DFF, 0x0417, 0x2489, 0x250A, 0x24EA, 0x250A, 0x250A,
  0x250A, 0x250A, 0x250A, 0x250A, 0x250A, 0x250A, 0x250A, 0x250A, 0x250A, 0x250A, 0x250A, 0x250A,
  0x250A, 0x250A, 0x250A, 0x250A, 0x250A, 0x250A, 0x250A, 0x250A, 0x250A, 0x250A, 0x250A, 0x250A,
  0x250A, 0x250A, 0x250A, 0x250A, 0x250A, 0x250A, 0x250A, 0x250A, 0x250A, 0x250A, 0x250A, 0x250A,
  0x250A, 0x250A, 0x250A, 0x250A, 0x250A, 0x250A, 0x250A, 0x250A, 0x250A, 0x250A, 0x250A, 0x250A,
  0x250A, 0x250A, 0x250A, 0x250A, 0x250A, 0x250A, 0x250A, 0x250A, 0x250A, 0x250A, 0x250A, 0x250A,
  0x250A, 0x250A, 0x250A, 0x250A, 0x250A, 0x250A, 0x250A, 0x250A, 0x250A, 0x250A, 0x250A, 0x250A,
  0x250A, 0x250A, 0x250A, 0x250A, 0x250A, 0x250A, 0x250A, 0x250A, 0x250A, 0x250A, 0x0BF1, 0x053E,
  0x96DF, 0xE7FF, 0xD7BF, 0xD7DF, 0xEFFF, 0x767F, 0x04FD, 0x13EE, 0x250A, 0x24EA, 0x250A, 0x250A,
  0x250A, 0x250A, 0x250A, 0x250A, 0x250A, 0x250A, 0x250A, 0x250A, 0x250A, 0x250A, 0x250A, 0x250A,
  0x250A, 0x250A, 0x250A, 0x250A, 0x250A, 0x250A, 0x250A, 0x250A, 0x250A, 0x250A, 0x250A, 0x250A,
  0x250A, 0x250A, 0x250A, 0x250A, 0x250A, 0x250A, 0x250A, 0x250A, 0x250A, 0x250A, 0x250A, 0x250A,
  0x250A, 0x250A, 0x250A, 0x250A, 0x250A, 0x250A, 0x250A, 0x250A, 0x250A, 0x250A, 0x250A, 0x250A,
  0x250A, 0x250A, 0x250A, 0x250A, 0x250A, 0x250A, 0x250A, 0x250A, 0x250A, 0x250A, 0x250A, 0x250A,
  0x250A, 0x250A, 0x250A, 0x250A, 0x250A, 0x250A, 0x250A, 0x250A, 0x250A, 0x250A, 0x250A, 0x250A,
  0x250A, 0x250A, 0x250A, 0x250A, 0x250A, 0x250A, 0x250A, 0x24EA, 0x250A, 0x1C6A, 0x0438, 0x0D7E,
  0xBF5F, 0xE7FF, 0xD7BF, 0xD7DF, 0xEFFF, 0xAF1F, 0x055E, 0x03F6, 0x1C89, 0x24EA, 0x24EA, 0x250A,
  0x250A, 0x250A, 0x250A, 0x250A, 0x250A, 0x250A, 0x250A, 0x250A, 0x250A, 0x250A, 0x250A, 0x250A,
  0x250A, 0x250A, 0x250A, 0x250A, 0x250A, 0x250A, 0x250A, 0x250A, 0x250A, 0x250A, 0x250A, 0x250A,
  0x250A, 0x250A, 0x250A, 0x250A, 0x250A, 0x250A, 0x250A, 0x250A, 0x250A, 0x250A, 0x250A, 0x250A,
  0x250A, 0x250A, 0x250A, 0x250A, 0x250A, 0x250A, 0x250A, 0x250A, 0x250A, 0x250A, 0x250A, 0x250A,
  0x250A, 0x250A, 0x250A, 0x250A, 0x250A, 0x250A, 0x250A, 0x250A, 0x250A, 0x250A, 0x250A, 0x250A,
  0x250A, 0x250A, 0x250A, 0x250A, 0x250A, 0x250A, 0x250A, 0x250A, 0x250A, 0x250A, 0x250A, 0x250A,
  0x250A, 0x250A, 0x250A, 0x250A, 0x250A, 0x250A, 0x250A, 0x250A, 0x250A, 0x0BAF, 0x04FD, 0x35DE,
  0xDFBF, 0xDFFF, 0xD7DF, 0xD7BF, 0xE7FF, 0xD79F, 0x1D9E, 0x04DC, 0x13CE, 0x250A, 0x250A, 0x250A,
  0x250A, 0x250A, 0x250A, 0x250A, 0x250A, 0x250A, 0x250A, 0x250A, 0x250A, 0x250A, 0x250A, 0x250A,
  0x250A, 0x250A, 0x250A, 0x250A, 0x250A, 0x250A, 0x250A, 0x250A, 0x250A, 0x250A, 0x250A, 0x250A,
  0x250A, 0x250A, 0x250A, 0x250A, 0x250A, 0x250A, 0x250A, 0x250A, 0x250A, 0x250A, 0x250A, 0x250A,
  0x250A, 0x250A, 0x250A, 0x250A, 0x250A, 0x250A, 0x250A, 0x250A, 0x250A, 0x250A, 0x250A, 0x250A,
  0x250A, 0x250A, 0x250A, 0x250A, 0x250A, 0x250A, 0x250A, 0x250A, 0x250A, 0x250A, 0x250A, 0x250A,
  0x250A, 0x250A, 0x250A, 0x250A, 0x250A, 0x250A, 0x250A, 0x250A, 0x250A, 0x250A, 0x250A, 0x250A,
  0x250A, 0x250A, 0x250A, 0x250A, 0x250A, 0x250A, 0x24EA, 0x24EA, 0x1C6A, 0x03F7, 0x051D, 0x663F,
  0xEFFF, 0xDFDF, 0xD7BF, 0xD7DF, 0xDFFF, 0xE7DF, 0x4E1F, 0x051D, 0x03D5, 0x1C89, 0x250A, 0x24EA,
  0x250A, 0x250A, 0x250A, 0x250A, 0x250A, 0x250A, 0x250A, 0x250A, 0x250A, 0x250A, 0x250A, 0x250A,
  0x250A, 0x250A, 0x250A, 0x250A, 0x250A, 0x250A, 0x250A, 0x250A, 0x250A, 0x250A, 0x250A, 0x250A,
  0x250A, 0x250A, 0x250A, 0x250A, 0x250A, 0x250A, 0x250A, 0x250A, 0x250A, 0x250A, 0x250A, 0x250A,
  0x250A, 0x250A, 0x250A, 0x250A, 0x250A, 0x250A, 0x250A, 0x250A, 0x250A, 0x250A, 0x250A, 0x250A,
  0x250A, 0x250A, 0x250A, 0x250A, 0x250A, 0x250A, 0x250A, 0x250A, 0x250A, 0x250A, 0x250A, 0x250A,
  0x250A, 0x250A, 0x250A, 0x250A, 0x250A, 0x250A, 0x250A, 0x250A, 0x250A, 0x250A, 0x250A, 0x250A,
  0x250A, 0x250A, 0x250A, 0x250A, 0x250A, 0x250A, 0x250A, 0x250A, 0x0BCF, 0x04DC, 0x053D, 0x9EDF,
  0xEFFF, 0xD7DF, 0xD7BF, 0xD7DF, 0xDFDF, 0xEFFF, 0x869F, 0x053D, 0x049B, 0x13CE, 0x250A, 0x24EA,
  0x250A, 0x250A, 0x250A, 0x250A, 0x250A, 0x250A, 0x250A, 0x250A, 0x250A, 0x250A, 0x250A, 0x250A,
  0x250A, 0x250A, 0x250A, 0x250A, 0x250A, 0x250A, 0x250A, 0x250A, 0x250A, 0x250A, 0x250A, 0x250A,
  0x250A, 0x250A, 0x250A, 0x250A, 0x250A, 0x250A, 0x250A, 0x250A, 0x250A, 0x250A, 0x250A, 0x250A,
  0x250A, 0x250A, 0x250A, 0x250A, 0x250A, 0x250A, 0x250A, 0x250A, 0x250A, 0x250A, 0x250A, 0x250A,
  0x250A, 0x250A, 0x250A, 0x250A, 0x250A, 0x250A, 0x250A, 0x250A, 0x250A, 0x250A, 0x250A, 0x250A,
  0x250A, 0x250A, 0x250A, 0x250A, 0x250A, 0x250A, 0x250A, 0x250A, 0x250A, 0x250A, 0x250A, 0x250A,
  0x250A, 0x250A, 0x250A, 0x250A, 0x250A, 0x24EA, 0x24EA, 0x1C6A, 0x03D6, 0x04FC, 0x157E, 0xC75F,
  0xE7FF, 0xD7DF, 0xD7DF, 0xD7DF, 0xDFDF, 0xEFFF, 0xB71F, 0x0D5E, 0x04FC, 0x03B5, 0x1C89, 0x24EA,
  0x24EA, 0x250A, 0x250A, 0x250A, 0x250A, 0x250A, 0x250A, 0x250A, 0x250A, 0x250A, 0x250A, 0x250A,
  0x250A, 0x250A, 0x250A, 0x250A, 0x250A, 0x250A, 0x250A, 0x250A, 0x250A, 0x250A, 0x250A, 0x250A,
  0x250A, 0x250A, 0x250A, 0x250A, 0x250A, 0x250A, 0x250A, 0x250A, 0x250A, 0x250A, 0x250A, 0x250A,
  0x250A, 0x250A, 0x250A, 0x250A, 0x250A, 0x250A, 0x250A, 0x250A, 0x250A, 0x250A, 0x250A, 0x250A,
  0x250A, 0x250A, 0x250A, 0x250A, 0x250A, 0x250A, 0x250A, 0x250A, 0x250A, 0x250A, 0x250A, 0x250A,
  0x250A, 0x250A, 0x250A, 0x250A, 0x250A, 0x250A, 0x250A, 0x250A, 0x250A, 0x250A, 0x250A, 0x250A,
  0x250A, 0x250A, 0x250A, 0x250A, 0x250A, 0x250A, 0x250A, 0x0BAF, 0x04BB, 0x051D, 0x45FF, 0xDFBF,
  0xDFFF, 0xD7DF, 0xD7DF, 0xD7BF, 0xDFDF, 0xE7FF, 0xD79F, 0x2DBE, 0x051C, 0x047A, 0x13AD, 0x250A,
  0x24EA, 0x250A, 0x250A, 0x250A, 0x250A, 0x250A, 0x250A, 0x250A, 0x250A, 0x250A, 0x250A, 0x250A,
  0x250A, 0x250A, 0x250A, 0x250A, 0x250A, 0x250A, 0x250A, 0x250A, 0x250A, 0x250A, 0x250A, 0x250A,
  0x250A, 0x250A, 0x250A, 0x250A, 0x250A, 0x250A, 0x250A, 0x250A, 0x250A, 0x250A, 0x250A, 0x250A,
  0x250A, 0x250A, 0x250A, 0x250A, 0x250A, 0x250A, 0x250A, 0x250A, 0x250A, 0x250A, 0x250A, 0x250A,
  0x250A, 0x250A, 0x250A, 0x250A, 0x250A, 0x250A, 0x250A, 0x250A, 0x250A, 0x250A, 0x250A, 0x250A,
  0x250A, 0x250A, 0x250A, 0x250A, 0x250A, 0x250A, 0x250A, 0x250A, 0x250A, 0x250A, 0x250A, 0x250A,
  0x250A, 0x250A, 0x250A, 0x250A, 0x24EA, 0x24EA, 0x1C8A, 0x03B6, 0x04FC, 0x053D, 0x767F, 0xE7DF,
  0xDFFF, 0xD7DF, 0xD7BF, 0xD7DF, 0xDFDF, 0xE7FF, 0xE7DF, 0x663F, 0x053D, 0x04DC, 0x0395, 0x1C89,
  0x24EA, 0x24EA, 0x250A, 0x250A, 0x250A, 0x250A, 0x250A, 0x250A, 0x250A, 0x250A, 0x250A, 0x250A,
  0x250A, 0x250A, 0x250A, 0x250A, 0x250A, 0x250A, 0x250A, 0x250A, 0x250A, 0x250A, 0x250A, 0x250A,
  0x250A, 0x250A, 0x250A, 0x250A, 0x250A, 0x250A, 0x250A, 0x250A, 0x250A, 0x250A, 0x250A, 0x250A,
  0x250A, 0x250A, 0x250A, 0x250A, 0x250A, 0x250A, 0x250A, 0x250A, 0x250A, 0x250A, 0x250A, 0x250A,
  0x250A, 0x250A, 0x250A, 0x250A, 0x250A, 0x250A, 0x250A, 0x250A, 0x250A, 0x250A, 0x250A, 0x250A,
  0x250A, 0x250A, 0x250A, 0x250A, 0x250A, 0x250A, 0x250A, 0x250A, 0x250A, 0x250A, 0x250A, 0x250A,
  0x250A, 0x250A, 0x250A, 0x250A, 0x24EA, 0x250A, 0x0BAE, 0x047B, 0x051C, 0x0D7E, 0xA6FF, 0xE7FF,
  0xDFDF, 0xD7DF, 0xD7BF, 0xD7DF, 0xD7DF, 0xDFFF, 0xEFFF, 0x96BF, 0x055E, 0x04FC, 0x047A, 0x13AD,
  0x250A, 0x24EA, 0x250A, 0x250A, 0x250A, 0x250A, 0x250A, 0x250A, 0x250A, 0x250A, 0x250A, 0x250A,
  0x250A, 0x250A, 0x250A, 0x250A, 0x250A, 0x250A, 0x250A, 0x250A, 0x250A, 0x250A, 0x250A, 0x250A,
  0x250A, 0x250A, 0x250A, 0x250A, 0x250A, 0x250A, 0x250A, 0x250A, 0x250A, 0x250A, 0x250A, 0x250A,
  0x250A, 0x250A, 0x250A, 0x250A, 0x250A, 0x250A, 0x250A, 0x250A, 0x250A, 0x250A, 0x250A, 0x250A,
  0x250A, 0x250A, 0x250A, 0x250A, 0x250A, 0x250A, 0x250A, 0x250A, 0x250A, 0x250A, 0x250A, 0x250A,
  0x250A, 0x250A, 0x250A, 0x250A, 0x250A, 0x250A, 0x250A, 0x250A, 0x250A, 0x250A, 0x250A, 0x250A,
  0x250A, 0x250A, 0x250A, 0x250A, 0x24EA, 0x1C69, 0x0395, 0x04BB, 0x053D, 0x2DBF, 0xC75F, 0xE7FF,
  0xDFFF, 0xD7DF, 0xD7DF, 0xD7BF, 0xD7DF, 0xDFDF, 0xE7FF, 0xBF3F, 0x1D9E, 0x053D, 0x04BB, 0x0374,
  0x1C89, 0x24EA, 0x250A, 0x250A, 0x250A, 0x250A, 0x250A, 0x250A, 0x250A, 0x250A, 0x250A, 0x250A,
  0x250A, 0x250A, 0x250A, 0x250A, 0x250A, 0x250A, 0x250A, 0x250A, 0x250A, 0x250A, 0x250A, 0x250A,
  0x250A, 0x250A, 0x250A, 0x250A, 0x250A, 0x250A, 0x250A, 0x250A, 0x250A, 0x250A, 0x250A, 0x250A,
  0x250A, 0x250A, 0x250A, 0x250A, 0x250A, 0x250A, 0x250A, 0x250A, 0x250A, 0x250A, 0x250A, 0x250A,
  0x250A, 0x250A, 0x250A, 0x250A, 0x250A, 0x250A, 0x250A, 0x250A, 0x250A, 0x250A, 0x250A, 0x250A,
  0x250A, 0x250A, 0x250A, 0x250A, 0x250A, 0x250A, 0x250A, 0x250A, 0x250A, 0x250A, 0x250A, 0x250A,
  0x250A, 0x250A, 0x250A, 0x250A, 0x250A, 0x0B8E, 0x045A, 0x04FC, 0x055E, 0x561F, 0xDFBF, 0xDFFF,
  0xDFFF, 0xD7DF, 0xD7BF, 0xD7DF, 0xD7DF, 0xDFDF, 0xE7FF, 0xDF9F, 0x4DFF, 0x053D, 0x04FC, 0x045A,
  0x0BAD, 0x250A, 0x24EA, 0x250A, 0x250A, 0x250A, 0x250A, 0x250A, 0x250A, 0x250A, 0x250A, 0x250A,
  0x250A, 0x250A, 0x250A, 0x250A, 0x250A, 0x250A, 0x250A, 0x250A, 0x250A, 0x250A, 0x250A, 0x250A,
  0x250A, 0x250A, 0x250A, 0x250A, 0x250A, 0x250A, 0x250A, 0x250A, 0x250A, 0x250A, 0x250A, 0x250A,
  0x250A, 0x250A, 0x250A, 0x250A, 0x250A, 0x250A, 0x250A, 0x250A, 0x250A, 0x250A, 0x250A, 0x250A,
  0x250A, 0x250A, 0x250A, 0x250A, 0x250A, 0x250A, 0x250A, 0x250A, 0x250A, 0x250A, 0x250A, 0x250A,
  0x250A, 0x250A, 0x250A, 0x250A, 0x250A, 0x250A, 0x250A, 0x250A, 0x250A, 0x250A, 0x250A, 0x250A,
  0x250A, 0x250A, 0x250A, 0x24EA, 0x1C69, 0x0395, 0x04BB, 0x053D, 0x057E, 0x869F, 0xE7DF, 0xDFFF,
  0xDFDF, 0xD7DF, 0xD7DF, 0xD7DF, 0xD7DF, 0xDFDF, 0xE7FF, 0xE7DF, 0x7E7F, 0x055E, 0x051C, 0x04BB,
  0x0374, 0x1C89, 0x24EA, 0x250A, 0x250A, 0x250A, 0x250A, 0x250A, 0x250A, 0x250A, 0x250A, 0x250A,
  0x250A, 0x250A, 0x250A, 0x250A, 0x250A, 0x250A, 0x250A, 0x250A, 0x250A, 0x250A, 0x250A, 0x250A,
  0x250A, 0x250A, 0x250A, 0x250A, 0x250A, 0x250A, 0x250A, 0x250A, 0x250A, 0x250A, 0x250A, 0x250A,
  0x250A, 0x250A, 0x250A, 0x250A, 0x250A, 0x250A, 0x250A, 0x250A, 0x250A, 0x250A, 0x250A, 0x250A,
  0x250A, 0x250A, 0x250A, 0x250A, 0x250A, 0x250A, 0x250A, 0x250A, 0x250A, 0x250A, 0x250A, 0x250A,
  0x250A, 0x250A, 0x250A, 0x250A, 0x250A, 0x250A, 0x250A, 0x250A, 0x250A, 0x250A, 0x250A, 0x250A,
  0x250A, 0x250A, 0x250A, 0x250A, 0x0BAE, 0x045A, 0x04FB, 0x053D, 0x1D9F, 0xB71F, 0xE7DF, 0xDFFF,
  0xD7DF, 0xD7DF, 0xD7BF, 0xD7DF, 0xD7DF, 0xDFDF, 0xE7FF, 0xE7FF, 0xAEFF, 0x157E, 0x053D, 0x04DB,
  0x043A, 0x0B8E, 0x250A, 0x250A, 0x250A, 0x250A, 0x250A, 0x250A, 0x250A, 0x250A, 0x250A, 0x250A,
  0x250A, 0x250A, 0x250A, 0x250A, 0x250A, 0x250A, 0x250A, 0x250A, 0x250A, 0x250A, 0x250A, 0x250A,
  0x250A, 0x250A, 0x250A, 0x250A, 0x250A, 0x250A, 0x250A, 0x250A, 0x250A, 0x250A, 0x250A, 0x250A,
  0x250A, 0x250A, 0x250A, 0x250A, 0x250A, 0x250A, 0x250A, 0x250A, 0x250A, 0x250A, 0x250A, 0x250A,
  0x250A, 0x250A, 0x250A, 0x250A, 0x250A, 0x250A, 0x250A, 0x250A, 0x250A, 0x250A, 0x250A, 0x250A,
  0x250A, 0x250A, 0x250A, 0x250A, 0x250A, 0x250A, 0x250A, 0x250A, 0x250A, 0x250A, 0x250A, 0x250A,
  0x250A, 0x250A, 0x24EA, 0x1C89, 0x0374, 0x049B, 0x051C, 0x055E, 0x45FF, 0xCF7F, 0xE7FF, 0xDFDF,
  0xD7DF, 0xD7DF, 0xD7DF, 0xD7DF, 0xD7DF, 0xDFDF, 0xDFFF, 0xE7FF, 0xCF7F, 0x3DDF, 0x055D, 0x04FC,
  0x049A, 0x0375, 0x1C89, 0x24EA, 0x250A, 0x250A, 0x250A, 0x250A, 0x250A, 0x250A, 0x250A, 0x250A,
  0x250A, 0x250A, 0x250A, 0x250A, 0x250A, 0x250A, 0x250A, 0x250A, 0x250A, 0x250A, 0x250A, 0x250A,
  0x250A, 0x250A, 0x250A, 0x250A, 0x250A, 0x250A, 0x250A, 0x250A, 0x250A, 0x250A, 0x250A, 0x250A,
  0x250A, 0x250A, 0x250A, 0x250A, 0x250A, 0x250A, 0x250A, 0x250A, 0x250A, 0x250A, 0x250A, 0x250A,
  0x250A, 0x250A, 0x250A, 0x250A, 0x250A, 0x250A, 0x250A, 0x250A, 0x250A, 0x250A, 0x250A, 0x250A,
  0x250A, 0x250A, 0x250A, 0x250A, 0x250A, 0x250A, 0x250A, 0x250A, 0x250A, 0x250A, 0x250A, 0x250A,
  0x250A, 0x250A, 0x250A, 0x0BAD, 0x0439, 0x04BB, 0x053D, 0x057E, 0x765F, 0xDFBF, 0xDFFF, 0xDFFF,
  0xD7DF, 0xD7BF, 0xD7DF, 0xD7BF, 0xD7DF, 0xD7DF, 0xDFDF, 0xE7FF, 0xDFBF, 0x6E3F, 0x055E, 0x053D,
  0x04BB, 0x043A, 0x0BAE, 0x250A, 0x250A, 0x250A, 0x250A, 0x250A, 0x250A, 0x250A, 0x250A, 0x250A,
  0x250A, 0x250A, 0x250A, 0x250A, 0x250A, 0x250A, 0x250A, 0x250A, 0x250A, 0x250A, 0x250A, 0x250A,
  0x250A, 0x250A, 0x250A, 0x250A, 0x250A, 0x250A, 0x250A, 0x250A, 0x250A, 0x250A, 0x250A, 0x250A,
  0x250A, 0x250A, 0x250A, 0x250A, 0x250A, 0x250A, 0x250A, 0x250A, 0x250A, 0x250A, 0x250A, 0x250A,
  0x250A, 0x250A, 0x250A, 0x250A, 0x250A, 0x250A, 0x250A, 0x250A, 0x250A, 0x250A, 0x250A, 0x250A,
  0x250A, 0x250A, 0x250A, 0x250A, 0x250A, 0x250A, 0x250A, 0x250A, 0x250A, 0x250A, 0x250A, 0x250A,
  0x250A, 0x24EA, 0x1C89, 0x0374, 0x049B, 0x04FC, 0x055D, 0x159F, 0xA6DF, 0xDFDF, 0xDFFF, 0xDFDF,
  0xD7DF, 0xD7DF, 0xCFBF, 0xCFBF, 0xD7BF, 0xD7DF, 0xDFFF, 0xE7FF, 0xE7DF, 0x9EBF, 0x0D7F, 0x055D,
  0x04FC, 0x047A, 0x0374, 0x1C89, 0x24EA, 0x250A, 0x250A, 0x250A, 0x250A, 0x250A, 0x250A, 0x250A,
  0x250A, 0x250A, 0x250A, 0x250A, 0x250A, 0x250A, 0x250A, 0x250A, 0x250A, 0x250A, 0x250A, 0x250A,
  0x250A, 0x250A, 0x250A, 0x250A, 0x250A, 0x250A, 0x250A, 0x250A, 0x250A, 0x250A, 0x250A, 0x250A,
  0x250A, 0x250A, 0x250A, 0x250A, 0x250A, 0x250A, 0x250A, 0x250A, 0x250A, 0x250A, 0x250A, 0x250A,
  0x250A, 0x250A, 0x250A, 0x250A, 0x250A, 0x250A, 0x250A, 0x250A, 0x24E9, 0x250A, 0x250A, 0x250A,
  0x250A, 0x250A, 0x250A, 0x250A, 0x250A, 0x250A, 0x250A, 0x250A, 0x250A, 0x250A, 0x250A, 0x250A,
  0x250A, 0x250A, 0x13AD, 0x0439, 0x04BB, 0x053D, 0x055E, 0x35DF, 0xC73F, 0xDFDF, 0xDFDF, 0xD7DF,
  0xD7DF, 0xCFDF, 0xCFDF, 0xD7DF, 0xD7BF, 0xD7DF, 0xDFDF, 0xDFFF, 0xE7FF, 0xC75F, 0x35BF, 0x055E,
  0x051C, 0x04BB, 0x0419, 0x0BAE, 0x250A, 0x24EA, 0x250A, 0x250A, 0x250A, 0x250A, 0x250A, 0x250A,
  0x250A, 0x250A, 0x250A, 0x250A, 0x250A, 0x250A, 0x250A, 0x250A, 0x250A, 0x250A, 0x250A, 0x250A,
  0x250A, 0x250A, 0x250A, 0x250A, 0x250A, 0x250A, 0x250A, 0x250A, 0x250A, 0x250A, 0x250A, 0x250A,
  0x250A, 0x250A, 0x250A, 0x250A, 0x250A, 0x250A, 0x250A, 0x250A, 0x250A, 0x250A, 0x250A, 0x250A,
  0x250A, 0x250A, 0x250A, 0x250A, 0x250A, 0x250A, 0x250A, 0x250A, 0x250A, 0x250A, 0x250A, 0x250A,
  0x250A, 0x250A, 0x250A, 0x250A, 0x250A, 0x250A, 0x250A, 0x250A, 0x250A, 0x250A, 0x250A, 0x24EA,
  0x250A, 0x1CA9, 0x0374, 0x047A, 0x04DB, 0x055D, 0x057E, 0x6E3F, 0xD79F, 0xDFDF, 0xDFFF, 0xD7FF,
  0xD7DF, 0xCFFF, 0xCFFF, 0xCFFF, 0xCFDF, 0xD7DF, 0xD7FF, 0xDFFF, 0xE7FF, 0xD79F, 0x663F, 0x055E,
  0x053D, 0x04FC, 0x047A, 0x0374, 0x1C89, 0x24EA, 0x250A, 0x250A, 0x250A, 0x250A, 0x250A, 0x250A,
  0x250A, 0x250A, 0x250A, 0x250A, 0x250A, 0x250A, 0x250A, 0x250A, 0x250A, 0x250A, 0x250A, 0x250A,
  0x250A, 0x250A, 0x250A, 0x250A, 0x250A, 0x250A, 0x250A, 0x250A, 0x250A, 0x250A, 0x250A, 0x250A,
  0x250A, 0x250A, 0x250A, 0x250A, 0x250A, 0x250A, 0x250A, 0x250A, 0x250A, 0x250A, 0x250A, 0x250A,
  0x250A, 0x250A, 0x250A, 0x250A, 0x250A, 0x250A, 0x250A, 0x250A, 0x250A, 0x250A, 0x250A, 0x250A,
  0x250A, 0x250A, 0x250A, 0x250A, 0x250A, 0x250A, 0x250A, 0x250A, 0x250A, 0x250A, 0x250A, 0x24EA,
  0x250A, 0x13CD, 0x0419, 0x04BB, 0x051C, 0x055E, 0x159F, 0x9EDF, 0xDFDF, 0xDFFF, 0xDFFF, 0xD7FF,
  0xCFFF, 0xCFFF, 0xCFFF, 0xCFFF, 0xCFFF, 0xCFDF, 0xD7DF, 0xDFFF, 0xDFFF, 0xDFDF, 0x9EBF, 0x0D9F,
  0x055E, 0x051C, 0x049B, 0x0419, 0x13AD, 0x250A, 0x24EA, 0x250A, 0x250A, 0x250A, 0x250A, 0x250A,
  0x250A, 0x250A, 0x250A, 0x250A, 0x250A, 0x250A, 0x250A, 0x250A, 0x250A, 0x250A, 0x250A, 0x250A,
  0x250A, 0x250A, 0x250A, 0x250A, 0x250A, 0x250A, 0x250A, 0x250A, 0x250A, 0x250A, 0x250A, 0x250A,
  0x250A, 0x250A, 0x250A, 0x250A, 0x250A, 0x250A, 0x250A, 0x250A, 0x250A, 0x250A, 0x250A, 0x250A,
  0x250A, 0x250A, 0x250A, 0x250A, 0x250A, 0x250A, 0x250A, 0x250A, 0x250A, 0x250A, 0x250A, 0x250A,
  0x250A, 0x250A, 0x250A, 0x250A, 0x250A, 0x250A, 0x250A, 0x250A, 0x250A, 0x250A, 0x24EA, 0x250A,
  0x24C9, 0x0372, 0x047A, 0x04DB, 0x053D, 0x057E, 0x3DDF, 0xC75F, 0xDFFF, 0xDFFF, 0xD7FF, 0xD7FF,
  0xCFFF, 0xCFFF, 0xCFFF, 0xCFFF, 0xCFFF, 0xCFFF, 0xD7FF, 0xD7DF, 0xDFFF, 0xDFFF, 0xC75F, 0x3DDF,
  0x055E, 0x053D, 0x04BB, 0x047A, 0x0373, 0x1CA9, 0x250A, 0x24E9, 0x250A, 0x250A, 0x250A, 0x250A,
  0x250A, 0x250A, 0x250A, 0x250A, 0x250A, 0x24EA, 0x24EA, 0x24EA, 0x250A, 0x250A, 0x250A, 0x250A,
  0x250A, 0x250A, 0x250A, 0x250A, 0x250A, 0x250A, 0x250A, 0x250A, 0x250A, 0x250A, 0x250A, 0x250A,
  0x250A, 0x250A, 0x250A, 0x250A, 0x250A, 0x250A, 0x250A, 0x250A, 0x250A, 0x250A, 0x250A, 0x250A,
  0x250A, 0x250A, 0x250A, 0x250A, 0x250A, 0x250A, 0x250A, 0x250A, 0x250A, 0x250A, 0x250A, 0x250A,
  0x250A, 0x250A, 0x250A, 0x250A, 0x250A, 0x250A, 0x250A, 0x250A, 0x250A, 0x250A, 0x250A, 0x250A,
  0x140B, 0x03F8, 0x049A, 0x04FC, 0x055E, 0x057F, 0x767F, 0xD7BF, 0xDFFF, 0xD7FF, 0xD7FF, 0xCFFF,
  0xCFFF, 0xCFFF, 0xC7FF, 0xC7FF, 0xC7FF, 0xCFFF, 0xCFDF, 0xD7DF, 0xD7DF, 0xDFDF, 0xD7BF, 0x765F,
  0x055E, 0x053D, 0x04FC, 0x047A, 0x03F8, 0x13CC, 0x250A, 0x24EA, 0x250A, 0x250A, 0x250A, 0x250A,
  0x250A, 0x250A, 0x250A, 0x250A, 0x250A, 0x250A, 0x250A, 0x250A, 0x24EA, 0x24E9, 0x250A, 0x250A,
  0x250A, 0x250A, 0x250A, 0x250A, 0x250A, 0x250A, 0x250A, 0x250A, 0x250A, 0x250A, 0x250A, 0x250A,
  0x250A, 0x250A, 0x250A, 0x250A, 0x250A, 0x250A, 0x250A, 0x250A, 0x250A, 0x250A, 0x250A, 0x250A,
  0x250A, 0x250A, 0x250A, 0x250A, 0x250A, 0x250A, 0x250A, 0x250A, 0x250A, 0x250A, 0x250A, 0x250A,
  0x250A, 0x250A, 0x250A, 0x250A, 0x250A, 0x250A, 0x250A, 0x250A, 0x250A, 0x250A, 0x250A, 0x24EA,
  0x0B70, 0x045A, 0x04BB, 0x051D, 0x055E, 0x25BF, 0xA6FF, 0xD7FF, 0xDFFF, 0xD7FF, 0xCFFF, 0xCFFF,
  0xC7FF, 0xC7FF, 0xC7FF, 0xC7FF, 0xC7DF, 0xC7DF, 0xC7DF, 0xCFDF, 0xD7DF, 0xDFDF, 0xDFDF, 0xAEFF,
  0x1D9F, 0x055E, 0x051D, 0x04BB, 0x045A, 0x0372, 0x24E9, 0x250A, 0x24EA, 0x250A, 0x250A, 0x250A,
  0x250A, 0x250A, 0x250A, 0x250A, 0x250A, 0x3469, 0x3469, 0x24E9, 0x250A, 0x250A, 0x24EA, 0x24E9,
  0x250A, 0x250A, 0x250A, 0x250A, 0x250A, 0x250A, 0x250A, 0x250A, 0x250A, 0x250A, 0x250A, 0x250A,
  0x250A, 0x250A, 0x250A, 0x250A, 0x250A, 0x250A, 0x250A, 0x250A, 0x250A, 0x250A, 0x250A, 0x250A,
  0x250A, 0x250A, 0x250A, 0x250A, 0x250A, 0x250A, 0x250A, 0x250A, 0x250A, 0x250A, 0x250A, 0x250A,
  0x250A, 0x250A, 0x250A, 0x250A, 0x250A, 0x250A, 0x250A, 0x250A, 0x250A, 0x250A, 0x250A, 0x1C4A,
  0x0396, 0x047A, 0x04DC, 0x053D, 0x057F, 0x4E1F, 0xC77F, 0xD7FF, 0xD7FF, 0xCFFF, 0xC7FF, 0xC7FF,
  0xC7FF, 0xC7FF, 0xBFFF, 0xBFFF, 0xBFDF, 0xC7DF, 0xC7BF, 0xC7BF, 0xCFBF, 0xD7DF, 0xDFDF, 0xCF7F,
  0x4DFF, 0x055E, 0x053D, 0x04DC, 0x047A, 0x0396, 0x1C2A, 0x250A, 0x24EA, 0x250A, 0x250A, 0x250A,
  0x250A, 0x250A, 0x250A, 0x250A, 0x250A, 0x5B27, 0xABA8, 0x7B47, 0x4BA7, 0x2C89, 0x250A, 0x250A,
  0x24EA, 0x24EA, 0x250A, 0x250A, 0x250A, 0x250A, 0x250A, 0x250A, 0x250A, 0x250A, 0x250A, 0x250A,
  0x250A, 0x250A, 0x250A, 0x250A, 0x250A, 0x250A, 0x250A, 0x250A, 0x250A, 0x250A, 0x250A, 0x250A,
  0x250A, 0x250A, 0x250A, 0x250A, 0x250A, 0x250A, 0x250A, 0x250A, 0x250A, 0x250A, 0x250A, 0x250A,
  0x250A, 0x250A, 0x250A, 0x250A, 0x250A, 0x250A, 0x250A, 0x250A, 0x250A, 0x24EA, 0x250A, 0x13CD,
  0x0419, 0x049A, 0x04FC, 0x055E, 0x0D7F, 0x7E7F, 0xCFBF, 0xD7FF, 0xCFFF, 0xC7FF, 0xC7FF, 0xBFFF,
  0xBFFF, 0xBFFF, 0xBFDF, 0xBFDF, 0xBFDF, 0xBFBF, 0xBFBF, 0xC7BF, 0xC7BF, 0xCF9F, 0xD7BF, 0xD79F,
  0x867F, 0x055E, 0x053D, 0x04FC, 0x049A, 0x0439, 0x0B8E, 0x250A, 0x250A, 0x250A, 0x250A, 0x250A,
  0x250A, 0x250A, 0x250A, 0x24E9, 0x250A, 0x3408, 0x9B27, 0xBC4A, 0xA327, 0x82C6, 0x5B67, 0x2C89,
  0x250A, 0x250A, 0x24E9, 0x250A, 0x250A, 0x250A, 0x250A, 0x250A, 0x250A, 0x250A, 0x250A, 0x250A,
  0x250A, 0x250A, 0x250A, 0x250A, 0x250A, 0x250A, 0x250A, 0x250A, 0x250A, 0x250A, 0x250A, 0x250A,
  0x250A, 0x250A, 0x250A, 0x250A, 0x250A, 0x250A, 0x250A, 0x250A, 0x250A, 0x250A, 0x250A, 0x250A,
  0x250A, 0x250A, 0x250A, 0x250A, 0x250A, 0x250A, 0x250A, 0x250A, 0x250A, 0x250A, 0x24E9, 0x0372,
  0x045A, 0x04BB, 0x051D, 0x055E, 0x25BF, 0xA6FF, 0xCFBF, 0xCFDF, 0xC7DF, 0xBFDF, 0xBFFF, 0xBFDF,
  0xBFDF, 0xB7FF, 0xB7DF, 0xB7DF, 0xB7BF, 0xB7BF, 0xBF9F, 0xBF9F, 0xBF9F, 0xC79F, 0xCF9F, 0xD79F,
  0xB6FF, 0x1D9F, 0x055D, 0x051C, 0x04BB, 0x045A, 0x0353, 0x24C9, 0x250A, 0x250A, 0x250A, 0x250A,
  0x250A, 0x250A, 0x250A, 0x2509, 0x250A, 0x2C89, 0x8AE6, 0xBC2A, 0xA3A9, 0x9B07, 0x9B06, 0x7AC6,
  0x43A7, 0x24E9, 0x250A, 0x24EA, 0x250A, 0x250A, 0x250A, 0x250A, 0x250A, 0x250A, 0x250A, 0x250A,
  0x250A, 0x250A, 0x250A, 0x250A, 0x250A, 0x250A, 0x250A, 0x250A, 0x250A, 0x250A, 0x250A, 0x250A,
  0x250A, 0x250A, 0x250A, 0x250A, 0x250A, 0x250A, 0x250A, 0x250A, 0x250A, 0x250A, 0x250A, 0x250A,
  0x250A, 0x250A, 0x250A, 0x250A, 0x250A, 0x250A, 0x250A, 0x250A, 0x250A, 0x250A, 0x1C6A, 0x0396,
  0x045A, 0x04BB, 0x051D, 0x055F, 0x45FF, 0xBF5F, 0xCFBF, 0xC7BF, 0xBFBF, 0xBFBF, 0xB7DF, 0xB7DF,
  0xB7DF, 0xB7DF, 0xB7BF, 0xB7BF, 0xB7BF, 0xB79F, 0xB79F, 0xB77F, 0xBF7F, 0xBF7F, 0xC77F, 0xCF7F,
  0xCF5F, 0x45DF, 0x053D, 0x051D, 0x04BB, 0x047A, 0x0396, 0x1C2A, 0x250A, 0x250A, 0x250A, 0x250A,
  0x250A, 0x250A, 0x250A, 0x250A, 0x24EA, 0x2C49, 0x9B47, 0xB40A, 0xABC9, 0x9B48, 0x8AE6, 0x92C6,
  0x92C6, 0x6306, 0x2C68, 0x250A, 0x24E9, 0x250A, 0x250A, 0x250A, 0x250A, 0x250A, 0x250A, 0x250A,
  0x250A, 0x250A, 0x250A, 0x250A, 0x250A, 0x250A, 0x250A, 0x250A, 0x250A, 0x250A, 0x250A, 0x250A,
  0x250A, 0x250A, 0x250A, 0x250A, 0x250A, 0x250A, 0x250A, 0x250A, 0x250A, 0x250A, 0x250A, 0x250A,
  0x250A, 0x250A, 0x250A, 0x250A, 0x250A, 0x250A, 0x250A, 0x250A, 0x250A, 0x250A, 0x13EC, 0x03F8,
  0x047A, 0x04DC, 0x053D, 0x0D7F, 0x663F, 0xC77F, 0xC79F, 0xBFBF, 0xB7BF, 0xB7BF, 0xB7BF, 0xB7DF,
  0xAFBF, 0xAFBF, 0xAFBF, 0xAFBF, 0xAF9F, 0xAF9F, 0xAF9F, 0xAF7F, 0xB75F, 0xB75F, 0xBF5F, 0xC75F,
  0xD75F, 0x661F, 0x053E, 0x051D, 0x04DC, 0x047A, 0x0419, 0x13CD, 0x250A, 0x250A, 0x250A, 0x250A,
  0x250A, 0x250A, 0x250A, 0x24EA, 0x250A, 0x4BA7, 0xB3C9, 0xABE9, 0xA3A8, 0x9B68, 0x9307, 0x8AC6,
  0x8AC6, 0x92C6, 0x7AA6, 0x3408, 0x250A, 0x24EA, 0x24EA, 0x250A, 0x250A, 0x250A, 0x250A, 0x250A,
  0x250A, 0x250A, 0x250A, 0x250A, 0x250A, 0x250A, 0x250A, 0x250A, 0x250A, 0x250A, 0x250A, 0x250A,
  0x250A, 0x250A, 0x250A, 0x250A, 0x250A, 0x250A, 0x250A, 0x250A, 0x250A, 0x250A, 0x250A, 0x250A,
  0x250A, 0x250A, 0x250A, 0x250A, 0x250A, 0x250A, 0x250A, 0x250A, 0x250A, 0x250A, 0x0BAF, 0x043A,
  0x049A, 0x04FC, 0x0D3E, 0x0D7F, 0x7E7F, 0xBF5F, 0xBF7F, 0xB79F, 0xB79F, 0xAFBF, 0xAFBF, 0xAFBF,
  0xAFBF, 0xAFBF, 0xAFBF, 0xAF9F, 0xA77F, 0xA77F, 0xAF7F, 0xAF5F, 0xAF5F, 0xAF3F, 0xB73F, 0xB73F,
  0xCF5F, 0x865F, 0x055E, 0x053D, 0x04DC, 0x049A, 0x043A, 0x0B90, 0x24EA, 0x250A, 0x250A, 0x250A,
  0x250A, 0x250A, 0x24E9, 0x24EA, 0x24A9, 0x8B27, 0xABE9, 0xABA9, 0xA368, 0x9B48, 0x9B27, 0x92E7,
  0x8AC6, 0x8AC6, 0x8AC6, 0x8285, 0x43A7, 0x250A, 0x24EA, 0x24EA, 0x250A, 0x250A, 0x250A, 0x250A,
  0x250A, 0x250A, 0x250A, 0x250A, 0x250A, 0x250A, 0x250A, 0x250A, 0x250A, 0x250A, 0x250A, 0x250A,
  0x250A, 0x250A, 0x250A, 0x250A, 0x250A, 0x250A, 0x250A, 0x250A, 0x250A, 0x250A, 0x250A, 0x250A,
  0x250A, 0x250A, 0x250A, 0x250A, 0x250A, 0x250A, 0x250A, 0x250A, 0x250A, 0x24E9, 0x0372, 0x045A,
  0x049B, 0x04FC, 0x0D3E, 0x159F, 0x869F, 0xB75F, 0xB77F, 0xB77F, 0xAF9F, 0xAF9F, 0xA79F, 0xA79F,
  0xA79F, 0xA79F, 0xA79F, 0xA79F, 0xA77F, 0xA77F, 0xA75F, 0xA75F, 0xA73F, 0xAF3F, 0xAF3F, 0xAF1F,
  0xC73F, 0x8E7F, 0x053E, 0x053D, 0x04FC, 0x049B, 0x045A, 0x0373, 0x1CA9, 0x250A, 0x250A, 0x250A,
  0x250A, 0x250A, 0x250A, 0x250A, 0x5387, 0xAB88, 0xA3A8, 0xA388, 0x9B68, 0x9B47, 0x9327, 0x9327,
  0x9307, 0x8AC6, 0x8AA6, 0x8AC6, 0x8AA6, 0x4367, 0x250A, 0x24EA, 0x24EA, 0x250A, 0x250A, 0x250A,
  0x250A, 0x250A, 0x250A, 0x250A, 0x250A, 0x250A, 0x250A, 0x250A, 0x250A, 0x250A, 0x250A, 0x250A,
  0x250A, 0x250A, 0x250A, 0x250A, 0x250A, 0x250A, 0x250A, 0x250A, 0x250A, 0x250A, 0x250A, 0x250A,
  0x250A, 0x250A, 0x250A, 0x250A, 0x250A, 0x250A, 0x250A, 0x250A, 0x250A, 0x1C89, 0x0374, 0x045A,
  0x049B, 0x04FD, 0x0D5E, 0x159F, 0x7E7F, 0xAF3F, 0xAF5F, 0xAF5F, 0xA77F, 0xA79F, 0xA79F, 0xA79F,
  0xA79F, 0xA79F, 0x9F9F, 0x9F7F, 0x9F7F, 0x9F5F, 0x9F3F, 0x9F3F, 0xA71F, 0xA71F, 0xA71F, 0xAEFF,
  0xB6FF, 0x8E7F, 0x055E, 0x053D, 0x04FC, 0x049B, 0x045A, 0x0375, 0x1C6A, 0x250A, 0x250A, 0x250A,
  0x250A, 0x2509, 0x250A, 0x2C89, 0x8B06, 0xA368, 0xA368, 0x9B68, 0x9B48, 0x9B27, 0x9B27, 0x9B27,
  0x9B47, 0x9B27, 0x92E6, 0x8AA6, 0x8AA6, 0x8A85, 0x4367, 0x250A, 0x24E9, 0x250A, 0x250A, 0x250A,
  0x250A, 0x250A, 0x250A, 0x250A, 0x250A, 0x250A, 0x250A, 0x250A, 0x250A, 0x250A, 0x250A, 0x250A,
  0x250A, 0x250A, 0x250A, 0x250A, 0x250A, 0x250A, 0x250A, 0x250A, 0x250A, 0x250A, 0x250A, 0x250A,
  0x250A, 0x250A, 0x250A, 0x250A, 0x250A, 0x250A, 0x250A, 0x250A, 0x250A, 0x1C4A, 0x0396, 0x045A,
  0x04BB, 0x051D, 0x155E, 0x159F, 0x6E5F, 0xA6FF, 0xA73F, 0xA75F, 0xA75F, 0x9F7F, 0x9F9F, 0x9F7F,
  0x9F9F, 0x9F7F, 0x9F7F, 0x9F7F, 0x9F5F, 0x9F5F, 0x9F3F, 0x9F1F, 0x9F1F, 0x9EFF, 0xA6FF, 0x9EDF,
  0xA6DF, 0x7E5F, 0x055E, 0x053D, 0x04FC, 0x04BB, 0x045A, 0x03D7, 0x140B, 0x250A, 0x250A, 0x250A,
  0x250A, 0x24EA, 0x250A, 0x4BC8, 0x9B07, 0x9327, 0x9B27, 0x9327, 0x9327, 0x9B27, 0x9B27, 0xA368,
  0xABC9, 0xA388, 0x9307, 0x8AC6, 0x8AA6, 0x8285, 0x7A45, 0x3408, 0x250A, 0x2509, 0x250A, 0x250A,
  0x250A, 0x250A, 0x250A, 0x250A, 0x250A, 0x250A, 0x250A, 0x250A, 0x250A, 0x250A, 0x250A, 0x250A,
  0x250A, 0x250A, 0x250A, 0x250A, 0x250A, 0x250A, 0x250A, 0x250A, 0x250A, 0x250A, 0x250A, 0x250A,
  0x250A, 0x250A, 0x250A, 0x250A, 0x250A, 0x250A, 0x250A, 0x250A, 0x250A, 0x1C2B, 0x03D7, 0x047A,
  0x04BB, 0x051D, 0x155F, 0x159F, 0x561F, 0x96DF, 0x971F, 0x9F3F, 0x9F5F, 0x9F5F, 0x9F7F, 0x977F,
  0x977F, 0x9F7F, 0x977F, 0x975F, 0x975F, 0x973F, 0x973F, 0x971F, 0x96FF, 0x96FF, 0x96DF, 0x96BF,
  0x969F, 0x65FF, 0x055E, 0x053D, 0x04FC, 0x04BB, 0x047A, 0x0418, 0x13ED, 0x250A, 0x250A, 0x250A,
  0x250A, 0x250A, 0x250A, 0x6326, 0x92C6, 0x8AC6, 0x8AC6, 0x8AC6, 0x8AE6, 0x9307, 0xA388, 0xB3E9,
  0xABE9, 0xA368, 0x9307, 0x8AC6, 0x8AA6, 0x8265, 0x8265, 0x6244, 0x24C9, 0x24EA, 0x24EA, 0x250A,
  0x250A, 0x250A, 0x250A, 0x250A, 0x250A, 0x250A, 0x250A, 0x250A, 0x250A, 0x250A, 0x250A, 0x250A,
  0x250A, 0x250A, 0x250A, 0x250A, 0x250A, 0x250A, 0x250A, 0x250A, 0x250A, 0x250A, 0x250A, 0x250A,
  0x250A, 0x250A, 0x250A, 0x250A, 0x250A, 0x250A, 0x250A, 0x250A, 0x250A, 0x140D, 0x0C19, 0x047A,
  0x04DC, 0x0D1D, 0x155F, 0x1D9F, 0x3DFF, 0x7E9F, 0x8EDF, 0x8F1F, 0x8F3F, 0x975F, 0x975F, 0x975F,
  0x975F, 0x975F, 0x975F, 0x8F5F, 0x8F3F, 0x8F1F, 0x8F1F, 0x8EFF, 0x8EDF, 0x8EBF, 0x8E9F, 0x867F,
  0x7E3F, 0x45BF, 0x055E, 0x053D, 0x04FC, 0x04DB, 0x049A, 0x0C39, 0x13AE, 0x250A, 0x250A, 0x250A,
  0x24EA, 0x250A, 0x24EA, 0x6AA6, 0x8285, 0x7A65, 0x8285, 0x8285, 0x82A6, 0x9B48, 0xABA9, 0xABA8,
  0xA388, 0x9B47, 0x92E6, 0x8AA6, 0x8285, 0x8265, 0x7A45, 0x7A04, 0x3B87, 0x250A, 0x24E9, 0x250A,
  0x250A, 0x250A, 0x250A, 0x250A, 0x250A, 0x250A, 0x250A, 0x250A, 0x250A, 0x250A, 0x250A, 0x250A,
  0x250A, 0x250A, 0x250A, 0x250A, 0x250A, 0x250A, 0x250A, 0x250A, 0x250A, 0x250A, 0x250A, 0x250A,
  0x250A, 0x250A, 0x250A, 0x250A, 0x250A, 0x250A, 0x250A, 0x250A, 0x250A, 0x13EE, 0x0C5A, 0x0C9B,
  0x04DC, 0x0D1D, 0x155F, 0x1D9F, 0x2DDF, 0x665F, 0x76BF, 0x7EDF, 0x86FF, 0x873F, 0x873F, 0x873F,
  0x875F, 0x873F, 0x873F, 0x871F, 0x871F, 0x86FF, 0x86DF, 0x7EDF, 0x7EBF, 0x7E9F, 0x767F, 0x6E3F,
  0x5DFF, 0x259F, 0x055E, 0x053D, 0x04FC, 0x04DC, 0x0C9B, 0x147A, 0x13D0, 0x250A, 0x250A, 0x250A,
  0x24E9, 0x24EA, 0x24E9, 0x6265, 0x7A25, 0x7224, 0x7224, 0x7A45, 0x92E6, 0xA347, 0xA368, 0xA388,
  0xA368, 0x9307, 0x8AC6, 0x8AA6, 0x8285, 0x7A65, 0x7224, 0x7204, 0x5244, 0x24EA, 0x250A, 0x24EA,
  0x250A, 0x250A, 0x250A, 0x250A, 0x250A, 0x250A, 0x250A, 0x250A, 0x250A, 0x250A, 0x250A, 0x250A,
  0x250A, 0x250A, 0x250A, 0x250A, 0x250A, 0x250A, 0x250A, 0x250A, 0x250A, 0x250A, 0x250A, 0x250A,
  0x250A, 0x250A, 0x250A, 0x250A, 0x250A, 0x250A, 0x250A, 0x250A, 0x250A, 0x1C0E, 0x14BB, 0x0CBB,
  0x0CFC, 0x0D1D, 0x155F, 0x1D9F, 0x25DF, 0x461F, 0x5E7F, 0x6EBF, 0x6EDF, 0x76FF, 0x771F, 0x771F,
  0x771F, 0x7F1F, 0x76FF, 0x76FF, 0x76FF, 0x76DF, 0x76BF, 0x6E9F, 0x6E7F, 0x665F, 0x5E1F, 0x55FF,
  0x35BF, 0x0D7F, 0x055E, 0x053D, 0x051D, 0x0CFC, 0x14DB, 0x14BB, 0x1C12, 0x250A, 0x250A, 0x24EA,
  0x250A, 0x250A, 0x250A, 0x4346, 0x8265, 0x7A65, 0x82A6, 0x9B27, 0xA388, 0xABA9, 0xABC9, 0xA388,
  0x9B27, 0x8AC6, 0x8AA6, 0x8286, 0x8265, 0x7A45, 0x7224, 0x71E4, 0x61A3, 0x2469, 0x250A, 0x24E9,
  0x250A, 0x250A, 0x250A, 0x250A, 0x250A, 0x250A, 0x250A, 0x250A, 0x250A, 0x250A, 0x250A, 0x250A,
  0x250A, 0x250A, 0x250A, 0x250A, 0x250A, 0x250A, 0x250A, 0x250A, 0x250A, 0x250A, 0x250A, 0x250A,
  0x250A, 0x250A, 0x250A, 0x250A, 0x250A, 0x250A, 0x250A, 0x250A, 0x250A, 0x1C0F, 0x1CFC, 0x14FC,
  0x151D, 0x0D3D, 0x155F, 0x1D9F, 0x25BF, 0x2DFF, 0x3E3F, 0x4E7F, 0x569F, 0x5EBF, 0x66BF, 0x66DF,
  0x66DF, 0x66DF, 0x66DF, 0x66BF, 0x66BF, 0x669F, 0x5E7F, 0x565F, 0x563F, 0x4E1F, 0x3DDF, 0x2DBF,
  0x159F, 0x0D7E, 0x055E, 0x053D, 0x0D1D, 0x0D1D, 0x14FC, 0x1CFC, 0x1C33, 0x250A, 0x2509, 0x250A,
  0x24E9, 0x3C48, 0x53A8, 0x8347, 0xA347, 0xA368, 0xABA9, 0xB3E9, 0xB40A, 0xB409, 0xABC9, 0x9B47,
  0x92E6, 0x8AA6, 0x8285, 0x8265, 0x7A45, 0x7A25, 0x7204, 0x69E4, 0x6183, 0x2BE8, 0x250A, 0x24E9,
  0x250A, 0x250A, 0x250A, 0x250A, 0x250A, 0x250A, 0x250A, 0x250A, 0x250A, 0x250A, 0x250A, 0x250A,
  0x250A, 0x250A, 0x250A, 0x250A, 0x250A, 0x250A, 0x250A, 0x250A, 0x250A, 0x250A, 0x250A, 0x250A,
  0x250A, 0x250A, 0x250A, 0x250A, 0x250A, 0x250A, 0x250A, 0x250A, 0x250A, 0x1C4F, 0x251D, 0x1D1C,
  0x153D, 0x153E, 0x155E, 0x1D7F, 0x25BF, 0x25FF, 0x2E1F, 0x363F, 0x3E5F, 0x3E7F, 0x469F, 0x469F,
  0x4E9F, 0x4E9F, 0x469F, 0x467F, 0x467F, 0x3E5F, 0x3E3F, 0x361F, 0x2DFF, 0x25DF, 0x1DBF, 0x159F,
  0x0D7F, 0x0D7E, 0x053E, 0x053D, 0x0D3D, 0x151D, 0x1D1D, 0x253D, 0x1C52, 0x24EA, 0x250A, 0x3C28,
  0x7B67, 0xAB88, 0xBC0A, 0xBC2A, 0xB42A, 0xBC2A, 0xBC2A, 0xB40A, 0xB3E9, 0xABA9, 0x9B48, 0x92E6,
  0x8AA6, 0x8285, 0x7A65, 0x7A45, 0x7A25, 0x7204, 0x69E4, 0x61C3, 0x5963, 0x2BC7, 0x24E9, 0x24E9,
  0x250A, 0x250A, 0x250A, 0x250A, 0x250A, 0x250A, 0x250A, 0x250A, 0x250A, 0x250A, 0x250A, 0x250A,
  0x250A, 0x250A, 0x250A, 0x250A, 0x250A, 0x250A, 0x250A, 0x250A, 0x250A, 0x250A, 0x250A, 0x250A,
  0x250A, 0x250A, 0x250A, 0x250A, 0x250A, 0x250A, 0x250A, 0x250A, 0x250A, 0x1C6E, 0x255D, 0x1D3D,
  0x1D3D, 0x153E, 0x155E, 0x1D7F, 0x1D9F, 0x25DF, 0x2DFF, 0x2E1F, 0x363F, 0x365F, 0x365F, 0x367F,
  0x367F, 0x367F, 0x365F, 0x365F, 0x365F, 0x2E3F, 0x2E1F, 0x25FF, 0x25DF, 0x1DBF, 0x1DBF, 0x159F,
  0x0D7F, 0x0D5E, 0x053D, 0x0D3D, 0x153D, 0x1D3D, 0x1D3D, 0x255E, 0x2451, 0x250A, 0x4BC8, 0xA367,
  0xBC09, 0xBC6B, 0xC4AB, 0xC48B, 0xBC6B, 0xBC2A, 0xB40A, 0xABC9, 0xA388, 0x9B27, 0x8AE6, 0x82A6,
  0x8265, 0x7A45, 0x7A45, 0x7224, 0x7204, 0x69C4, 0x61A3, 0x6183, 0x5122, 0x2408, 0x250A, 0x250A,
  0x250A, 0x24E9, 0x250A, 0x250A, 0x250A, 0x250A, 0x250A, 0x250A, 0x250A, 0x250A, 0x250A, 0x250A,
  0x250A, 0x250A, 0x250A, 0x250A, 0x250A, 0x250A, 0x250A, 0x250A, 0x250A, 0x250A, 0x250A, 0x250A,
  0x250A, 0x250A, 0x250A, 0x250A, 0x250A, 0x250A, 0x250A, 0x250A, 0x250A, 0x248C, 0x253D, 0x255E,
  0x1D5E, 0x155E, 0x155E, 0x1D7F, 0x1D7F, 0x25BF, 0x2DDF, 0x2DFF, 0x2E1F, 0x363F, 0x365F, 0x365F,
  0x365F, 0x365F, 0x365F, 0x363F, 0x2E3F, 0x2E1F, 0x2DFF, 0x25FF, 0x25DF, 0x1DBF, 0x159F, 0x157F,
  0x0D5E, 0x0D3E, 0x0D3D, 0x0D3D, 0x153D, 0x1D5E, 0x255E, 0x2D7E, 0x1C6F, 0x4408, 0xA327, 0xA388,
  0xABE9, 0xBC2A, 0xBC4A, 0xB42A, 0xABE9, 0xABA9, 0x9B68, 0x9327, 0x92E7, 0x8AA6, 0x8285, 0x7A65,
  0x7A45, 0x7224, 0x7204, 0x69E4, 0x69C3, 0x61A3, 0x5983, 0x5122, 0x48E1, 0x3BA8, 0x3448, 0x24A9,
  0x250A, 0x250A, 0x2509, 0x250A, 0x250A, 0x250A, 0x250A, 0x250A, 0x250A, 0x250A, 0x250A, 0x250A,
  0x250A, 0x250A, 0x250A, 0x250A, 0x250A, 0x250A, 0x250A, 0x250A, 0x250A, 0x250A, 0x250A, 0x250A,
  0x250A, 0x250A, 0x250A, 0x250A, 0x250A, 0x250A, 0x250A, 0x250A, 0x250A, 0x24AA, 0x251B, 0x259F,
  0x1D5E, 0x1D5E, 0x155E, 0x155F, 0x1D7F, 0x259F, 0x25BF, 0x2DDF, 0x2DFF, 0x2E1F, 0x361F, 0x361F,
  0x363F, 0x363F, 0x2E1F, 0x2E1F, 0x2E1F, 0x2DFF, 0x25DF, 0x25DF, 0x1DBF, 0x1D9F, 0x157F, 0x155F,
  0x0D5E, 0x0D3D, 0x0D3D, 0x153D, 0x1D5E, 0x1D5E, 0x257E, 0x255D, 0x244B, 0x8306, 0x9B27, 0x9B27,
  0xA368, 0xA368, 0xA368, 0x9B48, 0x9307, 0x92E7, 0x8AC6, 0x82A6, 0x8285, 0x8265, 0x7A45, 0x7A25,
  0x7224, 0x7204, 0x69E4, 0x61C3, 0x61A3, 0x5963, 0x5102, 0x5102, 0x7A45, 0x92E6, 0x8AC6, 0x7AC6,
  0x5367, 0x2C89, 0x250A, 0x2509, 0x250A, 0x250A, 0x250A, 0x250A, 0x250A, 0x250A, 0x250A, 0x250A,
  0x250A, 0x250A, 0x250A, 0x250A, 0x250A, 0x250A, 0x250A, 0x250A, 0x250A, 0x250A, 0x250A, 0x250A,
  0x250A, 0x250A, 0x250A, 0x250A, 0x250A, 0x250A, 0x250A, 0x250A, 0x250A, 0x24E9, 0x24F7, 0x2DDF,
  0x257E, 0x1D5E, 0x1D5E, 0x153E, 0x1D5F, 0x1D7F, 0x259F, 0x25BF, 0x25DF, 0x2DDF, 0x2DFF, 0x2DFF,
  0x2DFF, 0x2DFF, 0x2DFF, 0x2DFF, 0x25DF, 0x25DF, 0x25BF, 0x1D9F, 0x1D9F, 0x157F, 0x155F, 0x0D3E,
  0x0D3D, 0x0D1D, 0x0D3D, 0x153D, 0x1D5E, 0x257E, 0x2DBF, 0x253A, 0x4BA8, 0x9B07, 0x92E6, 0x92E6,
  0x92C6, 0x8AC6, 0x8AA6, 0x82A6, 0x8286, 0x8285, 0x8265, 0x7A65, 0x7A45, 0x7A45, 0x7224, 0x7204,
  0x69E4, 0x69C3, 0x61A3, 0x6183, 0x5942, 0x5102, 0x6183, 0x8285, 0x8AC6, 0x8AA6, 0x8AA6, 0x8AA6,
  0x92C6, 0x72A5, 0x3408, 0x250A, 0x24E9, 0x250A, 0x250A, 0x250A, 0x250A, 0x250A, 0x250A, 0x250A,
  0x250A, 0x250A, 0x250A, 0x250A, 0x250A, 0x250A, 0x250A, 0x250A, 0x250A, 0x250A, 0x250A, 0x250A,
  0x250A, 0x250A, 0x250A, 0x250A, 0x250A, 0x250A, 0x250A, 0x250A, 0x250A, 0x250A, 0x24D1, 0x2DFF,
  0x257E, 0x257E, 0x1D5E, 0x153E, 0x153E, 0x1D5F, 0x1D7F, 0x257F, 0x259F, 0x25BF, 0x25BF, 0x2DDF,
  0x2DDF, 0x25DF, 0x25DF, 0x25BF, 0x25BF, 0x25BF, 0x1D9F, 0x1D7F, 0x157F, 0x155E, 0x0D3E, 0x0D3D,
  0x0D1D, 0x0D1D, 0x153D, 0x1D5D, 0x257E, 0x257E, 0x2DFF, 0x24D4, 0x7306, 0x9AE6, 0x8AC6, 0x8AA6,
  0x8286, 0x8285, 0x8265, 0x8265, 0x7A65, 0x7A65, 0x7A45, 0x7A45, 0x7A25, 0x7224, 0x7204, 0x69E4,
  0x61C3, 0x61A3, 0x5963, 0x5122, 0x5963, 0x7A45, 0x8AC6, 0x8AA6, 0x8286, 0x8286, 0x8286, 0x8286,
  0x8286, 0x8AA6, 0x7244, 0x2C48, 0x250A, 0x24E9, 0x250A, 0x250A, 0x250A, 0x250A, 0x250A, 0x250A,
  0x250A, 0x250A, 0x250A, 0x250A, 0x250A, 0x250A, 0x250A, 0x250A, 0x250A, 0x250A, 0x250A, 0x250A,
  0x250A, 0x250A, 0x250A, 0x250A, 0x250A, 0x250A, 0x250A, 0x250A, 0x250A, 0x250A, 0x24AB, 0x2D9D,
  0x2DBF, 0x257E, 0x1D5E, 0x1D3D, 0x153E, 0x153E, 0x155E, 0x1D5F, 0x1D7F, 0x1D7F, 0x259F, 0x259F,
  0x259F, 0x259F, 0x259F, 0x259F, 0x1D7F, 0x1D7F, 0x1D7F, 0x155F, 0x155E, 0x0D3E, 0x0D1D, 0x0D1D,
  0x0D1D, 0x151D, 0x153D, 0x1D5E, 0x257E, 0x2D9F, 0x2DDF, 0x2C4C, 0x82C6, 0x8AC6, 0x8AA6, 0x8286,
  0x7A65, 0x7A45, 0x7A65, 0x7A65, 0x7A45, 0x7A45, 0x7A45, 0x7A25, 0x7224, 0x7204, 0x69E4, 0x61A3,
  0x5963, 0x5122, 0x5963, 0x7224, 0x8AC6, 0x8AC6, 0x8286, 0x8285, 0x8286, 0x8286, 0x82A6, 0x8286,
  0x8285, 0x7A65, 0x8265, 0x52A5, 0x24EA, 0x2509, 0x250A, 0x250A, 0x250A, 0x250A, 0x250A, 0x250A,
  0x250A, 0x250A, 0x250A, 0x250A, 0x250A, 0x250A, 0x250A, 0x250A, 0x250A, 0x250A, 0x250A, 0x250A,
  0x250A, 0x250A, 0x250A, 0x250A, 0x250A, 0x250A, 0x250A, 0x250A, 0x250A, 0x250A, 0x24EA, 0x24F6,
  0x361F, 0x2D9F, 0x257E, 0x1D5E, 0x1D3D, 0x153D, 0x153E, 0x153E, 0x1D3F, 0x1D5F, 0x1D5F, 0x1D7F,
  0x1D7F, 0x1D7F, 0x1D7F, 0x1D7F, 0x1D5F, 0x155F, 0x155E, 0x153E, 0x153E, 0x0D1D, 0x0D1D, 0x0D1D,
  0x151D, 0x153D, 0x1D5E, 0x257E, 0x259F, 0x2DFF, 0x2D39, 0x2C28, 0x8AA6, 0x8AA6, 0x8286, 0x8285,
  0x8AC6, 0x9B27, 0x9B47, 0x9B27, 0x9307, 0x82A6, 0x7A45, 0x7A25, 0x7224, 0x69E4, 0x6183, 0x5962,
  0x61A3, 0x7A45, 0x8AE6, 0x92E6, 0x8AA6, 0x8286, 0x8AA6, 0x8AE6, 0x9307, 0x92E6, 0x8AC6, 0x8AC6,
  0x8286, 0x7A65, 0x7A45, 0x69E4, 0x2C48, 0x250A, 0x24E9, 0x250A, 0x250A, 0x250A, 0x250A, 0x250A,
  0x250A, 0x250A, 0x250A, 0x250A, 0x250A, 0x250A, 0x250A, 0x250A, 0x250A, 0x250A, 0x250A, 0x250A,
  0x250A, 0x250A, 0x250A, 0x250A, 0x250A, 0x250A, 0x250A, 0x250A, 0x250A, 0x250A, 0x250A, 0x24AC,
  0x2DBE, 0x2DDF, 0x259F, 0x257E, 0x1D5E, 0x153D, 0x153D, 0x151D, 0x153E, 0x153E, 0x1D5F, 0x1D3E,
  0x1D5F, 0x1D5F, 0x153F, 0x153E, 0x155E, 0x153E, 0x153E, 0x151D, 0x0D1D, 0x0D1D, 0x0D1D, 0x151D,
  0x153D, 0x1D5D, 0x257E, 0x259F, 0x2DDF, 0x361F, 0x24AE, 0x3428, 0x8285, 0x8286, 0x82A6, 0x9B27,
  0x8AC6, 0x69C3, 0x6183, 0x69A3, 0x71E3, 0x8244, 0x82A6, 0x7A45, 0x69E4, 0x61C3, 0x7204, 0x8AA6,
  0x9B27, 0x9B27, 0x8AE6, 0x8AA6, 0x8AA6, 0x92E6, 0x9307, 0x7A24, 0x5922, 0x48E1, 0x48C1, 0x5901,
  0x69C3, 0x7A45, 0x7224, 0x69C3, 0x33C7, 0x250A, 0x24E9, 0x250A, 0x250A, 0x250A, 0x250A, 0x250A,
  0x250A, 0x250A, 0x250A, 0x250A, 0x250A, 0x250A, 0x250A, 0x250A, 0x250A, 0x250A, 0x250A, 0x250A,
  0x250A, 0x250A, 0x250A, 0x250A, 0x250A, 0x250A, 0x250A, 0x250A, 0x250A, 0x250A, 0x250A, 0x250A,
  0x24F3, 0x365F, 0x2DBF, 0x2DBF, 0x257E, 0x1D5E, 0x1D3D, 0x153D, 0x151D, 0x151D, 0x151D, 0x151E,
  0x153E, 0x153E, 0x153E, 0x153E, 0x151D, 0x151D, 0x151D, 0x0D1D, 0x0D1D, 0x151D, 0x151D, 0x153D,
  0x1D5D, 0x257E, 0x2DBF, 0x2DBF, 0x365F, 0x2D16, 0x24E9, 0x3428, 0x8265, 0x8285, 0x9B27, 0x69C3,
  0x4123, 0x6ACB, 0x8BEF, 0x9430, 0x838E, 0x6A27, 0x6162, 0x7A65, 0x8AA6, 0x9307, 0xA368, 0x9B68,
  0x9307, 0x8AC6, 0x8AA6, 0x82A6, 0x8AC6, 0x8AC6, 0x5942, 0x59E7, 0x7B8E, 0x8C10, 0x83AE, 0x6228,
  0x48C2, 0x5922, 0x6A04, 0x69C3, 0x2BC7, 0x250A, 0x24E9, 0x250A, 0x250A, 0x250A, 0x250A, 0x250A,
  0x250A, 0x250A, 0x250A, 0x250A, 0x250A, 0x250A, 0x250A, 0x250A, 0x250A, 0x250A, 0x250A, 0x250A,
  0x250A, 0x250A, 0x250A, 0x250A, 0x250A, 0x250A, 0x250A, 0x250A, 0x250A, 0x250A, 0x250A, 0x250A,
  0x24CA, 0x2D5A, 0x365F, 0x2DDF, 0x2DBF, 0x259F, 0x1D5E, 0x1D3D, 0x1D3D, 0x151D, 0x151D, 0x151D,
  0x151D, 0x151D, 0x151D, 0x151D, 0x151D, 0x151D, 0x151D, 0x151D, 0x151D, 0x151D, 0x1D3D, 0x1D5E,
  0x259F, 0x2DBF, 0x2DDF, 0x363F, 0x2DBC, 0x24AB, 0x24EA, 0x2C89, 0x6A24, 0x92E6, 0x69C3, 0x5A69,
  0xB596, 0xD69A, 0xE71B, 0xDEFB, 0xD6BA, 0xC638, 0x8BCE, 0x8265, 0x9B48, 0x9B47, 0x9327, 0x92E7,
  0x8AC6, 0x82A6, 0x8285, 0x82A6, 0x8AA6, 0x5942, 0x83CF, 0xCE79, 0xD6BA, 0xDEFB, 0xDEFB, 0xCE79,
  0xA514, 0x6A47, 0x6162, 0x61A3, 0x2C08, 0x24E9, 0x24E9, 0x250A, 0x250A, 0x250A, 0x250A, 0x250A,
  0x250A, 0x250A, 0x250A, 0x250A, 0x250A, 0x250A, 0x250A, 0x250A, 0x250A, 0x250A, 0x250A, 0x250A,
  0x250A, 0x250A, 0x250A, 0x250A, 0x250A, 0x250A, 0x250A, 0x250A, 0x250A, 0x250A, 0x250A, 0x250A,
  0x250A, 0x24CB, 0x35DC, 0x365F, 0x2DFF, 0x2DDF, 0x259F, 0x257E, 0x1D5E, 0x1D3D, 0x1D1D, 0x151D,
  0x151D, 0x151D, 0x151D, 0x151D, 0x151D, 0x151D, 0x151D, 0x151D, 0x1D3D, 0x1D5D, 0x257E, 0x259F,
  0x2DDF, 0x2DFF, 0x363F, 0x361E, 0x24AD, 0x24EA, 0x250A, 0x250A, 0x6306, 0x8244, 0x6ACA, 0xCE59,
  0xDEDA, 0xEF5D, 0xD69A, 0xDEDA, 0xEF3C, 0xD6BA, 0xD6DB, 0x93EE, 0x7A04, 0x8AE7, 0x8AE6, 0x8AC6,
  0x82A6, 0x8285, 0x8265, 0x8AA6, 0x6162, 0x93EF, 0xDF1B, 0xDEBA, 0xEF5C, 0xD69A, 0xDEDA, 0xEF5C,
  0xD6BA, 0xB5D6, 0x7288, 0x51A3, 0x24EA, 0x250A, 0x2509, 0x2509, 0x250A, 0x250A, 0x250A, 0x250A,
  0x250A, 0x250A, 0x250A, 0x250A, 0x250A, 0x250A, 0x250A, 0x250A, 0x250A, 0x250A, 0x250A, 0x250A,
  0x250A, 0x250A, 0x250A, 0x250A, 0x250A, 0x250A, 0x250A, 0x250A, 0x250A, 0x250A, 0x250A, 0x250A,
  0x250A, 0x250A, 0x24AD, 0x35FD, 0x3E7F, 0x361F, 0x2DDF, 0x2DBF, 0x259F, 0x257E, 0x1D5E, 0x1D3D,
  0x1D3D, 0x1D3D, 0x1D3D, 0x1D3D, 0x1D3D, 0x1D3D, 0x1D3D, 0x1D5E, 0x257E, 0x259F, 0x2DBF, 0x2DFF,
  0x361F, 0x367F, 0x363E, 0x24CF, 0x250A, 0x250A, 0x2C89, 0x5BC8, 0x8B06, 0x6A26, 0xBDD7, 0xDEDB,
  0xEF5D, 0x7BCE, 0x10A2, 0x2104, 0xA534, 0xF79D, 0xDEDB, 0xCE9A, 0x82E8, 0x8265, 0x8AC6, 0x8AA6,
  0x8286, 0x8265, 0x8286, 0x71E3, 0x7268, 0xDEDB, 0xDEFB, 0xEF7D, 0x7BEF, 0x10A2, 0x2104, 0x9CF3,
  0xEF7D, 0xD6BA, 0xAD34, 0x69E4, 0x4B26, 0x3448, 0x250A, 0x250A, 0x24E9, 0x250A, 0x250A, 0x250A,
  0x250A, 0x250A, 0x250A, 0x250A, 0x250A, 0x250A, 0x250A, 0x250A, 0x250A, 0x250A, 0x250A, 0x250A,
  0x250A, 0x250A, 0x250A, 0x250A, 0x250A, 0x250A, 0x250A, 0x250A, 0x250A, 0x250A, 0x250A, 0x250A,
  0x250A, 0x250A, 0x250A, 0x24CC, 0x35DB, 0x3EBF, 0x365F, 0x361F, 0x2DFF, 0x2DBF, 0x259F, 0x257F,
  0x257E, 0x257E, 0x257E, 0x255E, 0x255E, 0x257E, 0x257E, 0x259F, 0x2DBF, 0x2DFF, 0x361F, 0x363F,
  0x3EBF, 0x361D, 0x24CE, 0x250A, 0x24A9, 0x5BC8, 0x8B27, 0xAB68, 0x7A24, 0x940F, 0xDEDA, 0xF79D,
  0x8C51, 0x0000, 0x0841, 0x0000, 0x0841, 0xCE58, 0xEF7D, 0xDF1C, 0xACB1, 0x7A44, 0x8AC6, 0x8AA6,
  0x8285, 0x7A65, 0x8285, 0x6142, 0xACD3, 0xE73C, 0xF7BE, 0x9CD2, 0x0000, 0x0020, 0x0000, 0x0000,
  0xBDD7, 0xEF5C, 0xCE79, 0x8B6B, 0x71E3, 0x8285, 0x6326, 0x2C68, 0x250A, 0x24E9, 0x250A, 0x250A,
  0x250A, 0x250A, 0x250A, 0x250A, 0x250A, 0x250A, 0x250A, 0x250A, 0x250A, 0x250A, 0x250A, 0x250A,
  0x250A, 0x250A, 0x250A, 0x250A, 0x250A, 0x250A, 0x250A, 0x250A, 0x250A, 0x250A, 0x250A, 0x250A,
  0x250A, 0x250A, 0x250A, 0x250A, 0x24CA, 0x2D76, 0x3EBF, 0x3EBF, 0x365F, 0x363F, 0x361F, 0x2DFF,
  0x2DDF, 0x2DBF, 0x2DBF, 0x2D9F, 0x2DBF, 0x2DDF, 0x2DDF, 0x35FF, 0x363F, 0x365F, 0x3EBF, 0x3EDF,
  0x2DB8, 0x24CB, 0x250A, 0x2C89, 0x8347, 0xAB68, 0xA368, 0x9306, 0x7225, 0xB596, 0xE71C, 0xE71B,
  0x2124, 0x0841, 0x1082, 0x10A2, 0x0000, 0x630C, 0xFFDF, 0xE71C, 0xC5F7, 0x8285, 0x8AA6, 0x82A6,
  0x8285, 0x7A65, 0x7224, 0x61A4, 0xCE79, 0xE73C, 0xEF7D, 0x3166, 0x0000, 0x0841, 0x0861, 0x0000,
  0x4A69, 0xF79D, 0xD6DB, 0xA4D2, 0x69E3, 0x7225, 0x8A85, 0x7A85, 0x3BE8, 0x250A, 0x24E9, 0x250A,
  0x250A, 0x250A, 0x250A, 0x250A, 0x250A, 0x250A, 0x250A, 0x250A, 0x250A, 0x250A, 0x250A, 0x250A,
  0x250A, 0x250A, 0x250A, 0x250A, 0x250A, 0x250A, 0x250A, 0x250A, 0x250A, 0x250A, 0x250A, 0x250A,
  0x250A, 0x250A, 0x250A, 0x250A, 0x250A, 0x250A, 0x24EF, 0x35DA, 0x3EBF, 0x3EFF, 0x3EDF, 0x3E9F,
  0x3E7F, 0x367F, 0x365F, 0x367F, 0x367F, 0x3E7F, 0x3E9F, 0x3EDF, 0x3EFF, 0x3EFF, 0x35FB, 0x2511,
  0x24C9, 0x2509, 0x24C9, 0x7B27, 0xAB67, 0x9B47, 0x9B27, 0x8285, 0x7AC8, 0xC638, 0xF77D, 0xB5B6,
  0x0841, 0x10A2, 0x1082, 0x1082, 0x0841, 0x2945, 0xEF7D, 0xEF5C, 0xCE79, 0x8AE7, 0x8285, 0x82A6,
  0x8265, 0x7A65, 0x69A3, 0x7247, 0xDEFB, 0xF79D, 0xCE59, 0x0841, 0x0841, 0x0841, 0x0841, 0x0020,
  0x18C3, 0xDEFB, 0xE71C, 0xB595, 0x7245, 0x69E4, 0x7245, 0x8265, 0x7A44, 0x3408, 0x250A, 0x2509,
  0x250A, 0x250A, 0x250A, 0x250A, 0x250A, 0x250A, 0x250A, 0x250A, 0x250A, 0x250A, 0x250A, 0x250A,
  0x250A, 0x250A, 0x250A, 0x250A, 0x250A, 0x250A, 0x250A, 0x250A, 0x250A, 0x250A, 0x250A, 0x250A,
  0x250A, 0x250A, 0x250A, 0x250A, 0x250A, 0x250A, 0x250A, 0x24C9, 0x24CE, 0x2D76, 0x361C, 0x3E7F,
  0x3EDF, 0x3EFF, 0x3EFF, 0x3EFF, 0x3EFF, 0x3EDF, 0x3E7F, 0x361C, 0x2D97, 0x24F0, 0x24AA, 0x250A,
  0x24EA, 0x250A, 0x53A8, 0xA347, 0x9307, 0x9307, 0x92E7, 0x8244, 0x832A, 0xCE9A, 0xFFDE, 0x94B2,
  0x0020, 0x10A2, 0x1082, 0x10A2, 0x0861, 0x18C3, 0xDEFB, 0xEF7D, 0xCE79, 0x9328, 0x8285, 0x8286,
  0x7A45, 0x7A45, 0x6162, 0x7AC9, 0xE73C, 0xFFBE, 0xB595, 0x0000, 0x0861, 0x0841, 0x0841, 0x0841,
  0x0841, 0xCE58, 0xEF7D, 0xBDF7, 0x82C7, 0x69C3, 0x7224, 0x7225, 0x7A45, 0x5A44, 0x24E9, 0x24EA,
  0x250A, 0x250A, 0x250A, 0x250A, 0x250A, 0x250A, 0x250A, 0x250A, 0x250A, 0x250A, 0x250A, 0x250A,
  0x250A, 0x250A, 0x250A, 0x250A, 0x250A, 0x250A, 0x250A, 0x250A, 0x250A, 0x250A, 0x250A, 0x250A,
  0x250A, 0x250A, 0x250A, 0x250A, 0x250A, 0x24EA, 0x250A, 0x250A, 0x250A, 0x250A, 0x24AA, 0x24CD,
  0x24CF, 0x24F1, 0x24D2, 0x24D2, 0x24F1, 0x24D0, 0x24CD, 0x24AA, 0x250A, 0x250A, 0x250A, 0x250A,
  0x24EA, 0x24C9, 0x8306, 0x9B07, 0x92E6, 0x8AC6, 0x8AC6, 0x7A44, 0x834B, 0xD69A, 0xFFDF, 0x94B2,
  0x0020, 0x18C3, 0x10A2, 0x10A2, 0x0861, 0x18E3, 0xE71C, 0xEF7D, 0xCE79, 0x9308, 0x8285, 0x8265,
  0x7A25, 0x7225, 0x6162, 0x7AC9, 0xE73C, 0xF7BE, 0xB5B6, 0x0000, 0x0861, 0x0861, 0x0861, 0x0861,
  0x0841, 0xCE58, 0xF77D, 0xC618, 0x82E8, 0x69E3, 0x7204, 0x7204, 0x7204, 0x69C4, 0x2C28, 0x250A,
  0x24E9, 0x250A, 0x250A, 0x250A, 0x250A, 0x250A, 0x250A, 0x250A, 0x250A, 0x250A, 0x250A, 0x250A,
  0x250A, 0x250A, 0x250A, 0x250A, 0x250A, 0x250A, 0x250A, 0x250A, 0x250A, 0x250A, 0x250A, 0x250A,
  0x250A, 0x250A, 0x250A, 0x250A, 0x250A, 0x250A, 0x250A, 0x250A, 0x250A, 0x250A, 0x250A, 0x250A,
  0x250A, 0x250A, 0x250A, 0x250A, 0x250A, 0x250A, 0x250A, 0x250A, 0x250A, 0x250A, 0x250A, 0x24EA,
  0x250A, 0x3448, 0x92E6, 0x92C6, 0x8AC6, 0x8AC6, 0x8AC6, 0x8244, 0x8309, 0xCE79, 0xF7BE, 0xB595,
  0x0841, 0x18C3, 0x10A2, 0x10A2, 0x0841, 0x31A6, 0xF7BE, 0xEF5D, 0xC638, 0x8AC6, 0x8265, 0x7A45,
  0x7204, 0x69E4, 0x6182, 0x7246, 0xDEFB, 0xF79D, 0xD69A, 0x1082, 0x0861, 0x0861, 0x0861, 0x0841,
  0x18C3, 0xDEDB, 0xEF5C, 0xC5F7, 0x8AE7, 0x71E4, 0x7224, 0x7204, 0x6A04, 0x69C3, 0x3346, 0x250A,
  0x24E9, 0x250A, 0x250A, 0x250A, 0x250A, 0x250A, 0x250A, 0x250A, 0x250A, 0x250A, 0x250A, 0x250A,
  0x250A, 0x250A, 0x250A, 0x250A, 0x250A, 0x250A, 0x250A, 0x250A, 0x250A, 0x250A, 0x250A, 0x250A,
  0x250A, 0x250A, 0x250A, 0x250A, 0x250A, 0x250A, 0x250A, 0x250A, 0x250A, 0x250A, 0x250A, 0x250A,
  0x250A, 0x250A, 0x250A, 0x250A, 0x250A, 0x250A, 0x250A, 0x250A, 0x250A, 0x250A, 0x250A, 0x24EA,
  0x250A, 0x43C7, 0x92E6, 0x8AC6, 0x8AA6, 0x8AA6, 0x8AA6, 0x8285, 0x7A66, 0xC5F7, 0xEF5D, 0xDEFB,
  0x2104, 0x18C3, 0x18C3, 0x18E3, 0x0000, 0x7BCF, 0xFFFF, 0xE75D, 0xC594, 0x8264, 0x7A65, 0x7224,
  0x69E4, 0x61A3, 0x5962, 0x5962, 0xCE58, 0xEF7D, 0xF7BE, 0x39C7, 0x0020, 0x10A2, 0x10A2, 0x0020,
  0x4A49, 0xFFBE, 0xDEFB, 0xBD75, 0x8A85, 0x7224, 0x7224, 0x7204, 0x69E4, 0x69A3, 0x3AE6, 0x250A,
  0x24E9, 0x250A, 0x250A, 0x250A, 0x250A, 0x250A, 0x250A, 0x250A, 0x250A, 0x250A, 0x250A, 0x250A,
  0x250A, 0x250A, 0x250A, 0x250A, 0x250A, 0x250A, 0x250A, 0x250A, 0x250A, 0x250A, 0x250A, 0x250A,
  0x250A, 0x250A, 0x250A, 0x250A, 0x250A, 0x250A, 0x250A, 0x250A, 0x250A, 0x250A, 0x250A, 0x250A,
  0x250A, 0x250A, 0x250A, 0x250A, 0x250A, 0x250A, 0x250A, 0x250A, 0x250A, 0x250A, 0x250A, 0x24EA,
  0x250A, 0x43A7, 0x92C6, 0x82A6, 0x82A6, 0x82A6, 0x82A6, 0x8AC6, 0x7A24, 0xACF2, 0xE73C, 0xFFDF,
  0x7BEF, 0x0020, 0x2104, 0x0861, 0x18C3, 0xDEFB, 0xF7BE, 0xEF7E, 0xAC4E, 0x7A24, 0x7224, 0x61A3,
  0x61A3, 0x69C3, 0x7225, 0x69C3, 0xAC70, 0xF7BE, 0xFFDF, 0xAD75, 0x0000, 0x10A2, 0x1082, 0x0000,
  0xB5B6, 0xF7BE, 0xD6DB, 0xAC8F, 0x8264, 0x7A25, 0x7224, 0x7204, 0x61C3, 0x6163, 0x3AE6, 0x250A,
  0x24E9, 0x250A, 0x250A, 0x250A, 0x250A, 0x250A, 0x250A, 0x250A, 0x250A, 0x250A, 0x250A, 0x250A,
  0x250A, 0x250A, 0x250A, 0x250A, 0x250A, 0x250A, 0x250A, 0x250A, 0x250A, 0x250A, 0x250A, 0x250A,
  0x250A, 0x250A, 0x250A, 0x250A, 0x250A, 0x250A, 0x250A, 0x250A, 0x250A, 0x250A, 0x250A, 0x250A,
  0x250A, 0x250A, 0x250A, 0x250A, 0x250A, 0x250A, 0x250A, 0x250A, 0x250A, 0x250A, 0x250A, 0x24EA,
  0x250A, 0x3BC7, 0x8AA6, 0x8265, 0x8285, 0x8285, 0x8286, 0x8AA6, 0x8285, 0x8B08, 0xE71C, 0xEF7D,
  0xF79D, 0x632C, 0x18E3, 0x3166, 0xC617, 0xFFDF, 0xF7BE, 0xD658, 0x8264, 0x69E4, 0x69E4, 0x7A65,
  0x8AC6, 0x8AC6, 0x8AA6, 0x7A45, 0x7245, 0xE6FB, 0xF79E, 0xFFFF, 0x9492, 0x2104, 0x2124, 0x9CD3,
  0xFFDF, 0xEF5C, 0xD699, 0xA369, 0x8285, 0x7A45, 0x7224, 0x69E4, 0x61A3, 0x5942, 0x3306, 0x250A,
  0x24E9, 0x250A, 0x250A, 0x250A, 0x250A, 0x250A, 0x250A, 0x250A, 0x250A, 0x250A, 0x250A, 0x250A,
  0x250A, 0x250A, 0x250A, 0x250A, 0x250A, 0x250A, 0x250A, 0x250A, 0x250A, 0x250A, 0x250A, 0x250A,
  0x250A, 0x250A, 0x250A, 0x250A, 0x250A, 0x250A, 0x250A, 0x250A, 0x250A, 0x250A, 0x250A, 0x250A,
  0x250A, 0x250A, 0x250A, 0x250A, 0x250A, 0x250A, 0x250A, 0x250A, 0x250A, 0x250A, 0x250A, 0x24EA,
  0x250A, 0x3428, 0x7A65, 0x7A65, 0x7A65, 0x7A65, 0x8265, 0x8285, 0x8AE7, 0x8264, 0xAC6F, 0xF7BF,
  0xF79D, 0xFFBE, 0xDEDA, 0xEF7D, 0xFFDF, 0xFFDF, 0xEF5C, 0x9B69, 0x8265, 0x9307, 0xA388, 0x9B68,
  0x92E6, 0x8286, 0x8265, 0x8265, 0x71E3, 0x938B, 0xF7DF, 0xF7BE, 0xFFFF, 0xE73C, 0xE73C, 0xFFDF,
  0xEF7D, 0xE75D, 0xB48E, 0x9B06, 0x8265, 0x7A45, 0x7204, 0x61C3, 0x5983, 0x5102, 0x2BA7, 0x250A,
  0x24E9, 0x250A, 0x250A, 0x250A, 0x250A, 0x250A, 0x250A, 0x250A, 0x250A, 0x250A, 0x250A, 0x250A,
  0x250A, 0x250A, 0x250A, 0x250A, 0x250A, 0x250A, 0x250A, 0x250A, 0x250A, 0x250A, 0x250A, 0x250A,
  0x250A, 0x250A, 0x250A, 0x250A, 0x250A, 0x250A, 0x250A, 0x250A, 0x250A, 0x250A, 0x250A, 0x250A,
  0x250A, 0x250A, 0x250A, 0x250A, 0x250A, 0x250A, 0x250A, 0x250A, 0x250A, 0x250A, 0x250A, 0x2509,
  0x24EA, 0x2CA9, 0x6204, 0x7204, 0x6A04, 0x7204, 0x7224, 0x7A25, 0x7A65, 0x8AC6, 0x8264, 0xAC8F,
  0xEF5C, 0xF7DF, 0xFFFF, 0xFFFF, 0xFFDF, 0xE6DA, 0xA3AA, 0x9B06, 0xABA9, 0xABA9, 0x9B68, 0x92E6,
  0x8AA6, 0x8286, 0x8265, 0x7A65, 0x7A65, 0x71E3, 0x9BCB, 0xEF3B, 0xF7BF, 0xFFFF, 0xFFFF, 0xF7BE,
  0xE71C, 0xB48E, 0x9B26, 0x8AC6, 0x7A45, 0x7225, 0x69E4, 0x6183, 0x5942, 0x4102, 0x24A9, 0x24EA,
  0x24E9, 0x250A, 0x250A, 0x250A, 0x250A, 0x250A, 0x250A, 0x250A, 0x250A, 0x250A, 0x250A, 0x250A,
  0x250A, 0x250A, 0x250A, 0x250A, 0x250A, 0x250A, 0x250A, 0x250A, 0x250A, 0x250A, 0x250A, 0x250A,
  0x250A, 0x250A, 0x250A, 0x250A, 0x250A, 0x250A, 0x250A, 0x250A, 0x250A, 0x250A, 0x250A, 0x250A,
  0x250A, 0x250A, 0x250A, 0x250A, 0x250A, 0x250A, 0x250A, 0x250A, 0x250A, 0x250A, 0x24EA, 0x250A,
  0x250A, 0x250A, 0x4306, 0x7A24, 0x7204, 0x7224, 0x7A25, 0x7A65, 0x8285, 0x8AA6, 0x9B47, 0x8AA5,
  0x9308, 0xBCD0, 0xCDB4, 0xCD93, 0xB46E, 0x9B07, 0xA367, 0xB3EA, 0xABC9, 0xA368, 0x9307, 0x8AC6,
  0x8AA6, 0x8285, 0x8265, 0x7A65, 0x7A45, 0x8285, 0x7A24, 0x8AC6, 0xB48F, 0xCD94, 0xCD94, 0xBCCF,
  0xA368, 0x92E6, 0x92E6, 0x8285, 0x7A45, 0x7204, 0x61A3, 0x5963, 0x50E1, 0x3224, 0x250A, 0x250A,
  0x250A, 0x2509, 0x24EA, 0x250A, 0x250A, 0x250A, 0x250A, 0x250A, 0x250A, 0x250A, 0x250A, 0x250A,
  0x250A, 0x250A, 0x250A, 0x250A, 0x250A, 0x250A, 0x250A, 0x250A, 0x250A, 0x250A, 0x250A, 0x250A,
  0x250A, 0x250A, 0x250A, 0x250A, 0x250A, 0x250A, 0x250A, 0x250A, 0x250A, 0x250A, 0x250A, 0x250A,
  0x250A, 0x250A, 0x250A, 0x250A, 0x250A, 0x250A, 0x250A, 0x250A, 0x250A, 0x250A, 0x250A, 0x24E9,
  0x3C28, 0x6B87, 0x9347, 0xA347, 0xA347, 0xA368, 0xA368, 0xA368, 0xA388, 0xA388, 0xA388, 0xA389,
  0x9B27, 0x92E6, 0x9B06, 0x9B06, 0xA367, 0xB40A, 0xB42A, 0xABC9, 0xA368, 0x9307, 0x8AC6, 0x8AA6,
  0x8286, 0x8265, 0x7A65, 0x7A65, 0x8265, 0x8285, 0x82A6, 0x8285, 0x8264, 0x8A84, 0x8A85, 0x8A85,
  0x8AC6, 0x8AC6, 0x82A6, 0x8265, 0x7224, 0x69E4, 0x6183, 0x5122, 0x48C1, 0x7285, 0x6B67, 0x4BA7,
  0x2C69, 0x250A, 0x250A, 0x24EA, 0x250A, 0x250A, 0x250A, 0x250A, 0x250A, 0x250A, 0x250A, 0x250A,
  0x250A, 0x250A, 0x250A, 0x250A, 0x250A, 0x250A, 0x250A, 0x250A, 0x250A, 0x250A, 0x250A, 0x250A,
  0x250A, 0x250A, 0x250A, 0x250A, 0x250A, 0x250A, 0x250A, 0x250A, 0x250A, 0x250A, 0x250A, 0x250A,
  0x250A, 0x250A, 0x250A, 0x250A, 0x250A, 0x250A, 0x250A, 0x250A, 0x250A, 0x250A, 0x3448, 0x7B67,
  0xA347, 0xAB67, 0xA347, 0xA347, 0xA368, 0xA388, 0xAB88, 0xA388, 0xABA9, 0xABA9, 0xABC9, 0xABA9,
  0xABC9, 0xB3E9, 0xABE9, 0xB40A, 0xB42A, 0xB3E9, 0xABA8, 0x9B48, 0x9307, 0x8AE6, 0x8AC6, 0x82A6,
  0x8285, 0x8285, 0x8285, 0x8285, 0x8285, 0x8285, 0x8285, 0x8285, 0x8AA5, 0x8285, 0x8AA6, 0x8AA6,
  0x82A6, 0x8285, 0x8265, 0x7A25, 0x7204, 0x69C3, 0x5962, 0x5942, 0x8265, 0x9B27, 0x9B07, 0x9B07,
  0x8AC6, 0x5387, 0x24C9, 0x250A, 0x24EA, 0x250A, 0x250A, 0x250A, 0x250A, 0x250A, 0x250A, 0x250A,
  0x250A, 0x250A, 0x250A, 0x250A, 0x250A, 0x250A, 0x250A, 0x250A, 0x250A, 0x250A, 0x250A, 0x250A,
  0x250A, 0x250A, 0x250A, 0x250A, 0x250A, 0x250A, 0x250A, 0x250A, 0x250A, 0x250A, 0x250A, 0x250A,
  0x250A, 0x250A, 0x250A, 0x250A, 0x250A, 0x250A, 0x250A, 0x250A, 0x250A, 0x4BC8, 0x9B27, 0xAB68,
  0x9B47, 0x9B47, 0xA347, 0xA368, 0xA388, 0xABA8, 0xABA9, 0xABA9, 0xABA9, 0xABA9, 0xA388, 0x9B48,
  0x8285, 0x69E4, 0x7A67, 0x7A66, 0x7A46, 0x7A45, 0x7A24, 0x7204, 0x71E4, 0x71E4, 0x69C4, 0x69C3,
  0x69C3, 0x69A3, 0x69A3, 0x61A3, 0x61A3, 0x69A3, 0x69C4, 0x69E5, 0x61C4, 0x69E6, 0x69C4, 0x7204,
  0x7A45, 0x7A45, 0x7A24, 0x7204, 0x69E4, 0x6183, 0x69C4, 0x8AA6, 0x92E6, 0x92E6, 0x92E6, 0x8AE6,
  0x8AC6, 0x92C6, 0x62E6, 0x24C9, 0x24EA, 0x24E9, 0x250A, 0x250A, 0x250A, 0x250A, 0x250A, 0x250A,
  0x250A, 0x250A, 0x250A, 0x250A, 0x250A, 0x250A, 0x250A, 0x250A, 0x250A, 0x250A, 0x250A, 0x250A,
  0x250A, 0x250A, 0x250A, 0x250A, 0x250A, 0x250A, 0x250A, 0x250A, 0x250A, 0x250A, 0x250A, 0x250A,
  0x250A, 0x250A, 0x250A, 0x250A, 0x250A, 0x250A, 0x2509, 0x250A, 0x4408, 0xA347, 0xA347, 0x9B47,
  0x9B47, 0x9B47, 0xA347, 0xA348, 0xA368, 0xA388, 0xA388, 0xA388, 0xA368, 0x9B48, 0x9B27, 0x92E7,
  0x71E3, 0xBD96, 0xE73D, 0xCE39, 0xBDB7, 0xAD55, 0xA4D3, 0x9C92, 0x9C71, 0x9C71, 0x9C71, 0x9C51,
  0x9451, 0x9451, 0x9451, 0x9471, 0x9C71, 0xA4D3, 0xAD14, 0xB596, 0xCE39, 0xE73C, 0xE6FC, 0x82C7,
  0x7204, 0x7A24, 0x7224, 0x7204, 0x71E4, 0x7A45, 0x92C6, 0x92E6, 0x92E6, 0x92C6, 0x8AC6, 0x8AA6,
  0x82A6, 0x82A6, 0x8AA5, 0x52E6, 0x24EA, 0x2509, 0x24EA, 0x250A, 0x250A, 0x250A, 0x250A, 0x250A,
  0x250A, 0x250A, 0x250A, 0x250A, 0x250A, 0x250A, 0x250A, 0x250A, 0x250A, 0x250A, 0x250A, 0x250A,
  0x250A, 0x250A, 0x250A, 0x250A, 0x250A, 0x250A, 0x250A, 0x250A, 0x250A, 0x250A, 0x250A, 0x250A,
  0x250A, 0x250A, 0x250A, 0x250A, 0x250A, 0x24EA, 0x250A, 0x24C9, 0x8B06, 0xA327, 0x9B07, 0x9B27,
  0x9B27, 0x9B27, 0x9B27, 0x9B27, 0x9B47, 0x9B47, 0x9B47, 0x9B27, 0x9307, 0x92E7, 0x8AC6, 0x8AC6,
  0x7A44, 0xC573, 0xFFFF, 0xF79E, 0xF79E, 0xEF7D, 0xE71C, 0xDEFB, 0xDEDB, 0xD6DB, 0xD6BA, 0xD6BA,
  0xD6BA, 0xD6BA, 0xD6BA, 0xD6DB, 0xDEFB, 0xE73C, 0xEF7D, 0xF7BE, 0xF7BE, 0xFFFF, 0xF75B, 0x8AC6,
  0x7204, 0x7A24, 0x7204, 0x7A24, 0x8A85, 0x92E6, 0x92E6, 0x92E6, 0x8AC6, 0x8AC6, 0x8AA6, 0x8286,
  0x8285, 0x8265, 0x7A65, 0x7A44, 0x33E8, 0x250A, 0x24E9, 0x250A, 0x250A, 0x250A, 0x250A, 0x250A,
  0x250A, 0x250A, 0x250A, 0x250A, 0x250A, 0x250A, 0x250A, 0x250A, 0x250A, 0x250A, 0x250A, 0x250A,
  0x250A, 0x250A, 0x250A, 0x250A, 0x250A, 0x250A, 0x250A, 0x250A, 0x250A, 0x250A, 0x250A, 0x250A,
  0x250A, 0x250A, 0x250A, 0x250A, 0x250A, 0x24EA, 0x250A, 0x43E8, 0x9B27, 0x9307, 0x9B07, 0x9B07,
  0x9307, 0x9307, 0x9307, 0x9307, 0x9307, 0x9307, 0x92E7, 0x92E6, 0x8AC6, 0x8AC6, 0x8AA6, 0x8AA6,
  0x8AA6, 0x8264, 0xCDD5, 0xFFFF, 0xF7BE, 0xF79E, 0xF79E, 0xF79E, 0xEF7D, 0xEF5D, 0xEF5D, 0xEF3C,
  0xE73C, 0xEF5D, 0xEF5D, 0xEF7D, 0xF79E, 0xF7BE, 0xF79E, 0xF79E, 0xFFFF, 0xEF1B, 0x9B48, 0x7204,
  0x7A25, 0x7A24, 0x8265, 0x8AC6, 0x92E6, 0x92E6, 0x92E6, 0x8AC6, 0x8AA6, 0x82A6, 0x8285, 0x8265,
  0x8265, 0x7A45, 0x7A45, 0x7A45, 0x5285, 0x24EA, 0x24EA, 0x250A, 0x250A, 0x250A, 0x250A, 0x250A,
  0x250A, 0x250A, 0x250A, 0x250A, 0x250A, 0x250A, 0x250A, 0x250A, 0x250A, 0x250A, 0x250A, 0x250A,
  0x250A, 0x250A, 0x250A, 0x250A, 0x250A, 0x250A, 0x250A, 0x250A, 0x250A, 0x250A, 0x250A, 0x250A,
  0x250A, 0x250A, 0x250A, 0x250A, 0x250A, 0x2509, 0x250A, 0x6367, 0x9B07, 0x92E6, 0x92E6, 0x92E6,
  0x92E6, 0x92E6, 0x92E6, 0x92C6, 0x8AC6, 0x8AC6, 0x8AC6, 0x8AA6, 0x8AA6, 0x8AA6, 0x8286, 0x8286,
  0x82A6, 0x82A6, 0x8264, 0xBCF0, 0xF7BE, 0xFFFF, 0xF79E, 0xF79E, 0xF7BE, 0xF7BE, 0xF7BE, 0xF7BE,
  0xF7BE, 0xF7BE, 0xF7BE, 0xF7BE, 0xF79E, 0xF79E, 0xF7DF, 0xFFFF, 0xDE16, 0x92C6, 0x7A04, 0x7A45,
  0x7A45, 0x8AA6, 0x9306, 0x9B06, 0x92E6, 0x92E6, 0x8AC6, 0x8AA6, 0x8286, 0x8285, 0x8265, 0x7A65,
  0x7A45, 0x7A45, 0x7224, 0x7204, 0x61C3, 0x2489, 0x250A, 0x24E9, 0x250A, 0x250A, 0x250A, 0x250A,
  0x250A, 0x250A, 0x250A, 0x250A, 0x250A, 0x250A, 0x250A, 0x250A, 0x250A, 0x250A, 0x250A, 0x250A,
  0x250A, 0x250A, 0x250A, 0x250A, 0x250A, 0x250A, 0x250A, 0x250A, 0x250A, 0x250A, 0x250A, 0x250A,
  0x250A, 0x250A, 0x250A, 0x250A, 0x250A, 0x250A, 0x24EA, 0x6B06, 0x9AE6, 0x8AC6, 0x92C6, 0x8AC6,
  0x8AC6, 0x8AC6, 0x8AC6, 0x8AA6, 0x8AA6, 0x8AA6, 0x8AA6, 0x8286, 0x8286, 0x8286, 0x8285, 0x8285,
  0x8285, 0x8285, 0x8286, 0x8244, 0x9B69, 0xDE37, 0xFFFF, 0xFFFF, 0xF7DF, 0xF7BE, 0xF79E, 0xF79E,
  0xF79E, 0xF79E, 0xF79E, 0xF7BE, 0xFFFF, 0xFFFF, 0xEF1B, 0xB46D, 0x8243, 0x7A44, 0x8265, 0x8A85,
  0x92E6, 0x9B07, 0x9306, 0x92E6, 0x92C6, 0x8AC6, 0x8AA6, 0x8285, 0x8265, 0x7A65, 0x7A45, 0x7A45,
  0x7224, 0x7204, 0x7204, 0x69E4, 0x61A3, 0x2C08, 0x250A, 0x24E9, 0x250A, 0x250A, 0x250A, 0x250A,
  0x250A, 0x250A, 0x250A, 0x250A, 0x250A, 0x250A, 0x250A, 0x250A, 0x250A, 0x250A, 0x250A, 0x250A,
  0x250A, 0x250A, 0x250A, 0x250A, 0x250A, 0x250A, 0x250A, 0x250A, 0x250A, 0x250A, 0x250A, 0x250A,
  0x250A, 0x250A, 0x250A, 0x250A, 0x24EA, 0x250A, 0x24E9, 0x6AE6, 0x92E6, 0x8AC6, 0x8AA6, 0x8AA6,
  0x8AA6, 0x8AA6, 0x8AA6, 0x8286, 0x8286, 0x8285, 0x8285, 0x8285, 0x8265, 0x8265, 0x8265, 0x8265,
  0x8265, 0x8265, 0x8265, 0x8286, 0x7A44, 0x8244, 0xA3CB, 0xD5D5, 0xEF3B, 0xFFBE, 0xFFFF, 0xFFFF,
  0xFFFF, 0xFFFF, 0xFFFF, 0xF79D, 0xE698, 0xBCAF, 0x8AA5, 0x7A03, 0x8265, 0x8AA5, 0x92E6, 0x9306,
  0x9306, 0x9306, 0x92E6, 0x8AC6, 0x8AA6, 0x82A5, 0x8285, 0x7A65, 0x7A45, 0x7A45, 0x7224, 0x7224,
  0x7204, 0x69E4, 0x69C4, 0x61C3, 0x6183, 0x2BC7, 0x250A, 0x24E9, 0x250A, 0x250A, 0x250A, 0x250A,
  0x250A, 0x250A, 0x250A, 0x250A, 0x250A, 0x250A, 0x250A, 0x250A, 0x250A, 0x250A, 0x250A, 0x250A,
  0x250A, 0x250A, 0x250A, 0x250A, 0x250A, 0x250A, 0x250A, 0x250A, 0x250A, 0x250A, 0x250A, 0x250A,
  0x250A, 0x250A, 0x250A, 0x250A, 0x250A, 0x250A, 0x250A, 0x6306, 0x92C6, 0x82A6, 0x8AA6, 0x82A6,
  0x8286, 0x8285, 0x8285, 0x8265, 0x8265, 0x8265, 0x7A65, 0x7A65, 0x7A65, 0x7A65, 0x7A45, 0x7A65,
  0x7A65, 0x7A45, 0x7A65, 0x7A45, 0x7A65, 0x7A65, 0x7A24, 0x7A24, 0x8AC6, 0xA3AA, 0xB44D, 0xBCAF,
  0xBCCF, 0xBC8F, 0xAC2C, 0x9B48, 0x8264, 0x7A03, 0x8265, 0x8AA6, 0x92E6, 0x9306, 0x9306, 0x9306,
  0x92E6, 0x92E6, 0x8AC6, 0x8AA6, 0x8285, 0x8265, 0x7A65, 0x7A45, 0x7224, 0x7224, 0x7204, 0x69E4,
  0x69E4, 0x69C3, 0x61A3, 0x6183, 0x5122, 0x2C28, 0x250A, 0x24E9, 0x250A, 0x250A, 0x250A, 0x250A,
  0x250A, 0x250A, 0x250A, 0x250A, 0x250A, 0x250A, 0x250A, 0x250A, 0x250A, 0x250A, 0x250A, 0x250A,
  0x250A, 0x250A, 0x250A, 0x250A, 0x250A, 0x250A, 0x250A, 0x250A, 0x250A, 0x250A, 0x250A, 0x250A,
  0x250A, 0x250A, 0x250A, 0x250A, 0x250A, 0x24EA, 0x250A, 0x5347, 0x8AA6, 0x8286, 0x8285, 0x8285,
  0x8265, 0x8265, 0x7A65, 0x7A65, 0x7A45, 0x7A45, 0x7A45, 0x7A45, 0x7A45, 0x7A45, 0x7A25, 0x7A45,
  0x7A25, 0x7A25, 0x7A25, 0x7A45, 0x7A45, 0x7A45, 0x7A45, 0x7A65, 0x7A45, 0x7A44, 0x7A24, 0x7A23,
  0x8243, 0x7A23, 0x7A24, 0x7A44, 0x8285, 0x8AA6, 0x92E6, 0x92E6, 0x9306, 0x92E6, 0x92E6, 0x92E6,
  0x8AC6, 0x8AA6, 0x82A5, 0x8285, 0x8265, 0x7A45, 0x7A25, 0x7224, 0x7204, 0x69E4, 0x69E4, 0x69C3,
  0x61A3, 0x6183, 0x5963, 0x5942, 0x4122, 0x24C9, 0x250A, 0x24EA, 0x250A, 0x250A, 0x250A, 0x250A,
  0x250A, 0x250A, 0x250A, 0x250A, 0x250A, 0x250A, 0x250A, 0x250A, 0x250A, 0x250A, 0x250A, 0x250A,
  0x250A, 0x250A, 0x250A, 0x250A, 0x250A, 0x250A, 0x250A, 0x250A, 0x250A, 0x250A, 0x250A, 0x250A,
  0x250A, 0x250A, 0x250A, 0x250A, 0x250A, 0x24E9, 0x250A, 0x3428, 0x8265, 0x8285, 0x8265, 0x7A65,
  0x7A65, 0x7A45, 0x7A45, 0x7A45, 0x7A25, 0x7A24, 0x7224, 0x7224, 0x7224, 0x7224, 0x7204, 0x7204,
  0x7204, 0x7204, 0x7204, 0x7224, 0x7A24, 0x7A24, 0x7A44, 0x7A45, 0x8265, 0x8265, 0x8285, 0x8285,
  0x8285, 0x8285, 0x8AA5, 0x8AC6, 0x92C6, 0x92E6, 0x92E6, 0x92E6, 0x92E6, 0x92C6, 0x8AC6, 0x8AA5,
  0x8AA5, 0x8285, 0x8265, 0x7A45, 0x7A45, 0x7224, 0x7204, 0x69E4, 0x69C4, 0x69C3, 0x61A3, 0x6183,
  0x6163, 0x5942, 0x5122, 0x50A1, 0x2AE6, 0x250A, 0x24E9, 0x250A, 0x250A, 0x250A, 0x250A, 0x250A,
  0x250A, 0x250A, 0x250A, 0x250A, 0x250A, 0x250A, 0x250A, 0x250A, 0x250A, 0x250A, 0x250A, 0x250A,
  0x250A, 0x250A, 0x250A, 0x250A, 0x250A, 0x250A, 0x250A, 0x250A, 0x250A, 0x250A, 0x250A, 0x250A,
  0x250A, 0x250A, 0x250A, 0x250A, 0x250A, 0x24EA, 0x24EA, 0x24E9, 0x5A85, 0x8265, 0x7A45, 0x7A45,
  0x7A25, 0x7A25, 0x7224, 0x7224, 0x7204, 0x7204, 0x7204, 0x7204, 0x71E4, 0x71E4, 0x69E4, 0x69E4,
  0x71E4, 0x71E4, 0x7204, 0x7204, 0x7224, 0x7A24, 0x7A24, 0x7A44, 0x7A44, 0x7A45, 0x8265, 0x8285,
  0x8A85, 0x8AA5, 0x92C6, 0x92C6, 0x92C6, 0x92C6, 0x92C6, 0x8AC6, 0x8AA5, 0x8A85, 0x8285, 0x8265,
  0x8265, 0x7A45, 0x7A24, 0x7204, 0x71E4, 0x69E4, 0x69C3, 0x61A3, 0x61A3, 0x6183, 0x5963, 0x5942,
  0x5122, 0x5101, 0x4880, 0x31C3, 0x24EA, 0x24E9, 0x24EA, 0x250A, 0x250A, 0x250A, 0x250A, 0x250A,
  0x250A, 0x250A, 0x250A, 0x250A, 0x250A, 0x250A, 0x250A, 0x250A, 0x250A, 0x250A, 0x250A, 0x250A,
  0x250A, 0x250A, 0x250A, 0x250A, 0x250A, 0x250A, 0x250A, 0x250A, 0x250A, 0x250A, 0x250A, 0x250A,
  0x250A, 0x250A, 0x250A, 0x250A, 0x250A, 0x250A, 0x24E9, 0x250A, 0x2C48, 0x6A04, 0x7A24, 0x7224,
  0x7204, 0x7204, 0x7204, 0x69E4, 0x69E4, 0x69E4, 0x69C4, 0x69C3, 0x69C3, 0x69C4, 0x69E4, 0x69E4,
  0x69E4, 0x7204, 0x7204, 0x7204, 0x7224, 0x7A24, 0x7A24, 0x7A44, 0x8265, 0x8285, 0x8AA5, 0x8AA5,
  0x8AA5, 0x8AA5, 0x8AA5, 0x8A85, 0x8285, 0x8265, 0x8265, 0x8245, 0x7A44, 0x7A24, 0x7A24, 0x7204,
  0x7204, 0x71E4, 0x69C4, 0x69C3, 0x61A3, 0x6183, 0x6183, 0x5962, 0x5942, 0x5942, 0x5102, 0x50C1,
  0x4860, 0x4020, 0x2A04, 0x24E9, 0x24EA, 0x24EA, 0x250A, 0x250A, 0x250A, 0x250A, 0x250A, 0x250A,
  0x250A, 0x250A, 0x250A, 0x250A, 0x250A, 0x250A, 0x250A, 0x250A, 0x250A, 0x250A, 0x250A, 0x250A,
  0x250A, 0x250A, 0x250A, 0x250A, 0x250A, 0x250A, 0x250A, 0x250A, 0x250A, 0x250A, 0x250A, 0x250A,
  0x250A, 0x250A, 0x250A, 0x250A, 0x250A, 0x250A, 0x250A, 0x24E9, 0x250A, 0x2BE8, 0x61E3, 0x71E4,
  0x69E4, 0x69C4, 0x69C3, 0x61C3, 0x69A3, 0x61A3, 0x61A3, 0x69A3, 0x69A3, 0x69A3, 0x69C3, 0x71C3,
  0x69C3, 0x69C3, 0x71C3, 0x71C3, 0x71C3, 0x71E3, 0x7204, 0x8264, 0x8A65, 0x8A65, 0x8265, 0x8264,
  0x8244, 0x7A24, 0x7A04, 0x7A04, 0x71E4, 0x71E3, 0x71E3, 0x69C3, 0x69A3, 0x69A3, 0x61A3, 0x6183,
  0x6183, 0x6163, 0x5962, 0x5942, 0x5922, 0x5102, 0x50E1, 0x50C1, 0x50A1, 0x4860, 0x4840, 0x3820,
  0x3143, 0x2387, 0x250A, 0x250A, 0x24EA, 0x250A, 0x250A, 0x250A, 0x250A, 0x250A, 0x250A, 0x250A,
  0x250A, 0x250A, 0x250A, 0x250A, 0x250A, 0x250A, 0x250A, 0x250A, 0x250A, 0x250A, 0x250A, 0x250A,
  0x250A, 0x250A, 0x250A, 0x250A, 0x250A, 0x250A, 0x250A, 0x250A, 0x250A, 0x250A, 0x250A, 0x250A,
  0x250A, 0x250A, 0x250A, 0x250A, 0x250A, 0x250A, 0x250A, 0x250A, 0x24E9, 0x250A, 0x2448, 0x4285,
  0x5183, 0x5122, 0x5942, 0x5922, 0x5102, 0x5102, 0x4922, 0x4962, 0x41C3, 0x4244, 0x3A85, 0x3AC5,
  0x3B26, 0x3366, 0x3367, 0x3387, 0x33A7, 0x2BC7, 0x2BE7, 0x3B46, 0x4AA5, 0x5244, 0x59E3, 0x61C3,
  0x6183, 0x6162, 0x6162, 0x6142, 0x6142, 0x6122, 0x6122, 0x5901, 0x58E1, 0x58E1, 0x50C1, 0x50A1,
  0x5080, 0x4880, 0x4860, 0x4860, 0x4040, 0x4040, 0x3820, 0x3840, 0x3081, 0x3143, 0x2A65, 0x23E8,
  0x250A, 0x250A, 0x24E9, 0x24EA, 0x250A, 0x250A, 0x250A, 0x250A, 0x250A, 0x250A, 0x250A, 0x250A,
  0x250A, 0x250A, 0x250A, 0x250A, 0x250A, 0x250A, 0x250A, 0x250A, 0x250A, 0x250A, 0x250A, 0x250A,
  0x250A, 0x250A, 0x250A, 0x250A, 0x250A, 0x250A, 0x250A, 0x250A, 0x250A, 0x250A, 0x250A, 0x250A,
  0x250A, 0x250A, 0x250A, 0x250A, 0x250A, 0x250A, 0x250A, 0x250A, 0x250A, 0x24E9, 0x250A, 0x250A,
  0x2489, 0x2408, 0x23A7, 0x2B87, 0x23E8, 0x2428, 0x2469, 0x24A9, 0x250A, 0x250A, 0x250A, 0x250A,
  0x250A, 0x250A, 0x250A, 0x250A, 0x250A, 0x250A, 0x250A, 0x250A, 0x250A, 0x250A, 0x24A9, 0x2489,
  0x2448, 0x2428, 0x2BE8, 0x2BE7, 0x2BC7, 0x2BA7, 0x2B66, 0x2B46, 0x2B26, 0x2B06, 0x2B26, 0x2B46,
  0x2B26, 0x2326, 0x2B46, 0x2B67, 0x2387, 0x23A7, 0x23E8, 0x2449, 0x24A9, 0x250A, 0x250A, 0x250A,
  0x250A, 0x24E9, 0x250A, 0x250A, 0x250A, 0x250A, 0x250A, 0x250A, 0x250A, 0x250A, 0x250A, 0x250A,
  0x250A, 0x250A, 0x250A, 0x250A, 0x250A, 0x250A, 0x250A, 0x250A, 0x250A, 0x250A, 0x250A, 0x250A,
  0x250A, 0x250A, 0x250A, 0x250A, 0x250A, 0x250A, 0x250A, 0x250A, 0x250A, 0x250A, 0x250A, 0x250A,
  0x250A, 0x250A, 0x250A, 0x250A, 0x250A, 0x250A, 0x250A, 0x250A, 0x250A, 0x250A, 0x24E9, 0x2509,
  0x250A, 0x250A, 0x250A, 0x250A, 0x250A, 0x250A, 0x250A, 0x250A, 0x250A, 0x24E9, 0x24E9, 0x24E9,
  0x24E9, 0x24E9, 0x24E9, 0x24E9, 0x24E9, 0x24E9, 0x24E9, 0x24E9, 0x2509, 0x250A, 0x250A, 0x250A,
  0x250A, 0x250A, 0x250A, 0x250A, 0x250A, 0x250A, 0x250A, 0x250A, 0x250A, 0x250A, 0x250A, 0x250A,
  0x250A, 0x250A, 0x250A, 0x250A, 0x250A, 0x250A, 0x250A, 0x250A, 0x250A, 0x24EA, 0x24E9, 0x24E9,
  0x24EA, 0x250A, 0x250A, 0x250A, 0x250A, 0x250A, 0x250A, 0x250A, 0x250A, 0x250A, 0x250A, 0x250A,
  0x250A, 0x250A, 0x250A, 0x250A, 0x250A, 0x250A, 0x250A, 0x250A, 0x250A, 0x250A, 0x250A, 0x250A,
  0x250A, 0x250A, 0x250A, 0x250A, 0x250A, 0x250A, 0x250A, 0x250A, 0x250A, 0x250A, 0x250A, 0x250A,
  0x250A, 0x250A, 0x250A, 0x250A, 0x250A, 0x250A, 0x250A, 0x250A, 0x250A, 0x250A, 0x250A, 0x250A,
  0x24EA, 0x24E9, 0x24E9, 0x24E9, 0x24E9, 0x24E9, 0x24E9, 0x24EA, 0x250A, 0x250A, 0x250A, 0x250A,
  0x250A, 0x250A, 0x250A, 0x250A, 0x250A, 0x250A, 0x250A, 0x250A, 0x250A, 0x250A, 0x24EA, 0x24E9,
  0x24E9, 0x24E9, 0x24E9, 0x24E9, 0x24E9, 0x24E9, 0x24E9, 0x24E9, 0x24E9, 0x24E9, 0x24E9, 0x24E9,
  0x24E9, 0x24E9, 0x24E9, 0x24E9, 0x24E9, 0x24E9, 0x24E9, 0x24E9, 0x24EA, 0x250A, 0x250A, 0x250A,
  0x250A, 0x250A, 0x250A, 0x250A, 0x250A, 0x250A, 0x250A, 0x250A, 0x250A, 0x250A, 0x250A, 0x250A,
  0x250A, 0x250A, 0x250A, 0x250A, 0x250A, 0x250A, 0x250A, 0x250A, 0x250A, 0x250A, 0x250A, 0x250A,
  0x250A, 0x250A, 0x250A, 0x250A, 0x250A, 0x250A, 0x250A, 0x250A, 0x250A, 0x250A, 0x250A, 0x250A,
  0x250A, 0x250A, 0x250A, 0x24E9, 0x250A, 0x250A, 0x250A, 0x250A, 0x250A, 0x250A, 0x250A, 0x250A,
  0x250A, 0x250A, 0x250A, 0x250A, 0x250A, 0x250A, 0x250A, 0x250A, 0x250A, 0x250A, 0x250A, 0x250A,
  0x250A, 0x250A, 0x250A, 0x250A, 0x250A, 0x250A, 0x250A, 0x250A, 0x250A, 0x250A, 0x250A, 0x250A,
  0x250A, 0x250A, 0x250A, 0x250A, 0x250A, 0x250A, 0x250A, 0x250A, 0x250A, 0x250A, 0x250A, 0x250A,
  0x250A, 0x250A, 0x250A, 0x250A, 0x250A, 0x250A, 0x250A, 0x250A, 0x250A, 0x250A, 0x250A, 0x250A,
  0x250A, 0x250A, 0x250A, 0x250A, 0x250A, 0x250A, 0x250A, 0x250A, 0x250A, 0x250A, 0x250A, 0x250A,
  0x250A, 0x250A, 0x250A, 0x250A, 0x250A, 0x250A, 0x250A, 0x250A, 0x250A, 0x250A, 0x250A, 0x250A,
  0x250A, 0x250A, 0x250A, 0x250A, 0x250A, 0x250A, 0x250A, 0x250A, 0x250A, 0x250A, 0x250A, 0x250A,
  0x250A, 0x250A, 0x250A, 0x250A, 0x250A, 0x250A, 0x250A, 0x250A, 0x250A, 0x250A, 0x250A, 0x250A,
  0x250A, 0x250A, 0x250A, 0x250A, 0x250A, 0x250A, 0x250A, 0x250A, 0x250A, 0x250A, 0x250A, 0x250A,
  0x250A, 0x250A, 0x250A, 0x250A, 0x250A, 0x250A, 0x250A, 0x250A, 0x250A, 0x250A, 0x250A, 0x250A,
  0x250A, 0x250A, 0x250A, 0x250A, 0x250A, 0x250A, 0x250A, 0x250A, 0x250A, 0x250A, 0x250A, 0x250A,
  0x250A, 0x250A, 0x250A, 0x250A, 0x250A, 0x250A, 0x250A, 0x250A, 0x250A, 0x250A, 0x250A, 0x250A,
  0x250A, 0x250A, 0x250A, 0x250A, 0x250A, 0x250A, 0x250A, 0x250A, 0x250A, 0x250A, 0x250A, 0x250A,
  0x250A, 0x250A, 0x250A, 0x250A, 0x250A, 0x250A, 0x250A, 0x250A, 0x250A, 0x250A, 0x250A, 0x250A,
  0x250A, 0x250A, 0x250A, 0x250A, 0x250A, 0x250A, 0x250A, 0x250A, 0x250A, 0x250A, 0x250A, 0x250A,
  0x250A, 0x250A, 0x250A, 0x250A, 0x250A, 0x250A, 0x250A, 0x250A, 0x250A, 0x250A, 0x250A, 0x250A,
  0x250A, 0x250A, 0x250A, 0x250A, 0x250A, 0x250A, 0x250A, 0x250A, 0x250A, 0x250A, 0x250A, 0x250A,
  0x250A, 0x250A, 0x250A, 0x250A, 0x250A, 0x250A, 0x250A, 0x250A, 0x250A, 0x250A, 0x250A, 0x250A,
  0x250A, 0x250A, 0x250A, 0x250A, 0x250A, 0x250A, 0x250A, 0x250A, 0x250A, 0x250A, 0x250A, 0x250A,
  0x250A, 0x250A, 0x250A, 0x250A, 0x250A, 0x250A, 0x250A, 0x250A, 0x250A, 0x250A, 0x250A, 0x250A,
  0x250A, 0x250A, 0x250A, 0x250A, 0x250A, 0x250A, 0x250A, 0x250A, 0x250A, 0x250A, 0x250A, 0x250A,
  0x250A, 0x250A, 0x250A, 0x250A, 0x250A, 0x250A, 0x250A, 0x250A, 0x250A, 0x250A, 0x250A, 0x250A,
  0x250A, 0x250A, 0x250A, 0x250A, 0x250A, 0x250A, 0x250A, 0x250A, 0x250A, 0x250A, 0x250A, 0x250A,
  0x250A, 0x250A, 0x250A, 0x250A, 0x250A, 0x250A, 0x250A, 0x250A, 0x250A, 0x250A, 0x250A, 0x250A,
  0x250A, 0x250A, 0x250A, 0x250A, 0x250A, 0x250A, 0x250A, 0x250A, 0x250A, 0x250A, 0x250A, 0x250A,
  0x250A, 0x250A, 0x250A, 0x250A, 0x250A, 0x250A, 0x250A, 0x250A, 0x250A, 0x250A, 0x250A, 0x250A,
  0x250A, 0x250A, 0x250A, 0x250A, 0x250A, 0x250A, 0x250A, 0x250A, 0x250A, 0x250A, 0x250A, 0x250A,
  0x250A, 0x250A, 0x250A, 0x250A, 0x250A, 0x250A, 0x250A, 0x250A, 0x250A, 0x250A, 0x250A, 0x250A,
  0x250A, 0x250A, 0x250A, 0x250A, 0x250A, 0x250A, 0x250A, 0x250A, 0x250A, 0x250A, 0x250A, 0x250A,
};

